﻿Index,Timestamp,Formal section,Artist,Gender,Function,Delivery,Pitch min,Pitch Q1,Pitch median,Pitch Q3,Pitch max,Environment,Layering,Width
117,0,Refrain,D.R.A.M.,M,Main,S,169.906,249.069,313.749,355.719,408.607,E3,L1,W3
117,13.13027211,Verse,Lil Yachty,M,Feat,S,127.655,173.50325,175.2525,196.899,258.756,E2,L1,W3
117,78.97526077,Chorus,D.R.A.M.,M,Main,S,96.3603,232.9265,263.366,291.935,329.486,E3,L1,W3
117,105.2176644,Refrain,D.R.A.M.,M,Main,S,100.719,233.64775,306.9045,351.7125,416.891,E3,L1,W3
117,131.5227891,Verse,D.R.A.M.,M,Main,S,110.399,181.38,196.396,228.8265,310.459,E1,L1,W3
117,184.1212472,Chorus,D.R.A.M.,M,Main,S,122.206,237.53925,261.4785,289.814,329.303,E3,L1,W3
117,210.4788889,Outro,,,,,,,,,,,,