Index,Timestamp,Formal section,Artist,Gender,Function,Delivery,Pitch min,Pitch Q1,Pitch median,Pitch Q3,Pitch max,Environment,Layering,Width
201,0,Intro,,,,,,,,,,,,
201,13.8804375,Chorus,Miley Cyrus,W,Neither,R,105.268,111.1695,118.285,123.966,306.957,E2,L4,W5
201,27.5566875,Post-chorus,Juicy J,M,Neither,R,175.547,272.09,312.5735,324.87325,337.837,E1,L4,W5
201,41.30189583,Verse,Miley Cyrus,W,Neither,R,155.696,220.4835,251.0295,291.972,586.591,E2,L3,W4
201,68.71435417,Pre-chorus,Miley Cyrus,W,Neither,S,107.543,216.527,220.633,232.007,253.133,E1,L4,W5
201,82.44635417,Chorus,Miley Cyrus,W,Neither,R,105.565,113.649,117.992,124.326,183.932,E2,L4,W5
201,96.13083333,Post-chorus,Juicy J,M,Neither,R,172.186,184.19,190.16,208.7495,361.31,E1,L4,W5
201,109.8172083,Verse,Wiz Khalifa,M,Neither,R,101.075,200.3195,207.574,212.983,331.945,E1,L1,W3
201,137.2676667,Pre-chorus,Miley Cyrus,W,Neither,S,110.343,215.833,220.454,232.096,266.541,E1,L4,W5
201,151.0265417,Chorus,Miley Cyrus,W,Neither,R,103.435,112.287,117.726,124.07525,335.794,E2,L4,W5
201,164.7074375,Post-chorus,Juicy J,M,Neither,R,151.947,180.968,189.162,315.344,337.711,E1,L4,W5
201,178.4244375,Verse,Juicy J,M,Neither,R,148.487,184.233,190.117,196.365,337.699,E1,L3,W5
201,205.8625833,Pre-chorus,Miley Cyrus,W,Neither,S,108.252,216.31575,220.581,231.95025,266.129,E1,L4,W5
201,219.569375,Chorus,Miley Cyrus,W,Neither,R,105.424,112.271,118.09,123.54525,295.715,E2,L4,W5
201,233.2918125,Post-chorus,Juicy J,M,Neither,R,61.6049,208.36875,215.6205,303.55975,337.702,E1,L3,W5