﻿Index,Timestamp,Formal section,Artist,Gender,Function,Delivery,Pitch min,Pitch Q1,Pitch median,Pitch Q3,Pitch max,Environment,Layering,Width
110,0,Intro,,,,,,,,,,,,
110,9.203900227,Verse,Camila,W,Main,S,188.967,208.389,231.928,234.391,404.845,E4,L1,W4
110,27.49179138,Pre-chorus,Normani,W,Main,S,122.766,311.14,318.725,362.895,471.879,E4,L1,W4
110,45.79151927,Chorus,Lauren,W,Main,S,64.9851,206.475,207.521,208.232,264.268,E1,L4,W5
110,64.06029479,Refrain,Lauren,W,Main,S,65.5969,77.43205,210.2975,261.712,313.909,E1,L4,W5
110,73.18283447,Verse,Ally,W,Main,S,63.3605,207.99,231.326,234.87,462.089,E4,L2,W4
110,91.60736962,Pre-chorus,Dinah,W,Main,S,69.1959,308.945,333.539,388.244,636.711,E4,L1,W4
110,109.7663492,Chorus,Lauren,W,Main,S,65.067,206.242,207.296,207.99,272.047,E1,L4,W5
110,128.054195,Refrain,Lauren,W,Main,S,65.1029,103.8225,206.1155,208.26475,349.447,E1,L4,W5
110,137.2240136,Bridge,Ty Dolla $ign,M,Feat,S,115.208,189.412,205.354,208.344,494.147,E1,L2,W3
110,173.7712698,Chorus,Lauren & Camila,,,,,,,,,,,
110,192.1001587,Refrain,Lauren & Camila,,,,,,,,,,,
110,210.364263,Outro,,,,,,,,,,,,