﻿Index,Timestamp,Formal section,Artist,Gender,Function,Delivery,Pitch min,Pitch Q1,Pitch median,Pitch Q3,Pitch max,Environment,Layering,Width
66,0,Intro,Swae Lee & Juicy J,,,,,,,,,,,
66,22.07664399,Chorus,Swae Lee,M,Neither,S,174.17,224.574,245.5905,247.29175,293.146,E2,L1,W4
66,44.18873016,Verse,Swae Lee,M,Neither,S,144.969,290.5445,330.262,369.618,459.03,E2,L1,W4
66,88.27673469,Chorus,Swae Lee,M,Neither,S,178.168,223.823,245.567,247.25225,293.151,E2,L1,W4
66,110.3443084,Verse,Swae Lee,M,Neither,S,164.067,245.64325,290.4195,324.206,448.088,E2,L3,W4
66,154.4897506,Chorus,Swae Lee,M,Neither,S,183.207,226.434,245.7795,247.44125,376.82,E2,L1,W4
66,176.5835601,Verse,Slim Jxmmi,M,Neither,R,134.976,251.23,278.24,295.107,534.684,E2,L1,W4
66,220.6601361,Chorus,Swae Lee,M,Neither,S,159.39,225.043,245.715,247.38075,373.114,E2,L1,W3
66,242.7828571,Verse,Juicy J,M,Neither,R,124.579,185.366,193.1095,201.51575,555.019,E2,L2,W4
66,286.916576,Chorus,Swae Lee,M,Neither,S,122.692,223.201,245.521,247.26825,293.047,E2,L1,W4
66,308.9775737,Outro,Swae Lee,M,Neither,S,181.6,219.4485,237.5595,246.1835,252.638,E2,L1,W4