Index,Timestamp,Formal section,Artist,Gender,Function,Delivery,Pitch min,Pitch Q1,Pitch median,Pitch Q3,Pitch max,Environment,Layering,Width
47,0,Chorus,Halsey,W,Neither,S,187.4,248.94525,265.8155,295.76025,395.226,E4,L1,W4
47,23.30947917,Verse,G-Eazy,M,Neither,R,125.324,181.9515,191.265,203.09525,296.765,E1,L1,W1
47,66.93004167,Chorus,Halsey,W,Neither,S,175.631,248.56425,265.3895,295.8255,394.919,E4,L1,W4
47,88.80529167,Post-chorus,Halsey,W,Neither,S,156.275,246.177,260.34,440.8595,535.947,E4,L5,W5
47,111.9178958,Verse,G-Eazy,M,Neither,R,130.699,173.466,181.772,189.326,296.782,E1,L1,W1
47,154.1361875,Chorus,Halsey,W,Neither,S,187.729,248.952,265.417,295.773,395.59,E4,L1,W4
47,176.1048333,Post-chorus,Halsey,W,Neither,S,187.33,246.57725,260.796,441.97925,532.32,E4,L5,W5
47,197.8665208,Bridge,Both,,,,,,,,,,,
47,219.614625,Chorus,Halsey,W,Neither,S,191.745,249.0465,265.468,295.748,395.37,E4,L1,W4
47,241.5781042,Post-chorus,Halsey,W,Neither,S,185.168,246.367,258.459,440.379,530.592,E4,L5,W5
47,280.155271,,,,,,,,,,,,,