﻿Index,Timestamp,Formal section,Artist,Gender,Function,Delivery,Pitch min,Pitch Q1,Pitch median,Pitch Q3,Pitch max,Environment,Layering,Width
285,0,Intro,,,,,,,,,,,,
285,75.15519274,Verse,Rihanna,W,Main,S,255.787,367.6805,372.1345,457.75625,496.047,E3,L3,W5
285,90.25040816,Pre-chorus,Rihanna,W,Main,S,257.128,370.59425,422.539,471.7955,578.717,E3,L3,W5
285,105.203356,Chorus,Rihanna,W,Main,S,273.824,369.03875,418.7635,466.0585,496.319,E3,L3,W5
285,120.2553968,Other,,,,,,,,,,,,
285,135.249932,Other/Dance Chorus,,,,,,,,,,,,
285,150.1711791,Verse,Rihanna,W,Main,S,305.928,368.59925,375.7875,465.05375,496.97,E3,L3,W5
285,165.1571655,Pre-chorus,Rihanna,W,Main,S,258.218,371.63125,445.6665,471.451,574.277,E3,L3,W5
285,180.209093,Chorus,Rihanna,W,Main,S,176.661,367.96675,428.8185,466.3875,495.926,E3,L3,W5
285,195.1643764,Pre-Bridge,,,,,,,,,,,,
285,202.69839,Bridge,Rihanna,W,Main,S,262.247,367.27175,370.515,407.298,495.195,E3,L3,W5
285,217.7002041,Chorus,Rihanna,W,Main,S,296.852,369.322,417.083,466.082,496.713,E3,L3,W5
285,232.7020181,Other,,,,,,,,,,,,
285,247.7129705,Other/Dance Chorus,,,,,,,,,,,,
285,262.7105442,Chorus,Rihanna,W,Main,S,177.329,368.413,421.122,466.177,495.925,E3,L3,W5
285,277.6976871,Outro,,,,,,,,,,,,