﻿Index,Timestamp,Formal section,Artist,Gender,Function,Delivery,Pitch min,Pitch Q1,Pitch median,Pitch Q3,Pitch max,Environment,Layering,Width
271,0,Chorus,Adam Levine,M,Feat,S,178.141,275.328,291.005,330.425,443.83,E3,L3,W4
271,21.45378685,Other,Travie McCoy,M,Main,R,136.065,197.9065,267.453,291.857,357.881,E2,L1,W4
271,24.17113379,Verse,Travie McCoy,M,Main,R,149.415,182.05425,188.6975,195.8715,278.74,E3,L4,W5
271,45.50088435,Pre-chorus,Travie McCoy,M,Main,S,164.321,205.24875,218.7455,240.3865,296.044,E1,L4,W5
271,56.21825397,Chorus,Adam Levine,M,Feat,S,190.134,275.97075,293.046,332.18725,444.065,E1,L4,W5
271,77.52267574,Post-chorus,Adam Levine,M,Feat,S,200.799,219.939,278.606,328.848,373.576,E4,L4,W5
271,88.22863946,Other,Travie McCoy,M,Main,R,166.662,219.1,220.295,301.955,359.98,E3,L1,W4
271,89.53936508,Verse,Travie McCoy,M,Main,S,137.278,192.80625,203.612,215.0765,280.029,E3,L4,W5
271,112.1703175,Pre-chorus,Travie McCoy,M,Main,S,146.615,205.0655,218.881,238.901,297.175,E1,L4,W5
271,122.8389796,Chorus,Adam Levine,M,Feat,S,193.444,274.68775,292.4755,331.64925,444.122,E1,L4,W5
271,144.2173016,Post-chorus,Both,,,,,,,,,,,
271,154.8504762,Bridge,Both,,,,,,,,,,,
271,176.1871202,Chorus,Adam Levine,M,Feat,S,194.748,275.743,294.3965,341.3055,608.184,E1,L5,W5
271,197.5096825,Outro,Both,,,,,,,,,,,