﻿Index,Timestamp,Formal section,Artist,Gender,Function,Delivery,Pitch min,Pitch Q1,Pitch median,Pitch Q3,Pitch max,Environment,Layering,Width
293,0,Intro,,,,,,,,,,,,
293,14.420839,Verse,Kenny Chesney,M,Main,S,78.6321,183.415,206.482,262.8215,313.196,E1,L1,W1
293,42.67174603,Chorus,Both,,,,,,,,,,,
293,71.00272109,Link,,,,,,,,,,,,
293,77.98435374,Verse,Both,,,,,,,,,,,
293,106.1878231,Chorus,Both,,,,,,,,,,,
293,134.5248753,Bridge,Kenny Chesney,M,Main,S,80.4623,178.59075,186.3845,211.64375,371.108,E1,L1,W1
293,152.1070748,Other,,,,,,,,,,,,
293,166.2612472,Chorus,Both,,,,,,,,,,,
293,194.4944898,Outro,Both,,,,,,,,,,,