Index,Timestamp,Formal section,Artist,Gender,Function,Delivery,Pitch min,Pitch Q1,Pitch median,Pitch Q3,Pitch max,Environment,Layering,Width
211,0,Intro,,,,,,,,,,,,
211,17.12445833,Verse,Rihanna,W,Main,S,205.279,268.154,319.064,386.431,488.919,E2,L1,W4
211,51.47183333,Pre-chorus,Rihanna,W,Main,S,169.363,262.895,291.374,296.428,348.819,E3,L1,W4
211,68.57410417,Chorus,Rihanna,W,Main,S,178.04,261.5375,298.9,328.617,479.82,E1,L1,W4
211,94.28379167,Verse,Mikky Ekko,M,Feat,S,204.446,289.235,319.011,335.991,444.223,E1,L1,W2
211,111.4724375,Pre-chorus,Mikky Ekko,M,Feat,S,191.29,263.6575,291.167,298.403,339.66,E1,L1,W2
211,128.4638958,Chorus,Mikky Ekko,M,Feat,S,187.27,264.771,299.083,328.977,439.67,E1,L1,W2
211,154.2138958,Bridge,Both,,,,,,,,,,,
211,188.5455,Chorus,Both,,,,,,,,,,,
211,222.901875,Outro,Both,,,,,,,,,,,
211,247.519625,,,,,,,,,,,,,