﻿Index,Timestamp,Formal section,Artist,Gender,Function,Delivery,Pitch min,Pitch Q1,Pitch median,Pitch Q3,Pitch max,Environment,Layering,Width
5,0,Intro,,,,,,,,,,,,
5,5.017709751,Verse,Ed Sheeran,M,Neither,S,165.275,185.939,207.006,227.705,477.947,E2,L1,W3
5,23.76052154,Pre-chorus,Ed Sheeran,M,Neither,S,177.433,227.12,247.059,347.728,491.025,E2,L1,W3
5,42.54945578,Chorus,Ed Sheeran,M,Neither,S,75.3309,207.6655,235.044,280.66175,616.614,E1,L3,W5
5,80.21004535,Verse,Justin Bieber,M,Neither,S,135.174,185.0215,206.1465,230.1825,371.494,E2,L2,W4
5,99.01569161,Pre-chorus,Justin Bieber,M,Neither,S,90.78,209.348,276.2975,348.99325,468.817,E2,L1,W4
5,117.8456463,Chorus,Ed Sheeran,M,Neither,S,68.0382,184.8985,231.798,273.9795,611.146,E1,L3,W5
5,155.4668027,Bridge,Justin Bieber,M,Neither,S,136.984,187.914,225.6775,233.375,247.228,E1,L1,W2
5,164.8876871,Bridge,Ed Sheeran,M,Neither,S,88.3875,185.2935,213.501,234.72975,310.028,E1,L1,W2
5,174.2787075,Chorus,Both,,,,61.6187,183.848,232.965,280.896,501.532,,,
5,211.9312018,Outro,,,,,,,,,,,,