Index,Timestamp,Formal section,Artist,Gender,Function,Delivery,Pitch min,Pitch Q1,Pitch median,Pitch Q3,Pitch max,Environment,Layering,Width
105,0,Intro,Kyla,W,Feat,S,181.749,230.9535,276.3985,314.8215,396.702,E3,L2,W4
105,11.61675,Verse,Drake,M,Main,S,113.262,154.892,156.615,184.585,216.054,E1,L1,W2
105,30.06927083,Chorus,Drake,M,Main,S,134.844,153.00725,172.5555,174.941,235.827,E1,L1,W2
105,48.5044375,Post-chorus,Kyla,W,Feat,S,154.892,230.42375,275.662,319.06325,395.583,E3,L2,W4
105,57.73454167,Verse,Drake,M,Main,S,115.859,138.58,142.651,155.929,209.588,E1,L1,W2
105,76.19595833,Chorus,Drake,M,Main,S,130.379,153.382,172.027,174.894,248.804,E1,L1,W2
105,94.68052083,Bridge,Wizkid,M,Feat,S,231.344,260.373,262.5255,275.39675,311.413,E1,L1,W2
105,113.1270208,Bridge,Both,,,,,,,,,,,
105,150.0108333,Chorus,Drake,M,Main,S,131.404,154.9025,173.502,175.266,236.693,E1,L1,W2
105,175.0153125,,,,,,,,,,,,,