﻿Index,Timestamp,Formal section,Artist,Gender,Function,Delivery,Pitch min,Pitch Q1,Pitch median,Pitch Q3,Pitch max,Environment,Layering,Width
44,0,Intro,,,,,,,,,,,,
44,19.2072562,Chorus,Offset,M,Neither,R,130.539,221.2945,233.8365,254.129,262.696,E4,L1,W3
44,38.4037868,Verse,Offset,M,Neither,R,97.6453,138.154,153.302,157.84,414.809,E4,L1,W3
44,67.2349433,Chorus,Offset,M,Neither,R,88.6719,130.23,138.781,161.012,233.081,E4,L1,W3
44,86.3983673,Verse,Offset,M,Neither,R,101.791,138.738,154.166,162.559,480.412,E4,L1,W3
44,115.238254,Chorus,Offset,M,Neither,R,91.239,152.8125,177.8885,193.9575,467.683,E4,L1,W3
44,153.6262812,Outro,,,,,99.8899,138.3425,153.771,161.0555,469.532,,,