﻿Index,Timestamp,Formal section,Artist,Gender,Function,Delivery,Pitch min,Pitch Q1,Pitch median,Pitch Q3,Pitch max,Environment,Layering,Width
266,0,Intro,Enrique Iglesias,M,Main,S,179.049,262.01875,312.4005,350.27425,400.848,E1,L1,W1
266,15.55702948,Verse,Enrique Iglesias,M,Main,S,77.5859,235.897,261.843,292.898,420.806,E3,L2,W3
266,46.05988662,Pre-chorus,Enrique Iglesias,M,Main,S,114.778,259.9425,288.175,308.647,342.017,E2,L3,W5
266,61.3007483,Chorus,Enrique Iglesias,M,Main,S,64.1891,239.13125,269.933,307.32,660.354,E2,L5,W5
266,91.740839,Verse,Enrique Iglesias,M,Main,S,183.27,235.166,261.784,293.833,418.507,E3,L2,W3
266,107.002381,Pre-chorus,Enrique Iglesias,M,Main,S,114.778,259.267,292.814,309.244,322.966,E2,L3,W5
266,122.285034,Chorus,Enrique Iglesias,M,Main,S,64.733,235.08,263.52,297.514,430.067,E2,L5,W5
266,152.7264172,Verse,Ludacris,M,Feat,R,73.3545,192.25875,202.066,218.23525,399.531,E2,L1,W3
266,183.2127664,Chorus,Enrique Iglesias,M,Main,S,63.5251,251.5925,265.941,305.778,628.612,E2,L5,W5
266,213.6695692,Outro,Enrique Iglesias,M,Main,S,85.0055,263.973,308.0995,349.39925,419.617,E1,L3,W5