Index,Timestamp,Formal section,Artist,Gender,Function,Delivery,Pitch min,Pitch Q1,Pitch median,Pitch Q3,Pitch max,Environment,Layering,Width
277,0,Intro,Sabi,W,Feat,S,193.53,219.51275,232.3535,292.671,354.634,E1,L4,W5
277,14.61089583,Verse,Gabe Saporta,M,Main,S,141.52,259.491,290.915,298.6505,484.03,E3,L1,W4
277,43.82608333,Pre-chorus,Sabi,W,Feat,S,291.815,453.5855,464.634,466.825,573.951,E1,L3,W5
277,56.54064583,Chorus,Both,,,,,,,,,,,
277,72.90675,Verse,Gabe Saporta,M,Main,S,148.156,240.0595,286.5705,296.07175,473.314,E5,L1,W4
277,101.971125,Pre-chorus,Sabi,W,Feat,S,291.896,443.01225,464.142,466.579,689.479,E1,L3,W5
277,129.2251458,Chorus,Both,,,,,,,,,,,
277,160.123125,Bridge,Both,,,,,,,,,,,
277,178.4578333,Chorus,Both,,,,,,,,,,,