﻿Index,Timestamp,Formal section,Artist,Gender,Function,Delivery,Pitch min,Pitch Q1,Pitch median,Pitch Q3,Pitch max,Environment,Layering,Width
186,0,Intro,Both,,,,,,,,,,,
186,28.19965986,Hook,Jason Derulo,M,Main,R,61.7528,423.638,504.411,881.619,1072.06,E1,L4,W4
186,41.32750567,Verse,Jason Derulo,M,Main,S,161.657,218.941,241.835,267.467,350.001,E1,L2,W3
186,52.97968254,Pre-chorus,Jason Derulo,M,Main,S,62.3932,261.593,294.2485,329.57125,445.836,E1,L1,W1
186,66.129161,Hook,Jason Derulo,M,Main,R,61.7741,137.97,468.829,1027.37,1072.27,E1,L4,W5
186,79.20222222,Verse,Jason Derulo,M,Main,S,127.429,219.5755,259.693,292.2205,452.705,E1,L2,W3
186,90.91020408,Pre-chorus,Jason Derulo,M,Main,S,62.3927,262.0665,296.224,329.8195,689.809,E1,L3,W4
186,104.2609751,Hook,Both,,,,,,,,,,,
186,117.3459184,Verse,Snoop Dogg,M,Feat,R,62.0714,109.43275,119.1625,129.28175,211.881,E1,L2,W3
186,140.8436735,Bridge,Jason Derulo,M,Main,S,62.434,253.672,293.457,345.022,498.548,E1,L2,W4
186,165.6510658,Hook,Both,,,,,,,,,,,
186,178.799229,Outro,Both,,,,,,,,,,,