﻿Index,Timestamp,Formal section,Artist,Gender,Function,Delivery,Pitch min,Pitch Q1,Pitch median,Pitch Q3,Pitch max,Environment,Layering,Width
292,0,Intro,Lil Wayne,M,Main,R,68.0269,194.967,195.836,239.858,392.834,E5,L1,W4
292,28.59020408,Verse,Lil Wayne,M,Main,R,122.353,155.63775,161.3155,167.0535,207.162,E5,L1,W4
292,79.0954195,Chorus,Drake,M,Feat,S,113.582,132.186,146.2395,149.37875,179.396,E2,L1,W4
292,129.7427211,Link,,,,,,,,,,,,
292,135.9972789,Verse,Lil Wayne,M,Main,R,119.838,156.65575,166.0675,173.911,212.266,E5,L1,W4
292,186.4753515,Chorus,Drake,M,Feat,S,113.409,132.224,146.267,149.452,179.484,E2,L1,W4
292,237.0709751,Link,,,,,,,,,,,,
292,243.3455102,Chorus,Drake,M,Feat,S,63.7939,139.6965,147.201,155.251,1116.34,E2,L1,W4
292,293.9570975,Outro,,,,,,,,,,,,