Index,Timestamp,Formal section,Artist,Gender,Function,Delivery,Pitch min,Pitch Q1,Pitch median,Pitch Q3,Pitch max,Environment,Layering,Width
1,0,Intro,,,,,,,,,,,,
1,14.08648526,Chorus,Billy Ray Cyrus,M,Feat,S,101.49,208.103,244.404,275.737,321.414,E1,L1,W1
1,28.19623583,Verse,Lil Nas X,M,Main,S,100.66,126.295,138.074,141.702,176.679,E3,L1,W3
1,42.33664399,Refrain,Lil Nas X,M,Main,S,100.724,123.664,138.827,155.6515,244.409,E3,L4,W5
1,56.43920635,Verse,Lil Nas X,M,Main,S,89.3741,122.249,136.872,140.268,161.872,E3,L1,W3
1,70.62600907,Refrain,Lil Nas X,M,Main,S,68.78,123.4535,139.096,156.4225,318.426,E3,L4,W5
1,84.6560771,Chorus,Lil Nas X,M,Main,S,173.194,209.418,249.444,277.679,321.156,E3,L1,W4
1,98.82442177,Verse,Billy Ray Cyrus,M,Feat,S,103.164,206.015,243.261,276.293,526.548,E1,L2,W1
1,127.0297279,Chorus,Both,,,,,,,,,,,
1,141.1680726,Outro,,,,,,,,,,,,