Index,Timestamp,Formal section,Artist,Gender,Function,Delivery,Pitch min,Pitch Q1,Pitch median,Pitch Q3,Pitch max,Environment,Layering,Width
297,0,Intro,,,,,,,,,,,,
297,10.67114583,Chorus,Hayley Williams,W,Feat,S,121.468,224.16675,247.458,267.78275,373.133,E1,L3,W3
297,31.30460417,Verse,B.o.B,M,Main,R,179.525,242.4275,257.8495,270.4325,339.034,E1,L1,W1
297,72.52991667,Chorus,Hayley Wiliams,W,Feat,S,169.148,225.244,247.2675,273.8715,391.378,E1,L3,W3
297,93.17739583,Verse,B.o.B,M,Main,R,150.106,234.7285,253.979,274.3835,353.73,E1,L1,W1
297,134.478,Chorus,Hayley Williams,W,Feat,S,156.738,222.416,246.93,266.947,379.715,E1,L3,W3
,155.2035833,Outro,Both,,,,,,,,,,,