﻿Index,Timestamp,Formal section,Artist,Gender,Function,Delivery,Pitch min,Pitch Q1,Pitch median,Pitch Q3,Pitch max,Environment,Layering,Width
121,0,Intro,,,,,,,,,,,,
121,9.648911565,Verse,Justin Bieber,M,Feat,S,117.379,174.51975,200.831,259.63125,314.285,E4,L1,W4
121,29.02081633,Pre-chorus,Justin Bieber,M,Feat,S,169.178,261.04475,309.347,319.61475,398.064,E4,L1,W4
121,48.15326531,Chorus,Justin Bieber,M,Feat,S,155.402,293.5355,312.7175,393.065,523.26,E4,L3,W4
121,67.35619048,Dance Chorus,Justin Bieber,M,Feat,S,104.901,194.6235,309.8975,354.799,505.213,E4,L1,W4
121,86.58489796,Verse,Justin Bieber,M,Feat,S,113.845,261.7825,391.61,469.6365,660.642,E4,L2,W4
121,105.7902721,Pre-chorus,Justin Bieber,M,Feat,S,114.367,175.4385,262.818,311.612,397.998,E4,L2,W4
121,125.0607029,Chorus,Justin Bieber,M,Feat,S,154.911,293.6645,312.733,393.211,523.099,E4,L3,W4
121,144.1407256,Dance Chorus,Justin Bieber,M,Feat,S,115.377,308.336,341.928,391.011,430.827,E4,L1,W4
121,163.3582993,Bridge,Justin Bieber,M,Feat,S,194.157,349.3795,388.565,392.2205,631.628,E4,L1,W4
121,182.5665306,Chorus,Justin Bieber,M,Feat,S,197.521,292.457,311.506,391.897,420.336,E4,L3,W4