﻿Index,Timestamp,Formal section,Artist,Gender,Function,Delivery,Pitch min,Pitch Q1,Pitch median,Pitch Q3,Pitch max,Environment,Layering,Width
325,0,Refrain,Sean Foreman & Ke$ha,,,,,,,,,,,
325,14.54696145,Verse,Sean Foreman,M,Main,R,164.509,236.04025,263.707,275.63125,330.076,E1,L4,W5
325,28.51426304,Pre-chorus,Nathaniel Motte,M,Main,S,82.0618,189.23875,195.7445,196.75925,388.598,E1,L4,W5
325,42.30380952,Chorus,Sean Foreman & Nathaniel Motte,,,,,,,,,,,
325,70.23426304,Refrain,Ke$ha,W,Feat,R,213.751,250.51675,260.7635,279.3635,460.517,E1,L4,W5
325,73.6870068,Verse,Sean Foreman,M,Main,R,187.709,258.8175,275.7385,284.511,315.987,E1,L4,W5
325,87.62229025,Pre-chorus,Nathaniel Motte & Ke$ha,,,,,,,,,,,
325,101.4910658,Chorus,Sean Foreman & Nathaniel Motte,,,,,,,,,,,
325,129.3271655,Refrain,Sean Foreman & Ke$ha,,,,,,,,,,,
325,143.2627891,Bridge,Sean Foreman & Nathaniel Motte,,,,,,,,,,,
325,157.0388209,Chorus,Sean Foreman & Nathaniel Motte,,,,,,,,,,,
325,184.9521769,Outro,Sean Foreman & Nathaniel Motte,,,,,,,,,,,