﻿Index,Timestamp,Formal section,Artist,Gender,Function,Delivery,Pitch min,Pitch Q1,Pitch median,Pitch Q3,Pitch max,Environment,Layering,Width
308,0,Intro,Trey Songz,M,Main,R,132.509,168.1055,187.9845,232.07375,331.225,E3,L1,W3
308,10.59650794,Chorus,Trey Songz,M,Main,S,81.9553,242.06,246.5485,247.40975,281.201,E3,L2,W4
308,31.37197279,Verse,Trey Songz,M,Main,S,122.841,242.8665,246.1685,247.655,336.144,E2,L2,W2
308,51.89244898,Pre-chorus,Trey Songz,M,Main,S,161.162,207.3985,210.095,246.5125,280.921,E1,L2,W2
308,62.17301587,Chorus,Trey Songz,M,Main,S,82.0561,244.52275,246.629,247.465,280.775,E3,L2,W4
308,82.8277551,Verse,Trey Songz,M,Main,S,140.832,208.613,245.2745,247.37275,284.535,E3,L3,W5
308,103.5491837,Pre-chorus,Trey Songz,M,Main,S,164.109,207.0925,208.8595,246.46525,283.231,E2,L2,W4
308,113.7809297,Chorus,Trey Songz,M,Main,S,152.673,244.015,246.556,247.38,281.548,E3,L2,W4
308,134.4251247,Verse,Fabolous,M,Feat,R,135.229,204.226,209.825,221.3115,282.254,E3,L2,W4
308,165.4278231,Chorus,Both,,,,,,,,,,,