Index,Timestamp,Formal section,Artist,Gender,Function,Delivery,Pitch min,Pitch Q1,Pitch median,Pitch Q3,Pitch max,Environment,Layering,Width
278,0,Intro,,,,,,,,,,,,
278,9.760083333,Verse,Nicki Minaj,W,Main,R,144.516,239.937,261.199,280.755,357.794,E1,L1,W1
278,78.5801875,Chorus,Nicki Minaj,W,Main,S,122.697,244.9535,246.8985,250.69875,375.448,E4,L1,W4
278,117.78275,Verse,Drake,M,Feat,R,93.2771,158.664,165.546,177.514,519.259,E1,L1,W1
278,176.5848958,Chorus,Nicki Minaj,W,Main,S,163.238,245.166,246.94,250.417,374.803,E4,L1,W4
278,215.7929375,Bridge,Nicki Minaj,W,Main,S,137.243,246.52375,270.2825,311.36575,375.588,E5,L1,W4
278,235.34075,Chorus,Nicki Minaj,W,Main,S,150.402,243.664,246.508,248.771,373.439,E4,L1,W4