Index,Timestamp,Formal section,Artist,Gender,Function,Delivery,Pitch min,Pitch Q1,Pitch median,Pitch Q3,Pitch max,Environment,Layering,Width
197,0,Intro,Both,,,,,,,,,,,
197,19.88408333,Verse,Lady Gaga,W,Main,S,174.71,330.41775,369.1505,416.3705,581.368,E3,L1,W4
197,39.6146875,Pre-chorus,Lady Gaga,W,Main,S,176.179,287.1085,370.744,417.5995,662.278,E1,L3,W5
197,59.2968125,Chorus,Lady Gaga,W,Main,S,245.736,328.672,369.147,415.007,577.769,E1,L2,W5
197,79.003375,Verse,R. Kelly,M,Feat,S,108.663,243.781,251.468,278.759,505.368,E2,L1,W4
197,108.5036667,Pre-chorus,R. Kelly,M,Feat,S,207.11,270.53875,325.731,366.1055,574.851,E1,L3,W5
197,128.163375,Chorus,Lady Gaga,W,Main,S,246.143,367.308,422.554,448.8915,674.546,E1,L5,W5
197,147.9536667,Bridge,Lady Gaga,W,Main,S,175.54,307.339,362.0545,437.248,732.181,E1,L3,W4
197,172.4765833,Chorus,Lady Gaga,W,Main,S,122.948,331.854,375.774,444.632,674.67,E1,L5,W5
197,192.2148542,Outro,Lady Gaga,W,Main,S,235.366,330.843,483.005,523.917,667.306,E1,L5,W4