﻿Index,Timestamp,Formal section,Artist,Gender,Function,Delivery,Pitch min,Pitch Q1,Pitch median,Pitch Q3,Pitch max,Environment,Layering,Width
96,0,Intro,,,,,,,,,,,,
96,27.54798186,Verse,Gucci Mane,M,Main,R,115.6,219.91025,234.841,245.353,324.412,E1,L1,W1
96,68.69170068,Chorus,Drake,M,Feat,S,107.333,118.72,130.3535,146.2395,251.314,E1,L1,W2
96,96.10331066,Verse,Drake,M,Feat,R,130.729,168.224,172.324,176.488,290.288,E1,L1,W2
96,137.3006122,Chorus,Drake,M,Feat,S,110.682,118.9925,130.3285,145.886,198.677,E1,L1,W2
96,164.6845578,Outro,,,,,,,,,,,,