Index,Timestamp,Formal section,Artist,Gender,Function,Delivery,Pitch min,Pitch Q1,Pitch median,Pitch Q3,Pitch max,Environment,Layering,Width
265,0,Intro,Both,,,,,,,,,,,
265,26.43195833,Verse,Pitbull,M,Feat,R,61.7661,230.016,251.324,267.077,311.307,E1,L3,W5
265,44.828375,Verse,Jennifer Lopez,W,Main,S,194.199,308.2655,311.288,314.107,722.54,E5,L3,W5
265,81.800875,Chorus,Jennifer Lopez,W,Main,S,202.077,234.686,310.781,350.0995,477.066,E5,L2,W4
265,115.135625,Verse,Jennifer Lopez,W,Main,S,195.645,308.15375,311.1785,314.29725,625.233,E5,L3,W5
265,151.9885417,Chorus,Jennifer Lopez,W,Main,S,197.219,275.98475,311.799,351.2685,477.854,E5,L2,W4
265,200.0221875,Verse,Pitbull,M,Feat,R,146.038,225.868,248.376,260.645,367.022,E1,L3,W4
265,218.4442917,Chorus,Jennifer Lopez,W,Main,S,152.139,278.3755,311.725,350.531,685.648,E5,L3,W4