﻿Index,Timestamp,Formal section,Artist,Gender,Function,Delivery,Pitch min,Pitch Q1,Pitch median,Pitch Q3,Pitch max,Environment,Layering,Width
165,0,Intro,,,,,,,,,,,,
165,26.57038549,Verse,Macklemore,M,Main,R,,,,,,E1,L1,W1
165,44.09160998,Verse,"Grandmaster Caz, Kool Moe Dee & Melle Mel",,,,,,,,,,,
165,66.25469388,Verse,Macklemore,M,Main,R,65.4507,144.415,184.686,231.1215,562.167,E1,L1,W1
165,103.2577098,Pre-chorus,Eric Nally,M,Feat,S,131.407,305.2135,342.508,415.375,592.777,E2,L1,W4
165,129.3386621,Pre-chorus 2,Eric Nally,M,Feat,S,137.382,275.17275,285.6485,665.237,1058.82,E4,L5,W5
165,138.0914966,Chorus,Eric Nally,M,Feat,S,68.3633,227.0425,279.029,353.797,619.07,E1,L2,W2
165,157.8773243,Verse,"Grandmaster Caz, Kool Moe Dee & Melle Mel",,,,,,,,,,,
165,175.4223583,Verse,Macklemore,M,Main,R,93.8476,126.713,145.109,164.012,565.894,E1,L1,W1
165,227.837551,Pre-chorus,Eric Nally,M,Feat,S,136.261,307.5135,345.1785,537.0645,872.276,E2,L1,W2
165,254.1165306,Pre-chorus 2,Eric Nally,M,Feat,S,133.912,209.5735,276.341,350.1595,527.979,E4,L5,W5
165,271.6022676,Chorus,All,,,,,,,,,,,