﻿Index,Timestamp,Formal section,Artist,Gender,Function,Delivery,Pitch min,Pitch Q1,Pitch median,Pitch Q3,Pitch max,Environment,Layering,Width
330,0,Intro,Sean Kingston,M,Neither,S,167.286,239.252,254.573,267.2835,334.906,E3,L1,W3
330,8.241791383,Verse,Sean Kingston,M,Neither,S,70.0334,210.12475,266.2215,279.5295,494.659,E3,L1,W3
330,24.12870748,Pre-chorus,Sean Kingston,M,Neither,S,156.332,267.356,327.873,354.171,448.519,E3,L5,W5
330,39.93485261,Chorus,Sean Kingston,M,Neither,S,244.028,321.205,352.399,354.05775,378.525,E1,L4,W5
330,55.77657596,Refrain,Sean Kingston,M,Neither,S,208.082,278.85525,280.227,312.93625,375.499,E1,L4,W5
330,71.57857143,Verse,Justin Bieber,M,Neither,S,117.153,266.129,279.214,280.7375,421.726,E2,L1,W3
330,87.48573696,Pre-chorus,Justin Bieber,M,Neither,S,219.471,281.883,350.839,416.7015,546.366,E1,L5,W5
330,103.2805442,Chorus,Justin Bieber,M,Neither,S,103.776,313.105,350.7865,353.40425,402.004,E1,L5,W5
330,119.1322449,Refrain,Justin Bieber,M,Neither,S,69.5498,139.86625,180.7385,350.8925,438.495,E1,L5,W5
330,134.9620862,Bridge,Both,,,,,,,,,,,
330,150.8269841,Refrain,Sean Kingston,M,Neither,S,62.0226,277.0455,280.061,285.05675,422.1,E5,L1,W3
330,166.6819728,Chorus,Both,,,,,,,,,,,
330,182.4836735,Refrain,Both,,,,,,,,,,,