Index,Timestamp,Formal section,Artist,Gender,Function,Delivery,Pitch min,Pitch Q1,Pitch median,Pitch Q3,Pitch max,Environment,Layering,Width
74,0,Intro,DJ Khaled,M,Neither,R,113.26,316.759,361.394,380.758,429.59,E2,L1,W3
74,9.914229167,Verse,Rihanna,W,Neither,S,128.106,175.264,193.924,206.089,317.285,E2,L1,W2
74,29.52035417,Chorus,Rihanna,W,Neither,S,128.043,232.01225,250.655,312.73675,396.024,E4,L2,W4
74,44.15597917,Post-chorus,,,,,,,,,,,,
74,53.94872917,Verse,Rihanna,W,Neither,S,146.354,187.77175,205.1945,233.75325,316.956,E4,L1,W4
74,73.522375,Chorus,Rihanna,W,Neither,S,188.328,233.632,258.073,312.888,395.958,E4,L3,W4
74,88.25597917,Post-chorus,,,,,,,,,,,,
74,97.986125,Verse,Bryson Tiller,M,Neither,R,113.57,189.551,196.357,212.078,553.779,E3,L1,W3
74,151.955125,Chorus,Rihanna,W,Neither,S,192.957,234.36975,259.118,315.1975,395.659,E4,L3,W4
74,166.6466042,Outro,All,,,,,,,,,,,
74,204.1764375,,,,,,,,,,,,,