﻿Index,Timestamp,Formal section,Artist,Gender,Function,Delivery,Pitch min,Pitch Q1,Pitch median,Pitch Q3,Pitch max,Environment,Layering,Width
157,0,Intro,,,,,,,,,,,,
157,5.089183673,Verse,AlunaGeorge,W,Neither,S,190.985,228.0805,242.626,311.2965,404.578,E4,L2,W4
157,24.84310658,Pre-chorus,AlunaGeorge,W,Neither,S,108.906,243.3865,305.533,364.17925,492.718,E1,L3,W4
157,44.45623583,Chorus,AlunaGeorge,W,Neither,S,251.064,316.153,349.636,371.022,476.069,E1,L3,W4
157,64.00380952,Other,,,,,,,,,,,,
157,83.60891157,Verse,AlunaGeorge,W,Neither,S,192.213,230.995,285.057,349.21525,527.002,E4,L2,W4
157,103.1306349,Pre-chorus,AlunaGeorge,W,Neither,S,116.432,242.006,306.077,365.629,496.321,E1,L3,W4
157,122.7646485,Chorus,AlunaGeorge,W,Neither,S,246.154,318.681,350.7275,375.93,490.787,E1,L3,W4
157,142.3868481,Other,,,,,,,,,,,,
157,161.9157823,Bridge,,,,,,,,,,,,
157,181.5546259,Other,,,,,,,,,,,,
157,220.6770522,Outro,,,,,,,,,,,,