Index,Timestamp,Formal section,Artist,Gender,Function,Delivery,Pitch min,Pitch Q1,Pitch median,Pitch Q3,Pitch max,Environment,Layering,Width
43,0,Intro,,,,,,,,,,,,
43,6.910997732,Chorus,Quavo,M,Main,S,127.102,166.05,196.7515,219.98025,233.589,E1,L1,W1
43,34.87031746,Verse,Quavo,M,Main,R,129.555,146.41625,147.379,174.67675,242.172,E4,L3,W2
43,76.54780045,Verse,Offset,M,Main,R,105.335,153.01625,173.212,192.1695,336.746,E1,L1,W1
43,104.4296372,Verse,Cardi B,W,Feat,R,188.302,274.0725,300.529,316.843,895.336,E2,L2,W3
43,146.2039229,Chorus,Quavo,M,Main,S,185.941,214.60525,895.665,925.39775,951.092,E1,L1,W2
43,160.0304308,Verse,Nicki Minaj,W,Feat,R,126.395,196.74525,213.4205,226.07425,429.055,E2,L2,W3
43,229.6207483,Verse,Takeoff,M,Main,R,123.322,222.236,238.011,248.693,347.732,E1,L1,W1
43,257.5006122,Chorus,Quavo,M,Main,S,127.52,175.9785,219.166,224.181,403.443,E1,L1,W2
43,285.3049206,Outro,Quavo,M,Main,R,130.674,194.65075,196.098,219.705,224.244,E1,L1,W2
43,303.113288,,,,,,,,,,,,,