Index,Timestamp,Formal section,Artist,Gender,Function,Delivery,Pitch min,Pitch Q1,Pitch median,Pitch Q3,Pitch max,Environment,Layering,Width
279,0,Chorus,Skylar Grey,W,Feat,S,222.578,389.822,433.194,449.879,494.27,E5,L1,W3
279,30.6365,Verse,Eminem,M,Feat,R,190.048,285.8275,303.5975,337.93575,446.069,E1,L3,W2
279,79.9433125,Chorus,Skylar Grey,W,Feat,S,232.855,307.24575,313.682,384.20975,465.349,E1,L5,W5
279,104.4300625,Verse,Eminem,M,Feat,R,190.308,288.535,325.756,368.90475,494.292,E1,L3,W2
279,153.5806667,Chorus,Skylar Grey,W,Feat,S,145.183,301.6805,314.597,390.24275,468.581,E1,L5,W5
279,202.8436458,Verse,Dr. Dre,M,Main,R,127.439,172.11225,184.056,202.3915,302.618,E1,L1,W1
279,252.0832917,Chorus,Skylar Grey,W,Feat,S,259.594,303.4935,343.764,393.735,478.15,E1,L5,W5