﻿Index,Timestamp,Formal section,Artist,Gender,Function,Delivery,Pitch min,Pitch Q1,Pitch median,Pitch Q3,Pitch max,Environment,Layering,Width
148,0,Pre-chorus,Ne-Yo,M,Neither,S,102.922,181.486,206.987,208.913,395.646,E3,L4,W5
148,16.60344671,Chorus,Ne-Yo,M,Neither,S,197.987,256.584,310.928,411.177,425.924,E2,L1,W3
148,32.06555556,Verse,Pitbull,M,Neither,R,64.0043,230.079,257.932,275.961,587.301,E1,L4,W5
148,63.08857143,Pre-chorus,Ne-Yo,M,Neither,S,69.105,130.51475,206.441,208.214,797.367,E3,L4,W5
148,78.528322,Chorus,Ne-Yo,M,Neither,S,189.605,236.837,303.955,412.114,426.036,E2,L1,W3
148,94.00249433,Verse,Pitbull,M,Neither,R,107.677,233.9915,263.181,275.81475,345.716,E1,L4,W5
148,124.9712245,Pre-chorus,Ne-Yo,M,Neither,S,76.8909,131.8,206.5215,208.4445,393.918,E3,L4,W5
148,140.4663946,Chorus,Ne-Yo,M,Neither,S,165.454,226.9235,262.952,412.101,425.962,E2,L1,W3
148,155.9353288,Bridge,Ne-Yo,M,Neither,S,100.506,206.709,218.845,233.736,346.256,E3,L2,W4
148,186.9097052,Link,Pitbull,M,Neither,Spoken,102.312,166.4835,203.5505,230.93875,307.527,E1,L1,W1
148,194.6305215,Pre-chorus,Ne-Yo,M,Neither,S,102.118,196.233,207.272,209.961,360.586,E3,L4,W5
148,210.1714059,Chorus,Ne-Yo,M,Neither,S,188.604,220.953,262.578,409.696,425.738,E2,L1,W3