Index,Timestamp,Formal section,Artist,Gender,Function,Delivery,Pitch min,Pitch Q1,Pitch median,Pitch Q3,Pitch max,Environment,Layering,Width
224,0,Intro,Nicki Minaj,W,Feat,R,191.837,273.6085,289.194,291.2855,332.316,E3,L1,W3
224,15.6808125,Verse,Justin Bieber,M,Main,S,213.514,258.0825,261.003,262.65,337.239,E3,L1,W3
224,30.6063125,Pre-chorus,Justin Bieber,M,Main,S,250.094,288.22875,294.1425,327.59425,362.311,E1,L3,W4
224,45.61858333,Chorus,Justin Bieber,M,Main,S,222.305,294.077,331.135,385.532,404.853,E3,L3,W4
224,77.47910417,Post-chorus,,,,,,,,,,,,
224,90.59264583,Verse,Justin Bieber,M,Main,S,220.303,259.046,261.658,286.2875,349.438,E3,L1,W3
224,105.5811458,Pre-chorus,Justin Bieber,M,Main,S,226.168,289.628,294.1795,328.496,399.765,E1,L3,W4
224,120.5787292,Chorus,Justin Bieber,M,Main,S,223.286,293.0155,330.764,386.026,405.431,E3,L3,W4
224,150.6125208,Bridge,Nicki Minaj,W,Feat,R,158.908,262.67575,284.6385,318.76575,447.295,E1,L2,W3
224,180.6916458,Chorus,Justin Bieber,M,Main,S,161.189,293.48075,330.1405,364.55625,523.114,E1,L5,W4
224,210.6634583,Outro,,,,,,,,,,,,