﻿Index,Timestamp,Formal section,Artist,Gender,Function,Delivery,Pitch min,Pitch Q1,Pitch median,Pitch Q3,Pitch max,Environment,Layering,Width
89,0,Chorus,Adam Levine,M,Main,S,197.425,268.92725,296.016,306.0585,562.721,E4,L1,W4
89,23.80634921,Verse,Adam Levine,M,Main,S,180.541,221.76125,263.614,295.32675,471.146,E4,L1,W4
89,42.94712018,Pre-chorus,Adam Levine,M,Main,S,141.943,207.442,220.669,223.734,266.777,E4,L2,W4
89,52.54473923,Chorus,Adam Levine,M,Main,S,198.525,274.31825,295.889,302.2245,564.17,E4,L4,W5
89,71.77018141,Post-chorus,Adam Levine,M,Main,S,185.395,264.68575,294.993,297.54775,396.839,E4,L3,W4
89,81.3459864,Verse,Adam Levine,M,Main,S,174.752,222.867,263.2475,295.722,465.707,E4,L1,W4
89,100.5767347,Pre-chorus,Adam Levine,M,Main,S,188.497,216.189,222.05,225.3035,266.859,E4,L2,W4
89,110.094195,Chorus,Adam Levine,M,Main,S,205.289,270.551,295.803,305.3545,649.369,E4,L4,W5
89,129.3559637,Post-chorus,Both,,,,,,,,,,,
89,148.5077098,Verse,Future,M,Feat,S,114.246,161.317,241.08,315.433,646.678,E2,L1,W4
89,186.9985714,Chorus,Adam Levine,M,Main,S,73.0185,263.95325,295.684,330.2235,639.283,E4,L4,W5
89,206.1297052,Post-chorus,Both,,,,,,,,,,,