﻿Index,Timestamp,Formal section,Artist,Gender,Function,Delivery,Pitch min,Pitch Q1,Pitch median,Pitch Q3,Pitch max,Environment,Layering,Width
268,0,Intro,Chris Brown,M,Main,Spoken,108.965,155.982,202.235,294.36525,425.356,E3,L1,W3
268,13.04555556,Verse,Chris Brown,M,Main,R,88.2045,160.849,193.407,220.256,1093.22,E3,L1,W3
268,39.45809524,Chorus,Chris Brown,M,Main,R,82.3319,147.398,163.202,167.247,238.814,E2,L4,W5
268,52.53818594,Verse,Chris Brown,M,Main,R,98.7568,175.474,185.778,193.70075,248.925,E1,L1,W1
268,66.31099773,Link,Busta Rhymes,M,Feat,Spoken,103.164,131.9995,145.8945,178.838,372.572,E3,L1,W3
268,74.79136054,Verse,Busta Rhymes,M,Feat,R,78.2783,157.6665,178.229,212.667,609.11,E1,L1,W1
268,127.463288,Chorus,Chris Brown,M,Main,R,121.857,152.346,163.895,168.259,229.858,E2,L4,W5
268,140.5193424,Verse,Lil Wayne,M,Feat,R,127.183,185.845,204.87,239.884,1419.75,E2,L1,W3
268,193.1573469,Chorus,Chris Brown,M,Main,R,120.805,154.392,164.621,173.623,389.67,E2,L4,W5
268,206.249229,Outro,Chris Brown,M,Main,R,132.421,171.075,239.165,314.161,626.64,E3,L1,W3