﻿Index,Timestamp,Formal section,Artist,Gender,Function,Delivery,Pitch min,Pitch Q1,Pitch median,Pitch Q3,Pitch max,Environment,Layering,Width
212,0,Intro,,,,,,,,,,,,
212,33.20328798,Verse,Pharrell Williams,M,Feat,S,126.063,182.5195,194.699,211.1,259.53,E2,L1,W3
212,49.71272109,Pre-chorus,Pharrell Williams,M,Feat,S,96.2612,266.888,365.244,394.737,585.486,E2,L5,W5
212,66.32,Chorus,Pharrell Williams,M,Feat,S,199.821,248.693,271.236,296.618,338.551,E3,L4,W5
212,91.13099773,Post-chorus,,,,,,,,,,,,
212,99.41015873,Verse,Pharrell Williams,M,Feat,S,130.191,180.198,187.433,210.643,263.686,E2,L1,
212,115.8897732,Pre-chorus,Pharrell Williams,M,Feat,S,96.6789,266.849,361.859,397.557,584.875,E2,L5,W5
212,132.5118821,Chorus,Pharrell Williams,M,Feat,S,205.312,248.65225,270.078,295.2535,338.602,E3,L4,W5
212,157.3031519,Chorus,Pharrell Williams,M,Feat,S,200.018,248.325,268.455,294.828,346.602,E3,L4,W5
212,182.1533107,Chorus,Pharrell Williams,M,Feat,S,161.261,248.014,267.13,295.408,338.64,E3,L4,W5
212,206.9156009,Bridge,Daft Punk,,,,,,,,,,,
212,248.3177324,Pre-chorus,Pharrell Williams,M,Feat,S,80.4343,221.6525,303.859,372.9385,526.025,E2,L5,W5
212,264.8545125,Chorus,Pharrell Williams,M,Feat,S,193.678,246.358,251.456,273.7445,337.872,E3,L4,W5
212,297.815941,Outro,Pharrell Williams,M,Feat,S,,,,,,E3,L4,W5