﻿Index,Timestamp,Formal section,Artist,Gender,Function,Delivery,Pitch min,Pitch Q1,Pitch median,Pitch Q3,Pitch max,Environment,Layering,Width
182,0,Intro,Lil Wayne & Chris Brown,,,,,,,,,,,
182,10.0075737,Verse,Lil Wayne,M,Feat,R,155.762,195.37775,211.7375,222.07775,336.616,E3,L1,W3
182,39.0461678,Chorus,Chris Brown,M,Main,S,61.7359,174.5105,184.3015,231.26025,339.169,E3,L5,W5
182,58.42460318,Refrain,Chris Brown,M,Main,S,116.385,175.9435,184.262,185.1995,234.273,E3,L1,W3
182,68.10188209,Verse,Chris Brown,M,Main,S,68.8641,178.034,184.781,185.479,249.815,E3,L1,W3
182,87.53884354,Chorus,Chris Brown,M,Main,S,61.7442,138.415,183.2945,208.673,288.106,E3,L5,W5
182,106.9005669,Verse,Chris Brown,M,Main,S,106.14,185.3405,207.335,235.335,374.201,E3,L2,W3
182,126.3024036,Refrain,Chris Brown,M,Main,S,87.4656,180.364,185.01,197.5635,318.902,E3,L2,W3
182,136.0511565,Chorus,Chris Brown,M,Main,S,62.7987,155.9295,188.9645,233.87525,558.636,E2,L5,W5
182,155.3753288,Verse,Tyga,M,Feat,R,101.347,176.5505,182.54,185.7885,506.21,E2,L1,W4
182,184.5010204,Bridge,Chris Brown,M,Main,S,69.0172,203.4,209.943,233.515,315.429,E3,L5,W5
182,203.8370748,Chorus,Chris Brown,M,Main,S,61.7406,102.66975,188.193,245.492,505.309,E3,L5,W5
182,242.6675283,Outro,Chris Brown,M,Main,S,68.142,207.1635,232.341,277.22,837.066,E3,L2,