﻿Index,Timestamp,Formal section,Artist,Gender,Function,Delivery,Pitch min,Pitch Q1,Pitch median,Pitch Q3,Pitch max,Environment,Layering,Width
164,0,Intro,,,,,,,,,,,,
164,13.62786848,Chorus,ILoveMakonnen,M,Main,S,167.338,266.103,297.668,327.611,392.146,E5,L1,W4
164,41.1585034,Verse,Drake,M,Feat,S,97.2908,258.9885,293.501,329.11975,455.08,E3,L1,W4
164,123.4271429,Chorus,ILoveMakonnen,M,Main,S,162.595,262.2125,293.54,323.198,397.139,E5,L1,W4
164,150.8451247,Verse,ILoveMakonnen,M,Main,S,163.173,265.7695,295.1165,319.7345,463.522,E5,L1,W4
164,219.4980952,Chorus,ILoveMakonnen,M,Main,S,168.672,259.969,291.57,322.6395,397.019,E5,L1,W4
164,246.8847166,Bridge,ILoveMakonnen,M,Main,S,139.56,252.737,289.849,335.262,448.047,E5,L1,W4
164,274.2548753,Chorus,ILoveMakonnen,M,Main,S,105.625,260.224,292.111,320.516,612.024,E5,L1,W4