﻿Index,Timestamp,Formal section,Artist,Gender,Function,Delivery,Pitch min,Pitch Q1,Pitch median,Pitch Q3,Pitch max,Environment,Layering,Width
12,0,Intro,Drake,M,Main,R,82.0768,100.34225,148.3655,165.69075,187.505,E1,L1,W1
12,19.10145125,Verse,Drake,M,Main,R,118.944,159.09375,168.175,174.4285,224.788,E1,L1,W1
12,47.6738322,Chorus,Drake,M,Main,R,101.867,146.642,154.806,159.693,192.89,E1,L1,W1
12,67.39718821,Verse,Drake,M,Main,R,107.485,150.1225,156.936,166.0105,203.19,E1,L1,W1
12,85.98170068,Verse,Rick Ross,M,Feat,R,119.715,166.04925,175.505,185.66925,241.342,E2,L1,W3
12,143.1909297,Chorus,Drake,M,Main,R,103.476,147.142,155.205,160.272,243.457,E1,L1,W1
12,162.465941,Outro,,,,,,,,,,,,