Index,Timestamp,Formal section,Artist,Gender,Function,Delivery,Pitch min,Pitch Q1,Pitch median,Pitch Q3,Pitch max,Environment,Layering,Width
106,0,Intro,,,,,,,,,,,,
106,10.85072917,Chorus,Rihanna,W,Main,S,190.305,248.76625,275.8745,307.70425,375.741,E4,L1,W3
106,26.51575,Verse,Rihanna,W,Main,S,175.471,248.3935,277.723,311.1145,422.281,E4,L1,W3
106,68.25704167,Chorus,Rihanna,W,Main,S,190.305,248.76625,275.8745,307.70425,375.741,E4,L1,W3
106,86.60335417,Verse,Rihanna,W,Main,S,185.649,275.965,312.539,364.162,428.487,E4,L1,W3
106,115.33375,Chorus,Rihanna,W,Main,S,139.09,248.381,275.635,307.7215,378.764,E4,L3,W4
106,130.8279167,Verse,Drake,M,Feat,S,112.436,138.1425,154.161,165.1085,215.822,E1,L1,W1
106,183.0089375,Chorus,Both,,,,,,,,,,,W4
106,198.6523333,Outro,Rihanna,W,Main,S,183.473,246.83175,274.295,277.2565,312.609,E4,L2,W3
106,216.1378542,,,,,,,,,,,,,