﻿Index,Timestamp,Formal section,Artist,Gender,Function,Delivery,Pitch min,Pitch Q1,Pitch median,Pitch Q3,Pitch max,Environment,Layering,Width
227,0,Dance Intro,,,,,,,,,,,,
227,30.52954649,Other,,,,,,,,,,,,
227,60.96501134,Re-introduction,,,,,,,,,,,,
227,76.18281179,Verse,Lana Del Rey,W,Neither,S,136.142,195.57775,237.869,274.61375,383.463,E4,L1,W5
227,91.38938776,Pre-chorus,Lana Del Rey,W,Neither,S,244.772,277.56,308.456,323.816,395.911,E4,L1,W5
227,106.6613832,Chorus,Lana Del Rey,W,Neither,S,136.388,181.67625,203.5275,269.24975,283.286,E4,L1,W5
227,121.8955329,Hook,Lana Del Rey,W,Neither,S,249.628,278.8685,314.2345,327.83775,379.745,E4,L3,W5
227,137.1896145,Other,Lana Del Rey,W,Neither,S,270.995,279.1325,308.15,315.47975,370.669,E4,L3,W5
227,152.4185261,Dance Chorus,Lana Del Rey,W,Neither,S,264.237,275.6105,320.242,330.69775,378.678,E4,L3,W5
227,167.6412018,Dance Chorus,Lana Del Rey,W,Neither,S,170.437,273.656,276.7675,326.44725,378.785,E4,L3,W5
227,182.9071882,Hook,Lana Del Rey,W,Neither,S,258.893,276.7265,323.3835,330.45,378.137,E4,L3,W5
227,198.1486168,Re-introduction/transition,,,,,,,,,,,,
227,213.3868707,Verse,Lana Del Rey,W,Neither,S,130.613,185.08075,204.1275,246.26375,335.437,E4,L1,W5
227,228.4999093,Pre-chorus,Lana Del Rey,W,Neither,S,156.841,276.545,306.7435,323.247,372.137,E4,L1,W5
227,243.8577098,Chorus,Lana Del Rey,W,Neither,S,69.1171,180.28,202.012,254.564,285.461,E4,L1,W5
227,259.0961451,Hook,Lana Del Rey,W,Neither,S,253.816,278.778,313.271,328.401,380.376,E4,L3,W5
227,274.3322676,Other,Lana Del Rey,W,Neither,S,271.82,278.6235,307.049,312.378,370.636,E4,L3,W5
227,289.5631293,Dance Chorus,Lana Del Rey,W,Neither,S,266.895,275.345,320.4445,330.5395,378.422,E4,L3,W5
227,304.7913379,Dance Chorus,Lana Del Rey,W,Neither,S,172.162,273.83325,276.2605,325.6345,416.698,E4,L3,W5
227,320.0543991,Hook,Lana Del Rey,W,Neither,S,260.572,275.988,323.226,330.3375,416.698,E4,L3,W5
227,335.2910204,Hook,Lana Del Rey,W,Neither,S,260.69,279.68375,324.446,331.24675,415.102,E4,L3,W5
227,350.4502948,Outro,,,,,,,,,,,,