﻿Index,Timestamp,Formal section,Artist,Gender,Function,Delivery,Pitch min,Pitch Q1,Pitch median,Pitch Q3,Pitch max,Environment,Layering,Width
69,0,Intro,Offset,M,Main,R,107.641,149.6445,165.897,185.5335,209.501,E5,L1,W4
69,15.18755102,Chorus,Offset,M,Main,R,111.566,142.561,172.267,202.979,343.135,E4,L1,W4
69,45.48739229,Verse,Offset,M,Main,R,94.2041,149.81,162.201,184.699,591.978,E4,L1,W4
69,105.9399773,Chorus,Offset,M,Main,R,111.464,142.19725,173.9615,205.671,382.202,E4,L1,W4
69,136.1935147,Verse,Quavo,M,Main,R,63.2982,148.014,162.3,214.069,373.312,E4,L1,W4
69,196.5855556,Chorus,Offset,M,Main,R,111.474,142.554,171.381,201.4215,343.125,E4,L1,W4
69,226.899161,Verse,Lil Uzi Vert,NB,Feat,R,64.5523,177.2665,199.654,223.092,361.532,E4,L1,W4
69,287.3601587,Chorus,Offset,M,Main,R,116.106,142.2215,174.1915,204.11075,351.48,E4,L1,W4
69,317.625873,Outro,,,,,,,,,,,,