Index,Timestamp,Formal section,Artist,Gender,Function,Delivery,Pitch min,Pitch Q1,Pitch median,Pitch Q3,Pitch max,Environment,Layering,Width
86,0,Intro,Both,,,,,,,,,,,
86,12.90872917,Chorus,Yo Gotti,M,Main,R,130.413,167.912,177.635,187.101,223.569,E3,L1,W3
86,38.48058333,Verse,Yo Gotti,M,Main,R,105.423,167.8305,182.7165,204.53,283.851,E3,L1,W3
86,76.93372917,Chorus,Yo Gotti,M,Main,R,119.426,168.07325,177.4435,187.58825,255.859,E3,L1,W3
86,102.51,Verse,Nicki Minaj,W,Feat,R,112.029,187.899,208.14,227.452,334.562,E4,L2,W3
86,153.7097083,Chorus,Yo Gotti,M,Main,R,130.361,167.99,177.424,186.947,237.359,E3,L1,W3
86,179.2795833,Verse,Yo Gotti,M,Main,R,122.492,183.01375,208.391,227.54,351.787,E3,L1,W3
86,230.5332083,Chorus,Yo Gotti,M,Main,R,143.255,168.902,177.9765,186.71225,220.979,E2,L1,W3
86,256.1251667,Outro,,,,,,,,,,,,
86,275.5345,,,,,,,,,,,,,