﻿Index,Timestamp,Formal section,Artist,Gender,Function,Delivery,Pitch min,Pitch Q1,Pitch median,Pitch Q3,Pitch max,Environment,Layering,Width
111,0,Chorus,Rihanna,W,Feat,S,184.985,199.049,220.7855,295.18175,421.073,E3,L1,W4
111,15.48904762,Post-chorus,Rihanna,W,Feat,S,193.822,219.9155,261.944,292.4345,549.496,E2,L1,W4
111,30.97770975,Chorus,Rihanna,W,Feat,S,375.761,391.2335,437.3025,486.15,664.604,E4,L2,W4
111,46.44154195,Other,Rihanna,W,Feat,S,190.338,259.167,313.14,523.402,665.015,E2,L1,W4
111,77.52385488,Verse,Rihanna,W,Feat,S,108.151,196.938,219.869,289.278,553.957,E3,L2,W4
111,108.4079138,Chorus,Rihanna,W,Feat,S,258.893,392.2995,438.734,490.109,662.533,E4,L2,W4
111,123.8649206,Other,Rihanna,W,Feat,S,193.441,259.7955,308.572,523.358,665.48,E2,L1,W4
111,154.8160544,Bridge,Rihanna,W,Feat,S,184.788,200.131,220.875,256.717,331.04,E3,L1,W4
111,170.2606122,Chorus,Rihanna,W,Feat,S,273.798,392.507,439.2305,492.84,663.576,E4,L2,W4
111,185.8154195,Other,Rihanna,W,Feat,S,193.83,260.355,328.312,523.1335,660.484,E2,L1,W4