Index,Timestamp,Formal section,Artist,Gender,Function,Delivery,Pitch min,Pitch Q1,Pitch median,Pitch Q3,Pitch max,Environment,Layering,Width
259,0,Intro,,,,,,,,,,,,
259,7.9520625,Chorus,Lily Allen,W,Feat,S,173.917,228.949,256.34,261.95,337.717,E1,L1,W1
259,30.905875,Verse,T-Pain,M,Main,S,149.384,219.796,232.956,261.5125,350.034,E2,L2,W3
259,65.152375,Pre-chorus,T-Pain,M,Main,S,182.491,219.81925,233.0415,261.51375,350.117,E2,L2,W3
259,76.6549375,Chorus,Both,,,,,,,,,,,
259,122.3325625,Verse,T-Pain,M,Main,S,167.978,219.9455,236.243,261.865,440.454,E2,L2,W3
259,156.517,Pre-chorus,T-Pain,M,Main,S,194.387,233.936,261.562,349.362,612.362,E2,L2,W3
259,167.9564375,Chorus,Both,,,,,,,,,,,
259,213.727625,Verse,Wiz Khalifa,M,Feat,R,131.281,195.416,212.294,223.1465,271.267,E3,L1,W3
259,259.4368125,Chorus,Both,,,,,,,,,,,