﻿Index,Timestamp,Formal section,Artist,Gender,Function,Delivery,Pitch min,Pitch Q1,Pitch median,Pitch Q3,Pitch max,Environment,Layering,Width
50,0,Intro,Chris Brown,M,Feat,S,156.036,232.2015,261.6665,311.39675,394.499,E3,L1,W4
50,9.812222222,Verse,Chris Brown,M,Feat,S,128.456,232.337,261.957,313.041,469.131,E3,L1,W4
50,48.22097506,Chorus,Chris Brown,M,Feat,S,102.49,208.17875,253.7445,277.369,417.934,E2,L4,W5
50,77.05718821,Verse,Lil Dicky,M,Main,R,123.683,228.30575,256.9955,277.337,583.111,E4,L1,W4
50,105.8909977,Chorus,Chris Brown,M,Feat,S,102.385,207.227,232.814,261.911,352.381,E2,L5,W5
50,134.6161905,Verse,Both,,,,,,,,,,,
50,163.3777098,Chorus,Chris Brown,M,Feat,S,92.2189,207.62725,233.65,276.8465,616.747,E2,L5,W5
50,182.5102041,Outro,"Both (with Ed Sheeran, DJ Khaled, Kendall Jenner)",,,,,,,,,,,