﻿Index,Timestamp,Formal section,Artist,Gender,Function,Delivery,Pitch min,Pitch Q1,Pitch median,Pitch Q3,Pitch max,Environment,Layering,Width
232,0,Intro,,,,,,,,,,,,
232,31.88580499,Verse,Blake Shelton,M,Main,S,71.9595,125.3955,165.569,206.981,340.696,E1,L1,W1
232,54.48045352,Chorus,Blake Shelton,M,Main,S,62.133,159.328,220.476,259.1,398.531,E1,L3,W5
232,77.08637188,Link,Blake Shelton,M,Main,S,72.5091,96.60175,104.709,122.6265,151.414,E1,L1,W1
232,88.33782313,Verse,Blake Shelton,M,Main,S,87.6445,157.4345,199.514,253.032,426.725,E1,L2,W3
232,110.9980726,Chorus,Blake Shelton,M,Main,S,64.8008,168.12575,221.8155,259.60175,398.085,E1,L3,W5
232,133.5604308,Refrain,Pistol Annies,M,Main,S,61.9216,109.819,110.139,110.653,356.687,E1,L5,W5
232,144.8412245,Bridge,Both,,,,,,,,,,,
232,178.7161678,Chorus,Blake Shelton,M,Main,S,87.083,173.09125,221.3555,260.49825,470.524,E1,L3,W5
232,201.3166667,Refrain,Both,,,,,,,,,,,
232,212.5963039,Refrain,Both,,,,,,,,,,,
232,223.9051701,Refrain,Both,,,,,,,,,,,
232,257.7869161,Refrain,Both,,,,,,,,,,,