Index,Timestamp,Formal section,Artist,Gender,Function,Delivery,Pitch min,Pitch Q1,Pitch median,Pitch Q3,Pitch max,Environment,Layering,Width
122,0,Chorus,Charlie Puth,M,Main,S,259.328,322.54425,369.2435,411.97025,559.291,E1,L1,W1
122,21.05191667,Verse,Charlie Puth,M,Main,S,205.14,332.31375,369.3735,376.31425,495.38,E3,L1,W3
122,40.27725,Pre-chorus,Charlie Puth,M,Main,S,185.19,269.175,313.883,366.5335,444.216,E2,L2,W3
122,59.4319375,Chorus,Charlie Puth,M,Main,S,264.02,318.09075,368.5125,412.26875,563.973,E1,L3,W3
122,78.6439375,Verse,Selena Gomez,W,Feat,S,240.372,335.7515,370.0395,389.3895,559.482,E4,L3,W3
122,97.8446875,Pre-chorus,Selena Gomez,W,Feat,S,185.984,275.7785,324.62,363.698,556.307,E3,L2,W3
122,117.0447083,Chorus,Both,,,,,,,,,,,
122,136.2778958,Bridge,,,,,,,,,,,,
122,155.4711042,Pre-chorus,Both,,,,,,,,,,,
122,174.724,Chorus,Both,,,,,,,,,,,
122,193.8732917,Outro,Both,,,,,,,,,,,