Index,Timestamp,Formal section,Artist,Gender,Function,Delivery,Pitch min,Pitch Q1,Pitch median,Pitch Q3,Pitch max,Environment,Layering,Width
92,0,Intro,,,,,,,,,,,,
92,5.099625,Verse,Katy Perry,W,Main,S,238.668,297.5105,329.419,335.47425,564.795,E3,L1,W4
92,45.588625,Pre-chorus,Katy Perry,W,Main,S,211.357,255.3545,326.855,332.6935,440.469,E4,L3,W4
92,55.62702083,Chorus,Katy Perry,W,Main,S,290.999,364.021,400.582,439.98,524.284,E2,L3,W5
92,98.617625,Verse,Katy Perry,W,Main,S,236.907,296.196,328.928,335.30425,533.83,E3,L1,W4
92,118.8677083,Pre-chorus,Katy Perry,W,Main,S,220.748,277.479,327.712,332.29,398.847,E4,L3,W4
92,128.8817292,Chorus,Katy Perry,W,Main,S,176.88,355.361,412.2545,440.25075,594.881,E2,L3,W5
92,170.616875,Bridge,Skip Marley,M,Feat,S,187.159,218.02975,222.8965,322.81325,441.19,E4,L2,W3
92,192.0034792,Chorus,Katy Perry,W,Main,S,242.614,351.39775,432.3385,446.49075,595.725,E2,L5,W5
92,212.3104792,Outro,Katy Perry,W,Main,S,201.853,270.416,294.3325,327.36825,511.174,E4,L5,W5