Index,Timestamp,Formal section,Artist,Gender,Function,Delivery,Pitch min,Pitch Q1,Pitch median,Pitch Q3,Pitch max,Environment,Layering,Width
79,0,Intro,,,,,,,,,,,,
79,19.198375,Pre-chorus,Logic,M,Main,S,147.783,231.98625,233.6915,258.4775,692.879,E2,L1,W4
79,38.42654167,Chorus,Logic,M,Main,S,170.047,224.284,233.503,261.1015,314.391,E1,L1,W2
79,57.65022917,Verse,Logic,M,Main,R,169.549,211.662,232.337,236.16325,274.053,E1,L1,W2
79,76.79560417,Pre-chorus,Logic,M,Main,S,150.173,214.75675,233.2145,253.20525,692.93,E2,L1,W4
79,96.0103125,Chorus,Both,,,,,,,,,,,
79,115.2680625,Verse,Alessia Cara,W,Feat,S,195.506,235.9475,259.871,314.5295,417.265,E3,L2,W4
79,134.5288958,Verse,Logic,M,Main,S,190.616,231.466,233.331,236.3745,316.996,E1,L1,W2
79,153.7162292,Pre-chorus,Logic,M,Main,S,151.672,231.4725,233.8075,258.14225,692.747,E2,L1,W4
79,172.8729792,Chorus,Both,,,,,,,,,,,
79,194.4582917,Outro,,,,,,,,,,,,