Index,Timestamp,Formal section,Artist,Gender,Function,Delivery,Pitch min,Pitch Q1,Pitch median,Pitch Q3,Pitch max,Environment,Layering,Width
41,0,Intro,,,,,,,,,,,,
41,10.97972917,Chorus,A$AP Rocky,M,Feat,R,141.598,191.245,205.645,213.875,240.569,E2,L1,W4
41,32.77045833,Post-chorus,G-Eazy,M,Main,R,136.842,166.2375,181.42,192.646,236.928,E2,L1,W3
41,43.72575,Verse,G-Eazy,M,Main,R,129.618,167.60975,189.272,200.84175,226.653,E2,L1,W3
41,76.42658333,Chorus,A$AP Rocky,M,Feat,R,123.835,189.8345,205.083,214.772,308.348,E2,L1,W4
41,98.2611875,Post-chorus,Cardi B,W,Feat,R,187.764,243.3735,268.957,301.038,354.599,E2,L1,W3
41,109.1870417,Verse,Cardi B,W,Feat,R,133.305,268.72975,306.7885,340.53,457.298,E1,L2,W4
41,141.8966667,Chorus,A$AP Rocky,M,Feat,R,141.253,189.915,205.124,213.821,240.631,E1,L1,W3
41,163.685,Post-chorus,G-Eazy,M,Main,R,151.99,167.054,181.689,193.274,236.833,E2,L1,W3
41,174.6297083,Chorus,A$AP Rocky,M,Feat,R,141.463,190.822,203.909,215.209,241.981,E2,L1,W4
41,196.4237292,Post-chorus,G-Eazy,M,Main,R,148.384,166.99975,181.774,193.9555,236.95,E2,L1,W3