Index,Timestamp,Formal section,Artist,Gender,Function,Delivery,Pitch min,Pitch Q1,Pitch median,Pitch Q3,Pitch max,Environment,Layering,Width
99,0,Intro,,,,,,,,,,,,
99,9.461270833,Verse,Demi Lovato,W,Feat,S,385.662,464.3055,510.803,523.0525,598.087,E3,L2,W4
99,26.54864583,Pre-chorus,Demi Lovato,W,Feat,S,206.572,293.462,311.157,351.9765,501.763,E1,L3,W5
99,43.56527083,Chorus,Trevor Dahl,M,Main,S,192.919,229.401,233.297,260.111,467.005,E3,L2,W4
99,60.53260417,Post-chorus,,,,,,,,,,,,
99,77.48139583,Verse,Demi Lovato,W,Feat,S,230.786,464.874,516.714,524.255,593.897,E3,L2,W4
99,94.469375,Pre-chorus,Demi Lovato,W,Feat,S,208.894,293.6305,311.169,350.5925,506.619,E1,L3,W5
99,111.4487292,Chorus,Both,,,,,,,,,,,
99,128.5114583,Post-chorus,,,,,,,,,,,,
99,145.4680833,Bridge,Both,,,,,,,,,,,
99,162.3980625,Chorus,Both,,,,,,,,,,,
99,179.5090208,Post-chorus,,,,,,,,,,,,
99,213.4708333,Outro,,,,,,,,,,,,
99,224.5318542,,,,,,,,,,,,,