Index,Timestamp,Formal section,Artist,Gender,Function,Delivery,Pitch min,Pitch Q1,Pitch median,Pitch Q3,Pitch max,Environment,Layering,Width
119,0,Verse,Olivia O'Brien,W,Feat,S,180.106,227.314,247.932,271.15,334.925,E4,L1,W4
119,23.59222917,Chorus,Olivia O'Brien,W,Feat,S,102.408,246.349,260.707,287.626,336.946,E4,L1,W4
119,46.80816667,Verse,Gnash,M,Main,S,96.4597,123.202,135.038,138.559,283.877,E1,L1,W1
119,130.4918542,Chorus,Both,,,,,,,,,,,
119,153.896375,Bridge,Both,,,,,,,,,,,
119,198.2288125,Chorus,Olivia O'Brien,W,Feat,S,178.933,246.297,261.814,286.46025,337.138,E4,L1,W4