﻿Index,Timestamp,Formal section,Artist,Gender,Function,Delivery,Pitch min,Pitch Q1,Pitch median,Pitch Q3,Pitch max,Environment,Layering,Width
306,0,Pre-chorus,Bruno Mars,M,Feat,S,146.627,208.326,244.856,275.627,381.952,E2,L1,W3
306,22.41804989,Chorus,Bruno Mars,M,Feat,S,150.001,282.94525,345.721,372.5955,495.493,E2,L1,W4
306,47.19888889,Verse,Travie McCoy,M,Main,R,153.118,207.31225,217.47,226.906,340.168,E1,L3,W3
306,80.37267574,Chorus,Both,,,,,,,,,,,
306,102.5650113,Post-chorus,Both,,,,,,,,,,,
306,113.4620181,Verse,Travie McCoy,M,Main,R,141.776,208.486,219.2555,231.87375,427.97,E!,L3,W4
306,146.6333787,Pre-chorus,Both,,,,,,,,,,,
306,168.5727891,Chorus,Both,,,,,,,,,,,
306,190.7760317,Post-chorus,Both,,,,,,,,,,,
306,201.7203628,Outro,Bruno Mars,M,Feat,S,191.607,214.794,274.157,279.168,369.854,E2,L1,W4