﻿Index,Timestamp,Formal section,Artist,Gender,Function,Delivery,Pitch min,Pitch Q1,Pitch median,Pitch Q3,Pitch max,Environment,Layering,Width
322,0,Intro,,,,,,,,,,,,
322,26.52378685,Verse,Chris Brown,M,Main,S,65.206,174.40525,231.0565,243.64575,417.456,E3,L2,W4
322,78.43913832,Chorus,Chris Brown,M,Main,S,77.2029,176.224,211.522,233.602,275.084,E1,L5,W5
322,104.5104989,Verse,Tyga,M,Feat,R,103.048,132.23425,142.085,152.96075,193.7,E3,L2,W4
322,156.3441497,Chorus,Chris Brown,M,Main,S,64.4088,87.7483,193.21,232.5065,360.196,E1,L5,W5
322,182.26,Verse,Kevin McCall,M,Feat,R,107.76,165.9725,177.893,191.69575,266.967,E3,L1,W4
322,234.1912018,Chorus,Chris Brown,M,Main,S,103.228,204.764,232.12,259.994,391.458,E1,L5,W5
322,260.0588889,Outro,,,,,,,,,,,,