﻿Index,Timestamp,Formal section,Artist,Gender,Function,Delivery,Pitch min,Pitch Q1,Pitch median,Pitch Q3,Pitch max,Environment,Layering,Width
13,0,Intro,Cardi B,W,Neither,R,168.833,205.9375,235.438,254.264,292.915,E1,L4,W5
13,3.766235828,Chorus,Both,,,,,,,,,,,
13,32.45736962,Verse,Cardi B,W,Neither,R,168.362,248.067,284.934,311.816,469.423,E2,L2,W4
13,61.24231293,Pre-chorus,Both,,,,,,,,,,,
13,75.41462585,Chorus,Both,,,,,,,,,,,
13,104.0874603,Verse,Cardi B,W,Neither,R,169.955,261.862,296.049,332.668,663.107,E2,L2,W4
13,118.4264172,Pre-chorus,Both,,,,,,,,,,,
13,132.8019728,Chorus,Both,,,,,,,,,,,
13,147.0586621,Bridge,Both,,,,,,,,,,,
13,168.6849433,Chorus,Both,,,,,,,,,,,