﻿Index,Timestamp,Formal section,Artist,Gender,Function,Delivery,Pitch min,Pitch Q1,Pitch median,Pitch Q3,Pitch max,Environment,Layering,Width
189,0,Intro,Both,,,,,,,,,,,
189,9.913015873,Pre-chorus,Chris Brown,M,Feat,S,141.325,164.65475,218.969,244.46825,298.577,E2,L2,W4
189,19.70863946,Chorus,Chris Brown,M,Feat,S,72.6633,98.25215,218.828,240.611,392.802,E2,L5,W5
189,39.35315193,Verse,Kid Ink,M,Main,S,165.124,210.367,219.2375,221.88775,265.646,E3,L2,W4
189,68.68809524,Chorus,Chris Brown,M,Feat,S,61.7491,97.896125,191.655,232.1045,398.563,E2,L5,W5
189,88.29609977,Post-chorus,Both,,,,,,,,,,,
189,98.10947846,Verse,Kid Ink,M,Main,S,108.823,216.4515,219.503,221.5865,263.953,E3,L1,W4
189,127.408322,Pre-chorus,Chris Brown,M,Feat,S,139.759,165.31475,218.1245,244.82325,437.268,E2,L2,W4
189,137.1807256,Chorus,Chris Brown,M,Feat,S,62.1264,109.316,220.0525,246.7125,390.053,E2,L5,W5
189,156.8369841,Post-chorus,Both,,,,,,,,,,,
189,166.6347619,Verse,Chris Brown,M,Feat,S,72.0756,195.62025,218.151,245.17,431.985,E2,L5,W5
189,186.2575057,Pre-chorus,Chris Brown,M,Feat,S,72.0348,108.8185,198.022,244.4845,298.268,E2,L5,W5
189,195.980907,Chorus,Chris Brown,M,Feat,S,61.7452,98.3823,196.052,221.305,819.722,E2,L5,W5