﻿Index,Timestamp,Formal section,Artist,Gender,Function,Delivery,Pitch min,Pitch Q1,Pitch median,Pitch Q3,Pitch max,Environment,Layering,Width
61,0,Intro,Bastille,M,Neither,S,142.192,178.2595,195.912,218.617,299.649,E4,L1,W3
61,9.794943311,Verse,Bastille,M,Neither,S,122.722,171.031,175.469,195.0055,264.708,E4,L1,W3
61,28.9893424,Chorus,Bastille,M,Neither,S,126.078,174.567,219.479,288.972,348.524,E4,L5,W5
61,48.12315193,Post-chorus,Bastille,M,Neither,S,128.596,175.395,196.4665,221.99125,712.727,E2,L4,W5
61,67.3507483,Verse,Bastille,M,Neither,S,126.805,169.9715,175.358,195.84775,265.236,E2,L2,W3
61,86.60453515,Chorus,Bastille,M,Neither,S,125.862,174.47975,219.3075,282.66275,350.639,E4,L5,W5
61,105.809093,Post-chorus,Bastille,M,Neither,S,156.559,176.878,197.205,262.217,361.607,E4,L4,W5
61,124.9728798,Bridge,Bastille,M,Neither,S,126.859,329.5085,362.482,405.9125,703.061,E4,L1,W3
61,144.2517687,Pre-chorus,Bastille,M,Neither,S,139.264,178.9185,196.146,219.9245,299.619,E1,L3,W5
61,163.3718367,Chorus,Bastille,M,Neither,S,65.0847,173.872,247.162,294.218,400.776,E4,L5,W5
61,182.5781859,Post-chorus,Bastille,M,Neither,S,64.9215,174.1,185.956,221.004,354.653,E4,L4,W5
61,201.8213832,Outro,Bastille,M,Neither,S,64.7679,88.47455,117.829,174.025,701.38,E4,L5,W5