﻿Index,Timestamp,Formal section,Artist,Gender,Function,Delivery,Pitch min,Pitch Q1,Pitch median,Pitch Q3,Pitch max,Environment,Layering,Width
37,0,Intro,Both,,,,,,,,,,,
37,13.64848073,Chorus,Drake,M,Feat,R,131.475,157.243,163.823,170.779,262.963,E1,L1,W1
37,41.07367347,Verse,Drake,M,Feat,R,110.523,151.958,167.134,174.217,400.397,E1,L1,W1
37,68.56609977,Chorus,Drake,M,Feat,R,131.22,157.723,164.525,171.397,520.196,E1,L1,W1
37,95.96564626,Verse,BlocBoy JB,M,Main,R,113.982,204.868,220.05,244.7355,362.795,E4,L1,W3
37,137.1288209,Chorus,Drake,M,Feat,R,131.589,157.38325,164.0335,171.19125,263.792,E1,L1,W1
37,164.5922222,Outro,,,,,,,,,,,,