﻿Index,Timestamp,Formal section,Artist,Gender,Function,Delivery,Pitch min,Pitch Q1,Pitch median,Pitch Q3,Pitch max,Environment,Layering,Width
135,0,Intro,,,,,,,,,,,,
135,5.042789116,Chorus,Dinah,W,Main,S,,,,,,E3,L1,W3
135,15.2362585,Verse,Fetty Wap,M,Feat,S,222.267,315.41,349.1575,391.90825,491.863,E3,L1,W3
135,35.43088435,Verse,Ally,W,Main,S,213.107,345.699,388.3845,413.16675,477.689,E3,L1,W3
135,55.59095238,Pre-chorus,Lauren,W,Main,S,189.845,232.954,301.757,388.808,418.217,E2,L1,W3
135,65.69433107,Chorus,Dinah,W,Main,S,77.4579,130.483,156.146,312.868,404.678,E3,L4,W5
135,75.84761905,Chorus,Normani,W,Main,S,76.9884,154.70625,261.9845,310.37775,353.35,E3,L4,W5
135,85.9737415,Verse,Camila,W,Main,S,150.167,323.23875,386.084,414.19475,577.075,E3,L1,W3
135,106.1048526,Pre-chorus,Lauren,W,Main,S,189.54,232.98875,308.54,389.39575,428.817,E3,L1,W3
135,116.1856463,Chorus,Dinah,W,Main,S,127.222,154.7295,195.3755,311.2745,424.154,E3,L4,W5
135,126.360839,Chorus,Normani,W,Main,S,77.4305,156.92275,301.8525,311.8195,356.129,E3,L4,W5
135,136.4606803,Verse,Fetty Wap,M,Feat,S,247.9,316.6365,349.081,386.266,873.626,E3,L1,W3
135,156.6955782,Pre-chorus,Lauren,W,Main,S,64.7296,233.118,309.324,386.4675,873.626,E3,L1,W3
135,166.7575964,Chorus,Dinah,W,Main,S,64.7053,155.194,194.6465,351.86525,467.646,E3,L5,W5
135,176.8872789,Chorus,Normani,W,Main,S,63.6144,103.669,155.886,242.02,407.752,E3,L5,W5
135,186.9793651,Outro,"Fetty Wap, Dinah, & Normani",,,,,,,,,,,