﻿Index,Timestamp,Formal section,Artist,Gender,Function,Delivery,Pitch min,Pitch Q1,Pitch median,Pitch Q3,Pitch max,Environment,Layering,Width
114,0,Intro,,,,,,,,,,,,
114,9.782403628,Verse,ROZES,W,Feat,S,227.895,280.1665,333.05,398.2,519.884,E4,L1,W4
114,48.19671202,Refrain,Both,,,,,,,,,,,
114,67.39342404,Pre-chorus,ROZES,W,Feat,S,163.196,328.2055,329.675,408.1165,519.679,E4,L4,W5
114,86.58165533,Chorus,ROZES,W,Feat,S,318.34,326.98675,329.8265,375.78475,499.858,E4,L4,W5
114,105.7818367,Dance Chorus,ROZES,W,Feat,S,319.533,356.5265,374.673,417.4365,500.55,E4,L4,W5
114,124.9812698,Post-chorus,ROZES,W,Feat,S,81.375,295.44225,335.353,414.339,501.013,E4,L1,W4
114,144.1796825,Refrain,Both,,,,,,,,,,,
114,163.4142857,Pre-chorus,ROZES,W,Feat,S,245.488,328.263,333.255,493.874,1682.17,E4,L4,W5
114,182.5951247,Chorus,ROZES,W,Feat,S,235.775,327.1635,330.2165,380.85075,833.331,E4,L4,W5
114,201.8080726,Post-chorus,ROZES,W,Feat,S,198.184,329.1355,331.801,373.7905,500.97,E4,L4,W5