﻿Index,Timestamp,Formal section,Artist,Gender,Function,Delivery,Pitch min,Pitch Q1,Pitch median,Pitch Q3,Pitch max,Environment,Layering,Width
213,0,Intro,Justin Timberlake and Timbaland,,,,,,,,,,,
213,44.70444444,Verse,Justin Timberlake,M,Main,S,201.155,278.452,325.493,367.842,505.852,E1,L1,W1
213,82.3914966,Chorus,Justin Timberlake,M,Main,S,92.5494,235.31725,323.377,369.502,479.084,E1,L5,W5
213,119.9165079,Verse,Justin Timberlake,M,Main,S,173.402,277.3015,320.5125,369.795,516.625,E1,L1,W1
213,157.5955782,Chorus,Justin Timberlake,M,Main,S,92.1829,225.699,299.593,369.051,478.872,E1,L5,W5
213,195.2127891,Verse,Jay-Z,M,Feat,R,82.6839,219.5985,237.063,252.592,416.045,E2,L1,W3
213,251.7495011,Chorus,Justin Timberlake,M,Main,S,91.8147,219.58225,276.099,371.127,500.292,E1,L5,W5
213,289.3444671,Outro,Justin Timberlake,M,Main,S,92.2309,159.866,261.587,326.212,500.843,E1,L1,W1