Index,Timestamp,Formal section,Artist,Gender,Function,Delivery,Pitch min,Pitch Q1,Pitch median,Pitch Q3,Pitch max,Environment,Layering,Width
76,0,Intro,,,,,,,,,,,,
76,18.41952083,Verse,Zayn,M,Neither,S,195.196,278.086,292.518,295.844,538.376,E2,L1,W4
76,34.63091667,Pre-chorus,Zayn,M,Neither,S,242.629,440.8775,512.808,528.8235,675.266,E3,L1,W4
76,48.928875,Chorus,Zayn,M,Neither,S,218.201,304.4805,455.3455,504.44425,686.462,E2,L4,W5
76,83.47097917,Verse,Taylor Swift,W,Neither,S,193.14,287.25125,293.2205,296.449,354.447,E1,L3,W4
76,97.76920833,Pre-chorus,Taylor Swift,W,Neither,S,247.76,444.1915,521.4695,536.608,663.498,E3,L1,W4
76,114.0248333,Chorus,Both,,,,,,,,,,,
76,146.4625625,Bridge,Both,,,,,,,,,,,
76,179.0981667,Chorus,Both,,,,,,,,,,,
76,227.8716042,Outro,Both,,,,,,,,,,,
76,245.2788958,,,,,,,,,,,,,