Index,Timestamp,Formal section,Artist,Gender,Function,Delivery,Pitch min,Pitch Q1,Pitch median,Pitch Q3,Pitch max,Environment,Layering,Width
192,0,Intro,,,,,,,,,,,,
192,5.635854167,Verse,Tinashe,W,Main,S,178.213,228.285,275.933,329.934,427.387,E3,L1,W4
192,24.61427083,Pre-chorus,Tinashe,W,Main,S,142.781,246.527,271.254,337.085,672.135,E3,L2,W4
192,43.62322917,Chorus,Tinashe,W,Main,S,180.571,246.906,274.329,285.129,669.297,E3,L3,W4
192,81.70458333,Verse,Tinashe,W,Main,S,181.093,227.1065,275.812,328.074,455.085,E3,L1,W4
192,100.6386458,Pre-chorus,Tinase,W,Main,S,181.093,246.3305,261.12,356.3125,663.641,E3,L2,W4
192,119.7265417,Chorus,Tinashe,W,Main,S,145.333,246.60125,255.4555,283.746,597.465,E3,L3,W4
192,148.8703125,Verse,ScHoolboy Q,M,Feat,R,135.954,177.64,192.697,202.921,273.01,E2,L3,W4
192,176.7196458,Bridge,Tinashe,W,Main,S,172.148,246.958,276.179,279.01,375.37,E3,L5,W4
192,195.7311042,Chorus,Tinashe,W,Main,S,181.386,246.813,260.79,286.466,382.04,E3,L3,W4