Index,Timestamp,Formal section,Artist,Gender,Function,Delivery,Pitch min,Pitch Q1,Pitch median,Pitch Q3,Pitch max,Environment,Layering,Width
290,0,Chorus,Flo Rida,M,Neither,S,154.801,297.4255,310.935,312.761,647.167,E2,L4,W5
290,32.32022917,Verse,Flo Rida,M,Neither,R,185.86,231.772,239.488,249.308,311.109,E1,L2,W4
290,61.931875,Chorus,Both,,,,,,,,,,,
290,91.40785417,Verse,Nicki Minaj,W,Neither,R,149.928,295.964,323.634,338.592,541.463,E1,L2,W4
290,121.0593333,Chorus,Both,,,,,,,,,,,
290,150.4748958,Bridge,Nicki Minaj,W,Neither,S,228.748,311.065,327.86,393.2065,477.968,E1,L3,W5
290,180.0924375,Chorus,Both,,,,,,,,,,,