﻿Index,Timestamp,Formal section,Artist,Gender,Function,Delivery,Pitch min,Pitch Q1,Pitch median,Pitch Q3,Pitch max,Environment,Layering,Width
10,0,Intro,,,,,,,,,,,,
10,15.00918367,Verse,Post Malone,M,Main ,S,64.9901,117.092,219.348,232.755,372.787,E4,L1,W3
10,40.57172336,Chorus,Post Malone,M,Main ,S,64.8917,174.93325,215.7875,232.32175,266.327,E4,L2,W4
10,53.34172336,Verse,Post Malone,M,Main ,S,115.734,219.316,235.309,293.407,396.675,E4,L1,W3
10,78.98104308,Chorus,Post Malone,M,Main ,S,86.3346,174.669,196.593,220.634,264.695,E4,L3,W4
10,91.75435374,Verse,Young Thug,M,Main ,S,77.3364,296.915,349.909,393.4255,477.63,E4,L1,W3
10,130.1998639,Chorus,Post Malone,M,Feat,S,86.9684,146.866,195.123,206.9585,266.376,E4,L5,W5
10,142.9562358,Outro,Both,,,,,,,,,,,