Index,Timestamp,Formal section,Artist,Gender,Function,Delivery,Pitch min,Pitch Q1,Pitch median,Pitch Q3,Pitch max,Environment,Layering,Width
256,0,Chorus,Big Sean,M,Main,R,62.7287,82.6749,94.0332,103.213,179.328,E1,L2,W4
256,24.15683333,Verse,Big Sean,M,Main,R,79.4134,99.923275,120.0945,137.67875,614.583,E1,L1,W2
256,61.649,Chorus,Big Sean,M,Main,R,62.6892,69.2854,94.5523,107.017,205.231,E1,L2,W4
256,84.14295833,Verse,Nicki Minaj,W,Feat,R,156.557,215.5845,237.3545,259.67775,880.959,E3,L1,W3
256,141.883375,Chorus,Both,,,,,,,,,,,
256,165.1495,Bridge,Big Sean,M,Main,R,86.1397,95.8421,99.269,106.3945,128.039,E1,L3,W4
256,190.6139375,Chorus,Big Sean,M,Main,R,62.7099,68.2702,92.1305,105.038,120.175,E1,L2,W4