﻿Index,Timestamp,Formal section,Artist,Gender,Function,Delivery,Pitch min,Pitch Q1,Pitch median,Pitch Q3,Pitch max,Environment,Layering,Width
129,0,Intro,Ariana Grande,W,Main,S,161.383,330.5935,371.0275,439.55175,558.667,E3,L1,W3
129,13.63752835,Verse,Ariana Grande,W,Main,S,209.133,282.92675,297.428,330.605,448.848,E3,L1,W3
129,37.8129932,Pre-chorus,Ariana Grande,W,Main,S,328.241,372.756,435.075,501.595,556.933,E3,L1,W3
129,49.85260771,Chorus,Ariana Grande,W,Main,S,146.137,367.614,401.786,457.073,557.639,E3,L4,W5
129,74.01136054,Verse,Ariana Grande,W,Main,S,208.599,290.33275,325.4955,336.2285,444.533,E3,L1,W3
129,98.17188209,Pre-chorus,Ariana Grande,W,Main,S,318.451,372.96575,435.847,498.44125,557.471,E3,L1,W3
129,110.2391837,Chorus,Ariana Grande,W,Main,S,73.4484,332.759,386.992,448.288,557.776,E3,L4,W5
129,134.3541043,Refrain,Nicki Minaj,W,Feat,S,156.999,217.267,247.212,275.05,306.882,E2,L2,W3
129,146.4986395,Verse,Nicki Minaj,W,Feat,R,64.4907,189.392,208.713,223.27525,332.925,E2,L3,W3
129,170.6851927,Pre-chorus,Ariana Grande,W,Main,S,187.402,381.721,437.163,496.45,590.924,E3,L2,W4
129,184.1905442,Chorus,Ariana Grande,W,Main,S,178.624,368.674,414.725,491.346,1199.4,E3,L5,W5
129,208.3069615,Refrain,Both,,,,,,,,,,,