﻿Index,Timestamp,Formal section,Artist,Gender,Function,Delivery,Pitch min,Pitch Q1,Pitch median,Pitch Q3,Pitch max,Environment,Layering,Width
138,0,Intro,,,,,,,,,,,,
138,12.13680272,Chorus,Charlie Puth,M,Feat,S,180.96,272.372,354.548,442.4665,593.669,E2,L1,W3
138,39.09845805,Verse,Wiz Khalifa,M,Main,R,131.659,191.83425,198.618,204.70775,240.332,E1,L1,W1
138,63.08285714,Refrain,Wiz Khalifa,M,Main,S,107.44,195.29825,231.4905,234.75775,355.395,E2,L4,W5
138,75.13800454,Chorus,Both,,,,,,,,,,,
138,102.0988889,Post-chorus,Charlie Puth,M,Feat,S,287.812,391.648,463.1645,522.64175,709.827,E1,L4,W5
138,114.0467347,Verse,Wiz Khalifa,M,Main,R,142.661,192.729,197.225,204.8105,524.227,E2,L1,W3
138,138.1224036,Refrain,Wiz Khalifa,M,Main,R,106.391,204.628,232.667,235.201,365.089,E2,L4,W5
138,150.1438776,Bridge,Charlie Puth,M,Feat,S,211.172,343.6915,391.0295,451.19575,585.401,E3,L1,W3
138,174.1332426,Chorus,Charlie Puth,M,Feat,S,157.532,272.92,355.965,462.137,594.072,E2,L1,W3
138,201.1777778,Post-chorus,Charlie Puth,M,Feat,S,97.7645,295.098,466.586,522.96475,769.718,E1,L5,W5