Index,Timestamp,Formal section,Artist,Gender,Function,Delivery,Pitch min,Pitch Q1,Pitch median,Pitch Q3,Pitch max,Environment,Layering,Width
115,0,Intro,Drake,M,Main,S,139.452,145.29,148.613,165.017,189.048,E4,L1,W3
115,24.50225,Verse,Drake,M,Main,S,112.455,148.195,164.984,181.094,220.848,E1,L1,W2
115,56.98664583,Pre-chorus,Drake,M,Main,S,108.158,137.33575,146.134,165.779,206.741,E2,L1,W2
115,73.3351875,Chorus,Drake,M,Main,S,104.323,123.784,138.091,164.484,322.881,E1,L1,W2
115,89.567,Verse,Rihanna,W,Feat,S,205.918,295.762,333.535,366.069,407.742,E1,L1,W2
115,105.8752917,Pre-chorus,Rihanna,W,Feat,S,209.022,275.8565,293.805,332.8755,410.661,E2,L1,W2
115,122.1562917,Chorus,Both,,,,,,,,,,,
115,138.442125,Verse,Drake,M,Main,S,107.644,147.201,164.678,185.6385,296.903,E1,L1,W2
115,187.1761667,Chorus,Both,,,,,,,,,,,
115,203.562875,Outro,Popcaan,,,,,,,,,,,
115,263.6807083,,,,,,,,,,,,,