Index,Timestamp,Formal section,Artist,Gender,Function,Delivery,Pitch min,Pitch Q1,Pitch median,Pitch Q3,Pitch max,Environment,Layering,Width
251,0,Intro,Both,,,,,,,,,,,
251,15.36870833,Verse,Adam Young,M,Neither,S,108.762,169.302,181.966,230.472,267.004,E1,L2,W2
251,45.8489375,Pre-chorus,Both,,,,,,,,,,,
251,61.053,Chorus,Both,,,,,,,,,,,
251,83.90625,Verse,Carly Rae Jepsen,W,Neither,S,218.293,305.994,348.907,404.0835,534.301,E1,L2,W2
251,99.14889583,Pre-chorus,Both,,,,,,,,,,,
251,114.4112917,Chorus,Both,,,,,,,,,,,
251,144.8829375,Bridge,Both,,,,,,,,,,,
251,160.1086667,Chorus,Both,,,,,,,,,,,
251,190.5822917,Outro,,,,,,,,,,,,