﻿Index,Timestamp,Formal section,Artist,Gender,Function,Delivery,Pitch min,Pitch Q1,Pitch median,Pitch Q3,Pitch max,Environment,Layering,Width
17,0,Intro,Ed Sheeran,M,Main,S,193.297,230.76425,236.435,293.35975,318.287,E4,L5,W5
17,16.06521542,Verse,Ed Sheeran,M,Main,S,103.196,294.62625,308.878,311.947,355.407,E4,L2,W4
17,36.7369161,Pre-chorus,Ed Sheeran,M,Main,S,130.785,156.298,177.5975,295.532,471.406,E1,L4,W5
17,57.40097506,Chorus,Ed Sheeran,M,Main,S,128.505,173.525,176.7215,293.55425,415.118,E2,L4,W5
17,77.99006803,Post-chorus,Ed Sheeran,M,Main,S,129.904,260.093,314.5315,352.857,476.051,E4,L3,W5
17,98.64693878,Verse,Khalid,M,Feat,S,63.6798,173.575,195.958,233.279,366.456,E4,L3,W5
17,119.2558277,Pre-chorus,Khalid,M,Feat,S,112.63,155.67475,174.3705,195.436,418.131,E2,L4,W5
17,140.0081859,Chorus,Ed Sheeran,M,Main,S,63.8641,172.91525,175.0225,232.609,415.166,E2,L4,W5
17,160.5721542,Post-chorus,Both,,,,,,,,,,,
17,181.2245351,Outro,Ed Sheeran,M,Main,S,184.132,245.646,262.358,324.188,359.544,E4,L3,W4