﻿Index,Timestamp,Formal section,Artist,Gender,Function,Delivery,Pitch min,Pitch Q1,Pitch median,Pitch Q3,Pitch max,Environment,Layering,Width
193,0,Intro,All,,,,,,,,,,,
193,21.64773243,Chorus,Young Thug,M,Feat,S,61.7417,140.04025,185.18,345.398,451.223,E3,L1,W3
193,43.19038549,Verse,Young Thug,M,Feat,S,183.095,337.344,352.144,366.442,770.926,E3,L1,W3
193,86.32612245,Chorus,Young Thug,M,Feat,S,68.5419,139.668,187.298,346.651,451.241,E3,L1,W4
193,107.8930159,Verse,Young Thug,M,Feat,S,194.907,312.58925,341.131,352.8415,701.098,E3,L1,W3
193,151.0646485,Chorus,Young Thug,M,Feat,S,68.9877,154.593,202.3215,346.96775,451.285,E3,L1,W3
193,172.6047846,Verse,Rich Homie Quan,M,Feat,R,88.2125,172.16075,182.5645,186.1495,460.904,E2,L1,W3
193,215.8438095,Chorus,Young Thug,M,Feat,S,62.1884,163.7395,274.8965,346.8065,451.147,E3,L2,W4
193,237.3362812,Outro,Birdman,M,Main,R,109.185,170.3325,179.155,193.5915,280.181,E5,L1,W4