Index,Timestamp,Formal section,Artist,Gender,Function,Delivery,Pitch min,Pitch Q1,Pitch median,Pitch Q3,Pitch max,Environment,Layering,Width
314,0,Intro,,,,,,,,,,,,
314,21.65529167,Verse,Rihanna,W,Main,S,203.426,247.295,275.443,280.094,375.057,E2,L2,W3
314,63.96183333,Chorus,Rihanna,W,Main,S,243.627,329.153,339.604,376.359,524.879,E1,L4,W5
314,84.98483333,Post-chorus,Rihanna,W,Main,S,203.934,277.09275,284.983,370.39325,448.791,E1,L3,W4
314,106.0794167,Verse,Rihanna,W,Main,S,161.591,249.926,278.965,365.0195,501.297,E2,L2,W3
314,148.37125,Chorus,Rihanna,W,Main,S,237.363,328.836,332.356,374.165,523.453,E1,L4,W5
314,169.4149167,Verse,Jeezy,M,Feat,R,196.385,250.349,266.118,282.6505,599.881,E1,L4,W4
314,211.5968542,Bridge,Rihanna,W,Main,S,210.195,249.146,291.558,328.8525,564.405,E3,L3,W4
314,232.6708542,Chorus,Rihanna,W,Main,S,183.286,329.24875,330.6995,371.092,526.102,E1,L3,W5