Index,Timestamp,Formal section,Artist,Gender,Function,Delivery,Pitch min,Pitch Q1,Pitch median,Pitch Q3,Pitch max,Environment,Layering,Width
4,0,Intro,,,,,,,,,,,,
4,16.59072562,Chorus,Camila Cabello,W,Neither,S,310.219,393.768,490.182,512.105,757.306,E3,L1,W4
4,33.00337869,Verse,Shawn Mendes,M,Neither,S,62.2624,219.58675,263.079,319.1145,444.118,E4,L1,W4
4,65.82326531,Chorus,Both,,,,,,,,,,,
4,98.66931973,Verse,Both,,,,,,,,,,,
4,123.2730839,Chorus,Both,,,,,,,,,,,
4,156.0878912,Outro,Both,,,,,,,,,,,