Index,Timestamp,Formal section,Artist,Gender,Function,Delivery,Pitch min,Pitch Q1,Pitch median,Pitch Q3,Pitch max,Environment,Layering,Width
36,0,Intro,,,,,,,,,,,,
36,14.25383333,Verse,Khalid,M,Neither,S,124.063,154.22175,174.185,207.7575,315.926,E1,L1,W1
36,41.1505,Pre-chorus,Khalid,M,Neither,S,148.17,174.16,177.8725,202.9715,236.873,E2,L1,W3
36,54.52239583,Chorus,Both,,,,,,,,,,,
36,67.88764583,Verse,Normani,W,Neither,S,186.632,310.49525,371.816,418.037,557.286,E2,L1,W3
36,94.42916667,Pre-chorus,Normani,W,Neither,S,171.748,207.2695,209.0625,252.008,352.168,E2,L1,W3
36,107.8657292,Chorus,Both,,,,,,,,,,,
36,134.5267292,Bridge,Both,,,,,,,,,,,
36,161.201875,Chorus,Both,,,,,,,,,,,
36,187.8701875,Outro,,,,,,,,,,,,