﻿Index,Timestamp,Formal section,Artist,Gender,Function,Delivery,Pitch min,Pitch Q1,Pitch median,Pitch Q3,Pitch max,Environment,Layering,Width
51,0,Intro,,,,,,,,,,,,
51,8.106258503,Verse,Selena Gomez,W,Neither,S,285.915,297.587,329.412,387.8085,495.716,E4,L1,W4
51,23.23634921,Pre-chorus,Selena Gomez,W,Neither,S,123.047,283.492,410.285,492.5165,593.733,E2,L1,W4
51,38.65512472,Chorus,Selena Gomez,W,Neither,S,145.406,324.31125,376.0025,451.056,596.947,E1,L4,W5
51,69.36895692,Dance Chorus,Selena Gomez,W,Neither,S,141.883,166.026,184.966,187.1885,440.699,E4,L4,W5
51,84.72965986,Verse,Selena Gomez,W,Neither,S,144.513,297.248,329.586,389.973,498.864,E4,L1,W4
51,100.0693197,Pre-chorus,Selena Gomez,W,Neither,S,72.7654,246.77525,369.874,476.1375,596.906,E2,L3,W4
51,115.4046485,Chorus,Selena Gomez,W,Neither,S,73.0887,329.623,419.739,461.592,598.227,E1,L5,W5
51,146.1562585,Dance Chorus,Selena Gomez,W,Neither,S,163.18,249.6595,293.814,357.994,440.637,E4,L4,W5
51,161.4736508,Chorus,Selena Gomez,W,Neither,S,278.388,328.6755,371.063,443.2775,593.832,E2,L4,W5