﻿Index,Timestamp,Formal section,Artist,Gender,Function,Delivery,Pitch min,Pitch Q1,Pitch median,Pitch Q3,Pitch max,Environment,Layering,Width
136,0,Intro,,,,,,,,,,,,
136,9.553401361,Verse,Hailee Steinfeld,W,Main,S,,,,,,E1,L1,W1
136,24.03800454,Pre-chorus,Hailee Steinfeld,W,Main,S,235.791,273.076,318.405,333.358,419.362,E2,L1,W3
136,33.57253968,Chorus,Hailee Steinfeld,W,Main,S,161.499,330.285,369.141,371.0045,488.528,E1,L3,W5
136,52.76517007,Dance Chorus,Hailee Steinfeld,W,Main,S,272.101,362.5975,369.9845,372.0545,801.413,E1,L3,W5
136,71.94621315,Verse,Hailee Steinfeld,W,Main,S,205.225,266.847,328.626,371.534,496.837,E1,L1,W1
136,86.39113379,Pre-chorus,Hailee Steinfeld,W,Main,S,217.613,278.0725,329.874,370.27375,497.542,E2,L1,W3
136,100.8428571,Chorus,Hailee Steinfeld,W,Main,S,239.452,330.541,368.955,371.03,488.322,E1,L3,W5
136,120.0486621,Dance Chorus,Hailee Steinfeld,W,Main,S,109.548,342.91,369.952,373.7405,823.146,E1,L3,W5
136,139.191678,Dance Chorus,Hailee Steinfeld,W,Main,S,122.895,332.911,370.079,379.964,777.843,E1,L3,W5
136,158.424195,Outro,Hailee Steinfeld,W,Main,S,219.038,268.648,328.228,368.143,500.143,E1,L2,W3