﻿Index,Timestamp,Formal section,Artist,Gender,Function,Delivery,Pitch min,Pitch Q1,Pitch median,Pitch Q3,Pitch max,Environment,Layering,Width
166,0,Intro,Mila J Sample,W,Uncredited,S,143.076,264.371,376.772,467.102,749.256,E5,L1,W5
166,19.83337869,Chorus,Chris Brown,M,Neither,S,86.7282,184.2045,206.661,275.7265,378.671,E1,L5,W5
166,39.44036281,Verse,Tyga,M,Neither,R,123.274,179.406,183.531,186.515,238.079,E3,L1,W3
166,78.61321996,Chorus,Chris Brown,M,Neither,S,154.052,184.667,206.184,269.197,354.93,E1,L5,W5
166,98.22619048,Verse,Chris Brown,M,Neither,S,146.252,205.51125,208.89,275.78675,467.394,E2,L2,W3
166,137.4199546,Chorus,Chris Brown,M,Neither,S,87.0996,182.2255,186.043,238.419,383.205,E1,L5,W5
166,156.9410884,Verse,Both,,,,,,,,,,,
166,186.3405669,Chorus,Chris Brown,M,Neither,S,91.7311,184.25,191.221,247.678,357.366,E1,L5,W5
166,205.9651927,Outro,Tyga,M,Neither,R,113.141,171.9795,182.1125,187.9425,206.458,E1,L1,W2