﻿Index,Timestamp,Formal section,Artist,Gender,Function,Delivery,Pitch min,Pitch Q1,Pitch median,Pitch Q3,Pitch max,Environment,Layering,Width
149,0,Chorus,Adam Levine,M,Feat,S,144.492,230.7955,284.3285,346.73675,420.805,E3,L1,W3
149,20.77117914,Link,Theron Thomas,M,Main,S,125,154.5875,269.879,277.706,299.261,E1,L1,W1
149,23.3299093,Verse,Theron Thomas,M,Main,S,113.361,184.021,247.5345,271.8965,358.243,E3,L3,W5
149,43.72648526,Pre-chorus,Timothy Thomas & Theron Thomas,,,,,,,,,,,
149,64.12979592,Chorus,Adam Levine,M,Feat,S,150.787,223.03625,280.5175,347.346,442.543,E3,L4,W5
149,84.79988662,Link,Timothy Thomas,M,Main,S,186.266,229.80425,233.1145,273.2465,285.233,E1,L1,W1
149,87.14526077,Verse,Timothy Thomas,M,Main,S,138.058,184.8895,259.5275,278.772,555.222,E2,L2,W4
149,107.45322,Pre-chorus,Timothy Thomas & Theron Thomas,,,,,,,,,,,
149,127.9510658,Chorus,Adam Levine,M,Feat,S,150.215,227.425,282.1285,347.32525,720.777,E3,L4,W5
149,148.3860544,Bridge,Timothy Thomas & Theron Thomas,,,,,,,,,,,
149,171.2905896,Chorus,Adam Levine,M,Feat,S,144.686,232.205,292.279,347.62675,470.912,E3,L5,W5
149,212.233356,Outro,Adam Levine,M,Feat,S,262.412,278.408,309.49,346.239,363.588,E2,L5,W5