Index,Timestamp,Formal section,Artist,Gender,Function,Delivery,Pitch min,Pitch Q1,Pitch median,Pitch Q3,Pitch max,Environment,Layering,Width
171,0,Intro,Juicy J,M,Feat,R,113.934,197.91975,253.051,260.782,324.491,E1,L1,W1
171,19.86208333,Verse,Katy Perry,W,Main,S,204.516,271.994,312.098,338.61,477.766,E2,L2,W4
171,48.92260417,Pre-chorus,Katy Perry,W,Main,S,225.653,269.445,337.45,402.43,459.669,E4,L1,W4
171,65.31841667,Chorus,Katy Perry,W,Main,S,210.403,463.908,472.414,529.359,621.127,E1,L4,W5
171,77.93797917,Verse,Katy Perry,W,Main,S,159.786,252.692,311.305,333.9815,471.751,E2,L2,W4
171,114.4313542,Pre-chorus,Katy Perry,W,Main,S,127.685,259.69375,282.8175,410.587,424.503,E4,L3,W4
171,130.7230833,Chorus,Katy Perry,W,Main,S,207.842,463.445,473.7915,536.4335,911.849,E1,L4,W5
171,143.4287083,Verse,Juicy J,M,Feat,R,134.535,192.54,199.243,205.408,571.496,E2,L3,W4
171,187.1513958,Pre-chorus,Katy Perry,W,Main,S,176.606,275.761,347.792,413.46,547.352,E4,L5,W4
171,203.457,Chorus,Katy Perry,W,Main,S,112.949,348.351,458.757,471.937,560.5,E1,L5,W5