﻿Index,Timestamp,Formal section,Artist,Gender,Function,Delivery,Pitch min,Pitch Q1,Pitch median,Pitch Q3,Pitch max,Environment,Layering,Width
22,0,Into,Daddy Yankee & Katy Perry,,,,,,,,,,,
22,10.18995465,Verse,Katy Perry,W,Main,S,99.9543,206.448,208.676,230.1275,355.618,E1,L4,W5
22,30.63557823,Chorus,Daddy Yankee,M,Main,S,170.769,208.946,234.236,248.125,415.327,E3,L3,W5
22,51.11079365,Verse,Katy Perry,W,Main,S,61.9106,242.59525,276.1575,310.9895,502.196,E2,L2,W3
22,71.50884354,Chorus,Katy Perry,W,Main,S,121.84,208.148,232.181,247.764,369.409,E1,L4,W5
22,91.84979592,Verse,Daddy Yankee,M,Main,S,182.928,310.756,364.994,370.262,458.043,E1,L2,W2
22,117.4882313,Chorus,Daddy Yankee & Katy Perry,,,,,,,,,,,
22,137.8355556,Verse,Snow & Katy Perry,,,,,,,,,,,
22,158.2844671,Chorus,Daddy Yankee & Katy Perry,,,,,,,,,,,