﻿Index,Timestamp,Formal section,Artist,Gender,Function,Delivery,Pitch min,Pitch Q1,Pitch median,Pitch Q3,Pitch max,Environment,Layering,Width
179,0,Intro,,,,,,,,,,,,
179,11.75528345,Chorus,Rita Ora,W,Feat,S,,,,,,E2,L4,W5
179,38.04596372,Verse,Iggy Azalea,W,Main,R,159.607,217.6405,251.3155,299.32475,762.619,E1,L2,W3
179,73.19941043,Pre-chorus,Both,,,,,,,,,,,
179,84.91702948,Chorus,Both,,,,,,,,,,,
179,111.2281179,Post-chorus,Rita Ora,W,Feat,S,198.914,240.68875,466.366,472.10575,501.808,E1,L1,W2
179,122.9447846,Verse,Iggy Azalea,W,Main,R,127.743,241.46825,260.423,287.62225,383.868,E1,L2,W3
179,157.9621995,Pre-chorus,Both,,,,,,,,,,,
179,169.8414059,Chorus,Both,,,,,,,,,,,
179,196.1460771,Post-chorus,Rita Ora,W,Feat,S,168.022,188.45575,215.9185,472.87575,500.124,E1,L1,W2