﻿Index,Timestamp,Formal section,Artist,Gender,Function,Delivery,Pitch min,Pitch Q1,Pitch median,Pitch Q3,Pitch max,Environment,Layering,Width
118,0,Intro,Both,,,,,,,,,,,
118,13.488322,Verse,Drake,M,Neither,R,130.019,188.08775,204.052,213.599,572.308,E1,L1,W2
118,68.4138322,Verse,Future,M,Neither,R,90.4188,184.49,196.934,207.05675,280.377,E3,L1,W4
118,108.1722449,Verse,Drake,M,Neither,R,140.679,189.41425,198.9485,208.429,593.524,E1,L1,W2
118,135.5924036,Bridge,Future,M,Neither,S,118.559,148.18975,155.5065,160.8225,210.767,E3,L1,W3
118,148.7200907,Verse,Future,M,Neither,R,121.105,155.666,183.9585,206.47425,563.155,E3,L1,W4
118,175.7871882,Refrain,Both,,,,,,,,,,,
118,189.2897506,Outro,,,,,,,,,,,,