﻿Index,Timestamp,Formal section,Artist,Gender,Function,Delivery,Pitch min,Pitch Q1,Pitch median,Pitch Q3,Pitch max,Environment,Layering,Width
315,0,Intro,Mr. Hudson,M,Neither,S,163.735,264.3785,297.108,333.138,412.301,E3,L1,W3
315,41.13256236,Chorus,Both,,,,,,,,,,,
315,68.5414059,Verse,Jay-Z,M,Neither,R,127.239,201.962,224.613,243.5695,395.947,E2,L3,W3
315,109.6668481,Chorus,Mr. Hudson,M,Neither,S,186.903,262.0585,300.51,349.9445,463.633,E2,L1,W3
315,137.0395465,Verse,Jay-Z,M,Neither,R,155.737,217.3945,228.9465,241.69725,394.717,E2,L3,W3
315,178.1142857,Chorus,Mr. Hudson,M,Neither,S,191.546,262.132,317.877,351.174,466.816,E2,L1,W3
315,205.5130612,Verse,Jay-Z,M,Neither,R,135.558,230.0985,255.9305,269.39475,333.098,E3,L1,W3
315,232.8568254,Chorus,Mr. Hudson,M,Neither,S,202.492,260.561,293.719,348.82,467.886,E2,L1,W3