Index,Timestamp,Formal section,Artist,Gender,Function,Delivery,Pitch min,Pitch Q1,Pitch median,Pitch Q3,Pitch max,Environment,Layering,Width
63,0,Intro,Pharrell Williams,M,Neither,R,131.244,149.006,175.486,199.0245,293.9,E1,L1,W1
63,2.8400625,Verse,Pharrell Williams,M,Neither,R,124.954,301.483,326.5555,345.79425,418.68,E1,L1,W1
63,23.18670833,Chorus,Pharrell Williams,M,Neither,R,200.161,236.72,246.926,310.039,394.921,E1,L1,W1
63,33.1263125,Verse,Pharrell Williams,M,Neither,R,200.716,312.77675,331.2055,358.43075,412.415,E1,L1,W1
63,53.40520833,Chorus,Pharrell Williams,M,Neither,R,139.894,239.88925,250.113,300.97975,397.55,E1,L1,W1
63,63.591,Link,Pharrell Williams,M,Neither,R,168.101,205.2665,228.252,256.6655,348.826,E1,L2,W1
63,73.64504167,Chorus,Rihanna,W,Neither,R,151.375,236.2905,261.402,280.80075,362.499,E1,L1,W1
63,104.0091875,Verse,Rihanna,W,Neither,R,145.701,245.395,264.017,278.931,577.917,E2,L1,W1
63,131.8332083,Bridge,Pharrell Williams,M,Neither,R,125.81,182.4535,228.2935,261.77675,366.574,E1,L1,W1
63,154.4837083,Chorus,Pharrell Williams,M,Neither,R,155.469,232.2395,259.4815,282.628,367.779,E1,L1,W1
63,184.9202708,Chorus,Pharrell Williams,M,Neither,R,150.567,241.672,249.772,296.6455,393.718,E1,L1,W1
63,193.7706458,Outro,Pharrell Williams,M,Neither,R,178.979,230.05125,243.3245,263.59425,308.214,E1,L1,W1