Index,Timestamp,Formal section,Artist,Gender,Function,Delivery,Pitch min,Pitch Q1,Pitch median,Pitch Q3,Pitch max,Environment,Layering,Width
48,0,Intro,,,,,,,,,,,,
48,20.53425,Pre-chorus,Kendrick Lamar,M,Neither,S,87.2789,155.4665,174.172,196.546,479.937,E4,L3,W4
48,40.4090625,Chorus,SZA,W,Neither,S,168.506,290.4385,364.958,483.451,597.885,E3,L1,W5
48,60.29308333,Verse,Kendrick Lamar,M,Neither,R,142.868,186.737,195.256,202.696,267.813,E2,L1,W3
48,99.890875,Pre-chorus,Kendrick Lamar,M,Neither,S,130.727,148.55875,172.9955,195.964,479.749,E4,L3,W3
48,119.7512083,Chorus,SZA,W,Neither,S,168.93,308.3415,391.652,485.885,597.497,E3,L1,W5
48,139.6015,Bridge,SZA,W,Neither,S,192.136,290.7465,345.625,353.92,556.978,E4,L1,W4
48,179.2714167,Pre-chorus,Both,,,,,,,,,,,
48,199.0791458,Chorus,SZA,W,Neither,S,174.068,310.946,391.277,484.1175,600.57,E5,L1,W5
48,218.9373125,Outro,,,,,,,,,,,,
48,236.536583,,,,,,,,,,,,,