Index,Timestamp,Formal section,Artist,Gender,Function,Delivery,Pitch min,Pitch Q1,Pitch median,Pitch Q3,Pitch max,Environment,Layering,Width
57,0,Intro,Both,,,,,,,,,,,
57,12.15127083,Chorus,A$AP Ferg,M,Main,R,97.5382,129.109,139.2405,149.2775,160.346,E2,L1,W3
57,23.39308333,Verse,A$AP Ferg,M,Main,R,99.5792,165.7145,214.83,254.092,343.883,E1,L1,W1
57,68.65841667,Chorus,A$AP Ferg,M,Main,R,96.5739,130.833,139.838,148.5305,165.695,E1,L1,W3
57,91.28302083,Post-chorus,A$AP Ferg,M,Main,R,111.22,144.97725,188.8405,247.712,332.286,E2,L1,W3
57,102.5272708,Verse,Nicki Minaj,W,Feat,R,146.345,240.29625,266.621,292.00125,383.489,E2,L1,W3
57,147.65525,Chorus,Nicki Minaj,W,Feat,R,146.854,200.91025,227.7575,242.05425,265.192,E2,L1,W3
57,170.2280833,Post-chorus,Nicki Minaj,W,Feat,R,111.989,219.765,227.89,232.774,265.192,E2,L4,W5
57,181.636625,Outro,,,,,,,,,,,,
57,204.051854,,,,,,,,,,,,,