﻿Index,Timestamp,Formal section,Artist,Gender,Function,Delivery,Pitch min,Pitch Q1,Pitch median,Pitch Q3,Pitch max,Environment,Layering,Width
312,0,Intro,Jay Sean,M,Main,S,120.541,295.27575,329.652,363.0105,393.229,E1,L4,W5
312,22.34566893,Verse,Jay Sean,M,Main,S,176.409,275.75425,290.7335,296.11825,421.512,E3,L2,W4
312,36.86643991,Pre-chorus,Jay Sean,M,Main,S,183.857,275.661,291.133,299.247,590.28,E2,L3,W5
312,51.47521542,Chorus,Jay Sean,M,Main,S,228.434,293.00525,327.9145,337.475,393.327,E2,L5,W5
312,80.64292517,Verse,Jay Sean,M,Main,S,162.897,256.55975,292.1795,296.8855,401.377,E3,L2,W4
312,95.11562358,Pre-chorus,Jay Sean,M,Main,S,182.544,276.395,292.117,328.1945,401.047,E2,L3,W5
312,109.6700907,Chorus,Jay Sean,M,Main,S,72.0162,291.39025,321.786,337.6865,785.5,E1,L5,W5
312,138.727483,Verse,Lil Wayne,M,Feat,S,118.077,167.12375,195.6915,220.006,295.572,E3,L2,W4
312,167.7834014,Chorus,Jay Sean,M,Main,S,72.5837,277.83025,294.879,335.972,499.224,E1,L5,W5
312,196.918322,Outro,Jay Sean,M,Main,S,145.208,329.375,368.863,442.924,500.244,E3,L1,W4