Index,Timestamp,Formal section,Artist,Gender,Function,Delivery,Pitch min,Pitch Q1,Pitch median,Pitch Q3,Pitch max,Environment,Layering,Width
298,0,Chorus,Rihanna,W,Feat,S,189.045,295.175,311.886,388.846,596.083,E2,L1,W3
298,27.3185,Verse,Eminem,M,Main,R,167.051,274.844,293.301,320.1315,444.165,E1,L1,W1
298,71.46102083,Chorus,Rihanna,W,Feat,S,195.935,286.207,307.607,346.525,588.885,E2,L3,W3
298,104.5796667,Verse,Eminem,M,Main,R,210.422,284.776,293.349,303.611,444.994,E1,L1,W1
298,148.6599792,Chorus,Rihanna,W,Feat,S,158.731,285.963,308.419,347.409,592.666,E2,L3,W3
298,181.7854792,Verse,Eminem,M,Main,R,195.048,286.195,320.506,344.874,459.995,E1,L1,W1
298,228.6199792,Chorus,Rihanna,W,Feat,S,195.028,290.84875,309.312,347.739,592.905,E2,L3,W3