﻿Index,Timestamp,Formal section,Artist,Gender,Function,Delivery,Pitch min,Pitch Q1,Pitch median,Pitch Q3,Pitch max,Environment,Layering,Width
196,0,Intro,,,,,,,,,,,,
196,15.6599093,Refrain,unnamed singer in sample,W,Uncredited,S,254.581,274.6115,351.4015,360.76075,441.601,E4,L1,W4
196,31.03673469,Verse,Sam Smith,M,Feat,S,166.833,221.38725,246.9565,271.808,333.033,E3,L1,W3
196,46.36371882,Pre-chorus,Sam Smith,M,Feat,S,61.7502,185.01025,220.8555,247.58575,308.177,E1,L3,W5
196,61.7231746,Chorus,Sam Smith,M,Feat,S,160.353,246.45,273.3045,328.57325,500.871,E4,L4,W5
196,77.11612245,Refrain,unnamed singer in sample,W,Uncredited,S,216.998,288.034,355.38,361.931,508.977,E4,L1,W4
196,92.44641723,Verse,Sam Smith,M,Feat,S,156.159,197.99525,246.2835,268.071,336.966,E3,L1,W3
196,107.8386621,Pre-chorus,Sam Smith,M,Feat,S,149.506,213.83675,247.3695,358.05125,560.686,E1,L3,W5
196,123.1537642,Chorus,Sam Smith,M,Feat,S,108.553,203.657,247.2975,276.97525,500.783,E4,L4,W5
196,138.5268707,Refrain,unnamed singer in sample,W,Uncredited,S,87.4401,254.831,322.836,361.656,596.943,E4,L1,W4
196,153.8802494,Bridge,Both,,,,,,,,,,,
196,169.3120635,Chorus,Sam Smith,M,Feat,S,105.629,246.8375,277.6,359.737,500.194,E4,L4,W5
196,184.6002268,Chorus,Sam Smith,M,Feat,S,117.86,222.2005,274.731,329.60475,501.238,E4,L4,W5
196,199.9831973,Refrain,unnamed singer in sample,W,Uncredited,S,258.043,277.816,355.713,362.043,482.67,E4,L1,W4