﻿Index,Timestamp,Formal section,Artist,Gender,Function,Delivery,Pitch min,Pitch Q1,Pitch median,Pitch Q3,Pitch max,Environment,Layering,Width
269,0,Intro,50 Cent,M,Feat,R,62.4884,142.023,152.399,163.5255,337.802,E1,L2,W4
269,24.20807256,Verse,Jeremih,M,Main,S,62.1674,144.4365,147.019,160.9465,299.129,E3,L1,W3
269,60.30399093,Chorus,Jeremih,M,Main,S,139.936,261.5865,292.884,293.804,342.911,E3,L1,W3
269,84.26714286,Verse,50 Cent,M,Feat,R,62.2421,152.98625,163.4295,169.92825,305.637,E1,L3,W5
269,120.2608163,Chorus,Jeremih,M,Main,S,196.275,261.669,292.927,293.836,612.119,E3,L1,W3
269,144.3183447,Bridge,Jeremih,M,Main,S,72.613,173.113,293.889,336.667,618.962,E3,L3,W5
269,180.2879365,Chorus,Jeremih,M,Main,S,64.3431,147.196,293.193,294.043,596.632,E1,L5,W5
269,204.2918367,Outro,,,,,,,,,,,,