Index,Timestamp,Formal section,Artist,Gender,Function,Delivery,Pitch min,Pitch Q1,Pitch median,Pitch Q3,Pitch max,Environment,Layering,Width
280,0,Intro,,,,,,,,,,,,
280,6.8381875,Verse,Kelly Rowland,W,Main,S,194.155,391.9625,438.595,516.978,671.089,E2,L1,W3
280,34.0509375,Pre-chorus,Kelly Rowland,W,Main,S,183.832,296.403,437.688,568.576,675.736,E1,L2,W3
280,47.82979167,Chorus,Kelly Rowland,W,Main,S,167.411,302.92025,386.556,438.72275,592.567,E1,L1,W3
280,88.53466667,Verse,Lil Wayne,M,Feat,R,104.593,134.033,141.574,149.117,540.675,E2,L1,W1
280,129.4385625,Chorus,Kelly Rowland,W,Main,S,119.568,303.05825,348.8305,439.19175,596.221,E1,L3,W3
280,156.6222083,Verse,Kelly Rowland,W,Main,S,196.24,389.5515,408.249,471.1525,709.593,E2,L1,W3
280,183.8586042,Pre-chorus,Kelly Rowland,W,Main,S,192.716,296.757,437.462,571.212,678.545,E1,L1,W3
280,197.5670417,Chorus,Kelly Rowland,W,Main,S,171.183,299.099,385.174,438.833,592.676,E1,L1,W3