﻿Index,Timestamp,Formal section,Artist,Gender,Function,Delivery,Pitch min,Pitch Q1,Pitch median,Pitch Q3,Pitch max,Environment,Layering,Width
176,0,Intro,Lil Jon,M,Neither,R,381.716,400.14175,406.8075,412.95125,466.28,E5,L4,W5
176,19.36163265,Chorus,Lil Jon,M,Neither,R,157.703,249.96925,266.478,403.23475,532.631,E5,L4,W5
176,38.59582766,Dance Chorus,,,,,,,,,,,,
176,57.75970522,Pre-chorus,Lil Jon,M,Neither,R,156.027,346.63575,379.909,400.94675,466.783,E5,L4,W5
176,76.93092971,Chorus,Lil Jon,M,Neither,R,154.079,172.85825,328.767,378.1735,490.908,E5,L4,W5
176,96.26197279,Dance Chorus,,,,,,,,,,,,
176,115.3636508,Other,Lil Jon,M,Neither,R,239.842,366.186,384.759,400.897,466.088,E5,L4,W5
176,134.5629478,Other,Lil Jon,M,Neither,R,249.173,314.101,398.5465,408.576,483.658,E5,L4,W5
176,153.8335374,Other,,,,,,,,,,,,
176,192.1535828,Outro,,,,,,,,,,,,