﻿Index,Timestamp,Formal section,Artist,Gender,Function,Delivery,Pitch min,Pitch Q1,Pitch median,Pitch Q3,Pitch max,Environment,Layering,Width
307,0,Intro,,,,,,,,,,,,
307,14.86594104,Verse,Akon,M,Feat,S,121.088,147.0205,163.647,168.4915,384.174,E3,L4,W5
307,44.5614966,Pre-chorus,Akon,M,Feat,S,63.9653,293.454,324.56,369.376,413.112,E2,L4,W5
307,74.27353742,Chorus,Akon,M,Feat,R,62.1342,65.305825,97.7925,111.91975,135.683,E1,L4,W5
307,89.12315193,Chorus,,,,,,,,,,,,
307,103.9244218,Verse,Akon,M,Feat,S,120.07,147.13175,163.7985,168.37875,384.38,E3,L4,W5
307,133.5785941,Pre-chorus,Akon,M,Feat,S,64.1837,293.48225,328.555,369.54325,412.676,E2,L4,W5
307,163.3356236,Chorus,Akon,M,Feat,R,61.9414,63.55965,64.71,65.77905,67.1932,E1,L4,W5
307,178.1328118,Chorus,Akon,M,Feat,R,62.9783,66.12715,82.3093,119.43775,127.202,E1,L4,W5
307,193.000907,Outro,,,,,,,,,,,,