Index,Timestamp,Formal section,Artist,Gender,Function,Delivery,Pitch min,Pitch Q1,Pitch median,Pitch Q3,Pitch max,Environment,Layering,Width
67,0,Intro,,,,,,,,,,,,
67,8.95031746,Verse,Justin Bieber,M,Feat,S,183.382,247.08925,293.1255,330.16675,499.605,E3,L1,W4
67,41.3072336,Verse,Luis Fonsi & Daddy Yankee,,,,,,,,,,,
67,63.2477098,Chorus,Justin Bieber & Luis Fonsi,,,,,,,,,,,
67,84.8671429,Post-chorus,Luis Fonsi,M,Main,S,108.102,277.704,328.317,370.518,457.277,E1,L3,W5
67,106.501746,Verse,Daddy Yankee,M,Main,S,185.45,290.5565,294.62,327.5135,443.659,E1,L3,W3
67,128.0478,Pre-chorus ,Daddy Yankee & Justin Bieber,,,,,,,,,,,
67,150.980431,Chorus,Justin Bieber & Luis Fonsi,,,,,,,,,,,
67,172.62034,Post-chorus,Luis Fonsi,M,Main,S,108.233,251.409,327.886,370.245,458.38,E1,L3,W5
67,194.175329,Bridge,Luis Fonsi,M,Main,S,143.466,214.81675,246.8185,277.45,362.664,E4,L2,W3
67,204.989705,Outro,Luis Fonsi & Daddy Yankee,,,,,,,,,,,