﻿Index,Timestamp,Formal section,Artist,Gender,Function,Delivery,Pitch min,Pitch Q1,Pitch median,Pitch Q3,Pitch max,Environment,Layering,Width
172,0,Intro,,,,,,,,,,,,
172,10.14922903,Verse,Iggy Azalea,W,Main,R,174.137,232.7865,242.958,260.33,450.83,E2,L1,W3
172,37.94596372,Chorus,Charli XCX,W,Feat,S,234.769,306.7785,344.4675,401.3655,527.341,E3,L5,W5
172,58.11358277,Verse,Iggy Azalea,W,Main,R,170.935,236.8065,263.395,298.1105,448.291,E2,L1,W3
172,88.43462585,Chorus,Charli XCX,W,Feat,S,247.381,308.01075,344.3725,395.17525,519.094,E3,L5,W5
172,108.6068027,Bridge,Charli XCX,W,Feat,S,243.643,348.012,379.079,384.46625,425.979,E2,L5,W5
172,133.9484581,Verse,Iggy Azalea,W,Main,R,115.983,199.12775,211.813,224.1645,454.852,E2,L1,W3
172,154.1408617,Chorus,Charli XCX,W,Feat,S,210.406,306.798,346.506,436.2945,807.521,E3,L5,W5
172,174.3795238,Outro,Both,,,,,,,,,,,