﻿Index,Timestamp,Formal section,Artist,Gender,Function,Delivery,Pitch min,Pitch Q1,Pitch median,Pitch Q3,Pitch max,Environment,Layering,Width
208,0,Intro,Macklemore,M,Main,R,154.223,278.0315,586.935,671.75325,758.403,E1,L1,W1
208,19.85238095,Verse,Macklemore,M,Main,R,121.807,208.572,231.956,259.80975,364.625,E1,L2,W3
208,85.61455782,Chorus,Ray Dalton,M,Feat,S,124.173,166.671,214.753,243.884,304.345,E2,L4,W5
208,111.8220635,Verse,Macklemore,M,Main,R,141.676,214.469,232.1455,252.678,378.331,E1,L2,W3
208,151.3456009,Chorus,Ray Dalton,M,Feat,S,81.1761,165.349,212.3055,243.58425,570.337,E2,L4,W5
208,177.6681633,Bridge,,,,,,,,,,,,
208,203.871542,Bridge,Both,,,,,,,,,,,
208,230.2076417,Chorus,Ray Dalton,M,Feat,S,118.671,166.5545,217.6405,244.78075,573.292,E2,L4,W5