Index,Timestamp,Formal section,Artist,Gender,Function,Delivery,Pitch min,Pitch Q1,Pitch median,Pitch Q3,Pitch max,Environment,Layering,Width
291,0,Intro,Jessie J,W,Main,R,185.221,287.026,314.9035,353.494,597.912,E2,L1,W2
291,12.08322917,Verse,Jessie J,W,Main,S,214.539,346.183,354.7415,393.90525,488.579,E1,L1,W4
291,35.42216667,Pre-chorus,Jessie J,W,Main,S,334.577,393.31975,441.323,466.818,756.082,E1,L3,W5
291,44.94545833,Chorus,Jessie J,W,Main,S,281.821,330.792,348.342,350.209,444.475,E1,L3,W5
291,66.98916667,Verse,Jessie J,W,Main,S,237.433,346.108,351.688,393.947,479.832,E1,L3,W4
291,90.29302083,Pre-chorus,Jessie J,W,Main,S,328.228,403.69275,444.5215,471.47775,620.595,E1,L3,W5
291,99.7955625,Chorus,Jessie J,W,Main,S,252.533,330.3245,347.967,350.32,444.085,E1,L5,W5
291,121.8354583,Verse,B.o.B,M,Feat,R,140.302,224.382,243.428,258.08475,367.429,E1,L1,W2
291,154.6602917,Chorus,Jessie J,W,Main,S,164.98,320.281,332.3,348.9735,657.242,E1,L5,W5
291,198.5932708,Outro,Jessie J,W,Main,S,178.224,260.487,327.263,333.226,444.29,E1,L5,W5