﻿Index,Timestamp,Formal section,Artist,Gender,Function,Delivery,Pitch min,Pitch Q1,Pitch median,Pitch Q3,Pitch max,Environment,Layering,Width
70,0,Intro,,,,,,,,,,,,
70,15.63993197,Pre-chorus,Post Malone,M,Main,S,176.19,207.639,231.348,233.617,282.106,E2,L5,W5
70,31.29344671,Chorus,Post Malone,M,Main,S,136.902,232.21175,234.5465,278.016,361.398,E2,L5,W5
70,46.8924263,Verse,Post Malone,M,Main,S,174.236,210.06825,232.561,248.6605,795.66,E3,L1,W3
70,93.70929705,Pre-chorus,Post Malone,M,Main,S,176.238,207.744,231.243,233.614,281.965,E2,L5,W5
70,109.3498186,Chorus,Post Malone,M,Main,S,68.8941,207.77,232.702,246.786,317.25,E2,L5,W5
70,124.9106803,Verse,Quavo,M,Feat,S,137.765,210.51675,231.789,241.978,746.007,E3,L1,W4
70,171.7624036,Pre-chorus,Post Malone,M,Main,S,175.758,207.7195,231.397,233.598,282.088,E2,L5,W5
70,187.3640136,Chorus,Post Malone,M,Main,S,66.9021,230.25,233.845,276.673,316.023,E2,L5,W5
70,202.9970522,Outro,,,,,,,,,,,,