﻿Index,Timestamp,Formal section,Artist,Gender,Function,Delivery,Pitch min,Pitch Q1,Pitch median,Pitch Q3,Pitch max,Environment,Layering,Width
195,0,Intro,Justin Timberlake,M,Neither,S,107.727,125.139,129.045,137.8435,200.691,E1,L4,W5
195,16.8814059,Verse,Michael Jackson,M,Neither,S,150.482,216.007,236.373,271.456,470.82,E1,L1,W1
195,45.53709751,Pre-chorus,Michael Jackson,M,Neither,S,236.27,292.287,310.78,351.503,528.736,E1,L3,W5
195,53.69369615,Chorus,Michael Jackson,M,Neither,S,213.695,350.956,413.667,438.2115,491.616,E1,L4,W5
195,74.04346939,Link,,,,,,,,,,,,
195,78.22770975,Verse,Justin Timberlake,M,Neither,S,65.5474,218.2485,234.5135,267.8085,329.296,E1,L2,W3
195,106.7653515,Pre-chorus,Both,,,,,,,,,,,
195,114.9355329,Chorus,Both,,,,,,,,,,,
195,135.4095465,Link,,,,,,,,,,,,
195,139.4623356,Bridge,Justin Timberlake,M,Neither,S,119.197,134.27525,247.3255,284.3075,325.342,E1,L4,W5
195,168.0338549,Pre-chorus,Michael Jackson,M,Neither,S,171.768,296.93,341.669,371.237,566.234,E1,L3,W5
195,176.225873,Chorus,Michael Jackson,M,Neither,S,200.252,350.0895,410.0905,436.4335,863.939,E1,L4,W5
195,196.5877098,Link,,,,,,,,,,,,
195,200.7680726,Chorus,Both,,,,,,,,,,,
195,221.1356689,Outro,Both,,,,,,,,,,,