﻿Index,Timestamp,Formal section,Artist,Gender,Function,Delivery,Pitch min,Pitch Q1,Pitch median,Pitch Q3,Pitch max,Environment,Layering,Width
239,0,Intro,,,,,,,,,,,,
239,30.16106576,Pre-chorus,Justin Bieber,M,Feat,S,72.4009,246.508,282.954,329.534,375.685,E1,L4,W5
239,60.13714286,Chorus,Both,,,,,,,,,,,
239,75.17052154,Verse,will.i.am,M,Main,S,133.289,176.9035,185.045,216.0745,371.303,E2,L1,W4
239,97.66632653,Refrain,will.i.am,M,Main,S,72.7853,183.60175,185.4405,221.16875,282.586,E1,L1,W4
239,105.1628345,Pre-chorus,Justin Bieber,M,Feat,S,72.2837,110.1765,219.558,247.95875,333.541,E1,L5,W5
239,135.1436735,Chorus,Both,,,,,,,,,,,
239,150.1433333,Verse,will.i.am,M,Main,S,139.058,183.309,188.735,219.431,249.524,E2,L1,W4
239,172.5894104,Refrain,will.i.am,M,Main,S,135.456,183.46875,185.2455,207.5365,286.744,E1,L1,W4
239,180.1665533,Bridge,will.i.am,M,Main,S,61.6003,219.964,246.1235,247.73075,335.145,E1,L3,W5
239,202.6898413,Pre-chorus,Justin Bieber,M,Feat,S,81.675,139.172,220.44,250.879,333.633,E1,L5,W5
239,232.6370295,Chorus,Both,,,,,,,,,,,
239,247.6981859,Pre-chorus,Justin Bieber,M,Feat,S,81.9514,220.747,246.759,255.868,332.019,E1,L4,W5
239,262.6489569,Outro,,,,,,,,,,,,