﻿Index,Timestamp,Formal section,Artist,Gender,Function,Delivery,Pitch min,Pitch Q1,Pitch median,Pitch Q3,Pitch max,Environment,Layering,Width
235,0,Intro,Flo Rida,M,Feat,Spoken,61.7533,195.093,223.832,250.237,265.692,E1,L1,W1
235,9.583310658,Verse,Olly Murs,M,Main,S,171.998,252.36725,264.7805,310.789,689.528,E3,L1,W3
235,27.66319728,Pre-chorus,Olly Murs,M,Main,S,181.446,260.8115,296.4095,311.03425,397.083,E1,L1,W1
235,36.75786848,Chorus,Olly Murs,M,Main,S,110.793,263.014,310.53,348.759,419.799,E1,L5,W5
235,54.82730159,Verse,Olly Murs,M,Main,S,113.351,257.7975,271.589,311.399,707.933,E3,L2,W3
235,72.87494331,Pre-chorus,Olly Murs,M,Main,S,180.183,260.58975,292.5985,311.3305,397.24,E1,L1,W1
235,82.00210884,Chorus,Olly Murs,M,Main,S,176.787,269.1105,311.984,349.408,420.918,E1,L5,W5
235,100.0814966,Chorus,Olly Murs,M,Main,S,69.2092,278.03525,312.3345,351.54825,419.942,E1,L5,W5
235,118.2363492,Verse,Flo Rida,M,Feat,S,217.276,252.986,260.181,262.8195,767.04,E1,L5,W5
235,145.4232653,Chorus,Olly Murs,M,Main,S,192.241,305.7235,313.1785,350.89425,803.884,E1,L5,W5
235,163.5910658,Chorus,Olly Murs,M,Main,S,194.55,266.223,311.658,349.78675,723.657,E1,L5,W5