Index,Timestamp,Formal section,Artist,Gender,Function,Delivery,Pitch min,Pitch Q1,Pitch median,Pitch Q3,Pitch max,Environment,Layering,Width
158,0,Chorus,,,,,,,,,,,,
158,18.281,Verse,Drake,M,Feat,R,122.207,171.93,183.719,193.128,287.85,E1,L1,W1
158,63.93779167,Chorus,,,,,,,,,,,,
158,82.2325,Verse,Nicki Minaj,W,Main,R,134.842,238.701,257.283,278.0985,349.881,E1,L1,W1
158,123.3090417,Chorus,,,,,,,,,,,,
158,141.6536458,Verse,Lil Wayne,M,Feat,R,150.401,228.6685,262.759,284.60825,427.131,E1,L1,W1
158,187.1990625,Chorus,,,,,,,,,,,,
158,218.6572083,,,,,,,,,,,,,