Index,Timestamp,Formal section,Artist,Gender,Function,Delivery,Pitch min,Pitch Q1,Pitch median,Pitch Q3,Pitch max,Environment,Layering,Width
59,0,Intro,,,,,,,,,,,,
59,11.1535625,Verse,Khalid,M,Neither,S,148.477,220.09,246.152,273.253,343.284,E4,L1,W4
59,32.4705625,Pre-chorus,Khalid,M,Neither,S,153.005,188.3065,222.803,248.5965,332.197,E4,L3,W4
59,53.77520833,Chorus,Khalid,M,Neither,S,176.344,219.11475,246.8355,277.5155,440.952,E4,L3,W5
59,75.10541667,Verse,Halsey,W,Neither,S,185.942,219.976,241.926,250.942,333.893,E1,L1,W2
59,96.45483333,Pre-chorus,Halsey,W,Neither,S,137.618,205.80375,220.6885,249.5455,332.047,E4,L1,W4
59,117.8665208,Chorus,Both,,,,,,,,,,,
59,139.1400417,Bridge,Both,,,,,,,,,,,
59,149.836,Outro,Both,,,,,,,,,,,