﻿Index,Timestamp,Formal section,Artist,Gender,Function,Delivery,Pitch min,Pitch Q1,Pitch median,Pitch Q3,Pitch max,Environment,Layering,Width
310,0,Intro,Both,,,,,,,,,,,
310,19.46190476,Verse,Timbaland,M,Main,S,113.683,155.04625,161.5045,179.588,237.665,E1,L4,W5
310,58.27331066,Chorus,Justin Timberlake,M,Feat,S,61.8241,154.452,156.576,185.357,396.79,E1,L5,W5
310,77.63650794,Verse,Justin Timberlake,M,Feat,S,73.1323,154.4055,166.9245,184.56825,250.982,E2,L5,W5
310,116.4227211,Chorus,Justin Timberlake,M,Feat,S,61.9611,154.419,156.614,184.912,400.399,E1,L5,W5
310,135.8403628,Bridge,Both,,,,,,,,,,,
310,174.6089569,Chorus,Justin Timberlake,M,Feat,S,61.8727,154.4195,156.8705,185.31125,387.104,E1,L5,W5
310,213.3886848,Outro,,,,,,,,,,,,