﻿Index,Timestamp,Formal section,Artist,Gender,Function,Delivery,Pitch min,Pitch Q1,Pitch median,Pitch Q3,Pitch max,Environment,Layering,Width
244,0,Verse,Drake,M,Main,R,109.961,140.67225,145.436,149.336,176.207,E1,L1,W1
244,57.06727891,Chorus,Drake,M,Main,R,103.981,128.817,135.207,138.522,155.915,E1,L1,W1
244,71.42501134,Verse,Lil Wayne,M,Feat,R,61.9953,127.8935,134.5255,140.30325,221.143,E3,L1,W3
244,118.8695918,Chorus,Drake,M,Main,R,104.085,128.565,135.169,138.55775,156.455,E1,L1,W1
244,142.6104535,Chorus,Drake,M,Main,R,103.88,128.9815,135.2085,138.53525,156.411,E1,L1,W1
244,161.6652834,Outro,,,,,,,,,,,,