﻿Index,Timestamp,Formal section,Artist,Gender,Function,Delivery,Pitch min,Pitch Q1,Pitch median,Pitch Q3,Pitch max,Environment,Layering,Width
276,0,Intro,DJ Khaled and Drake,,,,,,,,,,,
276,13.1992517,Verse,Drake,M,Feat,S,113.303,155.25225,182.6705,191.10025,241.121,E3,L1,W3
276,64.3637415,Pre-chorus,Drake,M,Feat,S,139.852,166.299,183.384,186.173,211.446,E1,L1,W1
276,77.23517007,Chorus,Drake,M,Feat,S,135.025,149.515,164.934,183.673,225.186,E3,L1,W3
276,102.6744444,Verse,Rick Ross,M,Feat,R,145.883,213.467,225.817,235.59,518.565,E3,L1,W3
276,153.9457596,Pre-chorus,Drake,M,Feat,S,139.793,166.2005,183.327,186.18,211.719,E1,L1,W1
276,166.7524943,Chorus,Drake,M,Feat,S,73.2045,150.51975,165.02,183.652,224.872,E3,L1,W3
276,192.2348753,Verse,Lil Wayne,M,Feat,R,101.934,144.544,157.138,167.727,198.554,E3,L1,W3
276,243.4595011,Pre-chorus,Drake,M,Feat,S,136.36,166.424,183.159,186.141,211.577,E1,L1,W1
276,256.344059,Chorus,Drake and Lil Wayne,,,,,,,,,,,
276,281.8968254,Outro,DJ Khaled,M,Main,S,252.814,280.97625,282.7135,286.5615,312.933,E3,L1,W3