﻿Index,Timestamp,Formal section,Artist,Gender,Function,Delivery,Pitch min,Pitch Q1,Pitch median,Pitch Q3,Pitch max,Environment,Layering,Width
29,0,Intro,,,,,,,,,,,,
29,10.64630386,Verse,Ariana Grande,W,Neither,S,118.437,298.098,312.114,326.7405,421.296,E3,L1,W4
29,30.52170068,Pre-chorus,Ariana Grande,W,Neither,S,113.322,216.67225,310.9165,350.02775,473.672,E3,L1,W4
29,40.62412698,Chorus,Ariana Grande,W,Neither,S,61.8105,281.85175,314.867,352.4455,532.044,E2,L3,W5
29,60.84585034,Verse,Mikey,M,Neither,S,112.937,173.126,183.445,207.872,280.958,E4,L1,W4
29,81.06759637,Pre-chorus,Mikey,M,Neither,S,83.561,159.417,206.103,232.77975,353.721,E1,L1,W2
29,91.15877551,Chorus,Ariana Grande,W,Neither,S,61.7704,279.203,312.077,347.515,519.2,E2,L5,W5
29,111.4520181,Verse,Scootie,M,Neither,S,125.734,168.90725,230.7365,310.385,439.041,E4,L1,W4
29,131.6493651,Bridge,Scootie & Ariana Grande,,,,,,,,,,,
29,141.6624036,Chorus,Ariana Grande,W,Neither,S,63.0752,281.0065,312.6655,347.925,537.056,E2,L5,W5
29,161.8905215,Outro,Ariana Grande,W,Neither,S,102.091,306.457,315.022,353.957,520.595,E2,L5,W5