﻿Index,Timestamp,Formal section,Artist,Gender,Function,Delivery,Pitch min,Pitch Q1,Pitch median,Pitch Q3,Pitch max,Environment,Layering,Width
252,0,Intro,Audio Sample,,,,,,,,,,,
252,19.31904762,Verse,Jay-Z,M,Neither,R,149.327,245.865,259.707,268.515,322.561,E1,L1,W1
252,74.1584127,Chorus,Both,,,,,,,,,,,
252,87.83526077,Verse,Kanye West,M,Neither,R,118.115,187.2295,215.073,238.96325,304.783,E1,L1,W1
252,142.7143764,Link,Audio Sample,,,,,,,,,,,
252,149.573356,Chorus,Jay-Z,M,Neither,R,145.2,241.518,249.967,260.287,273.884,E1,L1,W1
252,163.2614286,B section Intro,,,,,,,,,,,,
252,176.9911338,B section chorus,Both,,,,,,,,,,,