﻿Index,Timestamp,Formal section,Artist,Gender,Function,Delivery,Pitch min,Pitch Q1,Pitch median,Pitch Q3,Pitch max,Environment,Layering,Width
300,0,Chorus,Bruno Mars,M,Feat,S,137.396,255.74075,345.789,434.6395,593.741,E3,L1,W4
300,42.75829932,Verse,B. o. B.,M,Main,R,129.824,236.9505,253.416,269.56825,326.665,E2,L1,W4
300,61.2599093,Pre-chorus 1,B. o. B.,M,Main,S,151.789,196.163,221.558,234.659,359.444,E2,L3,W5
300,79.69172336,Chorus,Bruno Mars,M,Feat,S,139.614,233.6855,269.91,347.4335,852.444,E3,L1,W4
300,116.5995692,Verse,B. o. B.,M,Main,R,127.744,225.3695,245.413,268.6865,317.713,E1,L1,W2
300,135.1238095,Pre-chorus 2,B. o. B.,M,Main,R,127.641,207.66325,224.896,238.82525,352.404,E1,L3,W5
300,153.5210431,Chorus,Bruno Mars,M,Feat,S,153.242,233.7215,271.014,347.634,492.238,E3,L1,W4
300,190.4798186,Bridge,B. o. B.,M,Main,R,70.1871,214.06225,232.0585,244.6425,441.404,E2,L1,W3
300,208.9214512,Chorus,Bruno Mars,M,Feat,S,151.939,234.937,270.237,348.279,492.023,E3,L1,W4
300,245.8627211,Outro,B. o. B.,M,Main,S,111.016,134.199,155.502,171.905,251.077,E3,L1,W3