Index,Timestamp,Formal section,Artist,Gender,Function,Delivery,Pitch min,Pitch Q1,Pitch median,Pitch Q3,Pitch max,Environment,Layering,Width
150,0,Intro,,,,,,,,,,,,
150,4.6216875,Chorus,Jeremih,M,Main,S,166.086,260.724,289.2125,327.34125,399.107,E3,L1,W3
150,22.87885417,Verse,Natalie La Rose,W,Main,S,252.104,293.22125,296.691,332.45075,445.292,E3,L1,W3
150,41.18133333,Pre-chorus,Natalie La Rose,W,Main,S,195.138,260.80325,290.2585,299.25,353.087,E3,L4,W5
150,59.50045833,Chorus,Jeremih,M,Feat,S,166.382,261.195,292.556,328.12,582.466,E3,L1,W3
150,77.75170833,Verse,Natalie La Rose,W,Main,S,243.481,293.259,298.6235,358.32175,446.01,E3,L1,W3
150,95.99004167,Pre-chorus,Natalie La Rose,W,Main,S,211.138,260.82375,291.287,309.67475,352.497,E3,L4,W5
150,114.2825417,Chorus,Jeremih,M,Feat,S,166.134,261.1895,292.107,327.9485,583.236,E3,L2,W3
150,132.5620833,Bridge,Natalie La Rose,W,Main,S,215.511,277.11375,292.3835,298.2385,336.19,E1,L3,W5
150,150.9116667,Pre-chorus,Natalie La Rose,W,Main,S,201.634,260.3985,290.705,311.8415,352.769,E3,L4,W5
150,169.1297292,Chorus,Jeremih,M,Feat,S,194.376,261.305,292.436,328.3365,397.701,E3,L2,W3
150,199.5239792,,,,,,,,,,,,,