﻿Index,Timestamp,Formal section,Artist,Gender,Function,Delivery,Pitch min,Pitch Q1,Pitch median,Pitch Q3,Pitch max,Environment,Layering,Width
98,0,Intro,Deko & OG Parker,,,,,,,,,,,
98,15.32167801,Chorus,Quavo,M,Main,R,69.3176,138.217,161.89,165.332,373.517,E1,L1,W1
98,40.55292517,Verse,Quavo,M,Main,R,62.3272,136.6765,141.101,157.25525,458.893,E1,L1,W1
98,94.63873016,Chorus,Quavo,M,Main,R,68.5138,139.01025,162.8415,165.8245,286.042,E1,L1,W1
98,121.6922222,Verse,Offset,M,Main,R,64.5683,138.33425,155.7695,167.71275,348.947,E1,L1,W1
98,163.8621315,Chorus,Quavo,M,Main,R,67.9221,137.13775,163.0945,166.39775,363.213,E1,L1,W1
98,189.2698186,Verse,Gucci Mane,M,Feat,R,92.7455,177.4335,196.024,210.0945,494.93,E3,L1,W3
98,229.8804989,Verse,Takeoff,M,Main,R,68.1053,138.744,152.117,164.418,410.865,E1,L1,W1
98,272.1383447,Chorus,Quavo,M,Main,R,68.5666,134.58,156.892,164.856,289.53,E1,L1,W1
98,297.5156689,Outro,,,,,,,,,,,,