﻿Index,Timestamp,Formal section,Artist,Gender,Function,Delivery,Pitch min,Pitch Q1,Pitch median,Pitch Q3,Pitch max,Environment,Layering,Width
147,0,Intro,,,,,,,,,,,,
147,1.882290249,Pre-chorus,Sage the Gemini,M,Feat,S,,,,,,E2,L4,W5
147,15.11784581,Chorus,Sage the Gemini,M,Feat,S,191.902,224.9565,232.0165,233.3875,264.146,E1,L4,W5
147,28.2893424,Verse,Flo Rida,M,Main,R,98.9782,218.491,227.8065,233.11475,290.126,E1,L3,W3
147,54.46088435,Pre-chorus,Sage the Gemini,M,Feat,S,96.5277,130.503,132.248,147.561,281.614,E2,L4,W5
147,67.71331066,Chorus,Sage the Gemini,M,Feat,S,109.093,156.3795,227.681,232.812,238.125,E1,L4,W5
147,80.78614513,Verse,Sage the Gemini,M,Feat,R,102.121,152.80025,161.6125,175.21025,282.814,E1,L2,W3
147,107.1210431,Pre-chorus,Sage the Gemini,M,Feat,S,95.9169,130.521,133.261,220.8575,300.029,E2,L4,W5
147,120.2623129,Chorus,Sage the Gemini,M,Feat,S,141.494,219.1385,231.557,233.24525,264.565,E1,L4,W5
147,146.5265533,Bridge,Flo Rida,M,Main,R,138.77,196.111,225.4435,232.905,236.178,E3,L4,W5
147,159.741678,Chorus,Sage the Gemini,M,Feat,S,88.216,197.847,231.283,233.159,266.378,E1,L4,W5