﻿Index,Timestamp,Formal section,Artist,Gender,Function,Delivery,Pitch min,Pitch Q1,Pitch median,Pitch Q3,Pitch max,Environment,Layering,Width
203,0,Verse,Hayley Williams,W,Feat,S,186.191,305.81675,315.301,393.7225,531.543,E5,L2,W4
203,15.79727891,Pre-chorus,Hayley Williams,W,Feat,S,76.9944,302.864,341.969,416.619,536.284,E5,L2,W4
203,30.84777778,Chorus,Hayley Williams,W,Feat,S,175.199,239.00325,312.137,383.4235,537.219,E5,L1,W4
203,60.87811791,Dance Chorus,,,,,,,,,,,,
203,75.91319728,Dance Chorus,Hayley Williams,W,Feat,S,189.22,233.905,311.882,393.624,656.02,E1,L4,W5
203,92.6829932,Verse,Hayley Williams,W,Feat,S,201.252,305.97075,314.8185,389.98275,527.774,E5,L2,W4
203,107.7334014,Pre-chorus,Hayley Williams,W,Feat,S,187.238,315.3035,413.307,467.5325,549.494,E5,L2,W4
203,122.7165079,Chorus,Hayley Williams,W,Feat,S,92.2991,232.392,311.499,393.347,1074.65,E5,L2,W4
203,152.7300907,Bridge,Hayley Williams,W,Feat,S,178.298,213.581,244.054,331.03,421.273,E1,L4,W5
203,167.7753968,Dance Chorus,,,,,,,,,,,,
203,182.7756009,Dance Chorus,Hayley Williams,W,Feat,S,102.831,235.1075,311.7605,396.2605,1076.85,E1,L5,W5
203,197.7434694,Outro,Hayley Williams,W,Feat,S,77.7353,103.5795,155.574,207.129,210.783,E1,L1,W2