﻿Index,Timestamp,Formal section,Artist,Gender,Function,Delivery,Pitch min,Pitch Q1,Pitch median,Pitch Q3,Pitch max,Environment,Layering,Width
170,0,Intro,Ina Wroldsen,W,Feat,S,284.756,337.376,394.572,446.0545,495.734,E3,L1,W4
170,15.77210884,Verse,Ina Wroldsen,W,Feat,S,237.588,366.923,385.6335,410.03725,493.952,E3,L1,W4
170,31.49430839,Chorus,Ina Wroldsen,W,Feat,S,230.032,366.819,400.365,442.09825,531.751,E3,L1,W4
170,47.22,Other,Ina Wroldsen,W,Feat,S,164.319,329.9975,425.585,468.4715,567.797,E2,L1,W4
170,62.98006803,Other,Ina Wroldsen,W,Feat,S,222.695,330.28525,391.64,442.692,496.502,E3,L1,W4
170,78.68848073,Verse,Ina Wroldsen,W,Feat,S,160.376,297.3935,368.174,395.0325,492.085,E3,L3,W4
170,94.46873016,Chorus,Ina Wroldsen,W,Feat,S,241.637,351.9325,397.932,441.79125,525.459,E3,L1,W4
170,110.2389342,Other,Ina Wroldsen,W,Feat,S,181.178,333.05,433.185,477.313,894.804,E2,L1,W4
170,125.927483,Other,Ina Wroldsen,W,Feat,S,219.127,328.94975,406.296,449.22475,552.419,E3,L1,W4
170,141.6604308,Bridge,,,,,,,,,,,,
170,157.4076417,Other,Ina Wroldsen,W,Feat,S,163.256,195.35625,235.758,403.9705,545.825,E3,L1,W4
170,173.1366213,Other,Ina Wroldsen,W,Feat,S,146.323,289.285,330.562,437.887,894.205,E3,L1,W4
170,188.9344218,Refrain,Ina Wroldsen,W,Feat,S,63.4682,153.655,194.991,197.4545,342.458,E1,L3,W5