Index,Timestamp,Formal section,Artist,Gender,Function,Delivery,Pitch min,Pitch Q1,Pitch median,Pitch Q3,Pitch max,Environment,Layering,Width
304,0,Intro,,,,,,,,,,,,
304,11.715875,Verse,Jay-Z,M,Main,R,132.624,196.48325,204.3465,209.46275,408.476,E1,L1,W1
304,56.05341667,Chorus,Alicia Keys,W,Feat,S,199.985,412.7775,455.123,465.711,560.527,E1,L4,W5
304,83.74858333,Verse,Jay-Z,M,Main,R,134.246,205.81,213.044,218.16,423.62,E1,L1,W1
304,128.1011042,Chorus,Alicia Keys,W,Feat,S,182.501,415.1865,455.946,465.8975,561.032,E1,L4,W5
304,155.7386667,Verse,Jay-Z,M,Main,R,131.792,184.63325,195.4645,203.32225,417.939,E1,L1,W1
304,200.0744583,Chorus,Alicia Keys,W,Feat,S,222.061,414.318,454.61,465.72375,564.331,E1,L4,W5
304,227.7598333,Bridge,Alicia Keys,W,Feat,S,207.567,275.716,341.851,420.908,483.045,E1,L3,W2
304,244.4371667,Chorus,Alicia Keys,W,Feat,S,231.223,410.175,459.616,467.365,559.187,E1,L4,W5