﻿Index,Timestamp,Formal section,Artist,Gender,Function,Delivery,Pitch min,Pitch Q1,Pitch median,Pitch Q3,Pitch max,Environment,Layering,Width
223,0,Intro,,,,,,,,,,,,
223,20.20993197,Hook,All,,,,,,,,,,,
223,40.28492064,Verse,A$AP Rocky,M,Main,R,87.9859,151.816,163.98,176.514,561.36,E2,L2,W3
223,80.2244898,Hook,All,,,,,,,,,,,
223,100.2718367,Verse,Drake,M,Feat,R,106.603,167.6525,176.593,181.06275,209.666,E1,L1,W1
223,140.2559184,Hook,All,,,,,,,,,,,
223,160.2732426,Verse,Kendrick Lamar,M,Feat,R,134.995,175.179,186.152,196.072,392.166,E1,L1,W1
223,200.243356,Hook,All,,,,,,,,,,,
223,220.3287982,Outro,,,,,,,,,,,,