﻿Index,Timestamp,Formal section,Artist,Gender,Function,Delivery,Pitch min,Pitch Q1,Pitch median,Pitch Q3,Pitch max,Environment,Layering,Width
137,0,Intro,,,,,,,,,,,,
137,16.95011338,Verse,Bruno Mars,M,Feat,S,72.2574,150.454,192.799,222.658,723.431,E1,L4,W5
137,33.6746712,Refrain,Bruno Mars,M,Feat,S,71.8921,197.68425,228.069,276.01825,599.772,E1,L1,W1
137,50.36791383,Pre-chorus,Bruno Mars,M,Feat,S,106.005,189.137,221.506,279.205,422.75,E1,L1,W1
137,67.0576644,Chorus,Bruno Mars,M,Feat,S,170.162,342.09775,354.749,426.17275,2589.36,E1,L1,W1
137,92.1490703,Verse,Bruno Mars,M,Feat,S,229.604,260.6595,275.309,326.0885,365.541,E1,L4,W5
137,108.8285488,Refrain,Bruno Mars,M,Feat,S,152.986,285.008,342.432,353.863,2809.45,E1,L1,W1
137,125.4880952,Pre-chorus,Bruno Mars,M,Feat,S,170.194,340.585,345.881,352.132,423.836,E1,L1,W1
137,142.1765306,Chorus,Bruno Mars,M,Feat,S,73.5156,175.68375,360.484,433.15625,594.699,E1,L1,W1
137,167.3311791,Bridge,Bruno Mars,M,Feat,R,61.7898,177.877,203.1355,232.67525,422.699,E3,L1,W4
137,209.0049887,Chorus,Bruno Mars,M,Feat,S,170.212,344.0245,390.773,541.1725,807.607,E1,L1,W1
137,234.0702268,Outro,Bruno Mars,M,Feat,S,202.59,337.66725,343.9195,493.7415,817.12,E1,L4,W5