Index,Timestamp,Formal section,Artist,Gender,Function,Delivery,Pitch min,Pitch Q1,Pitch median,Pitch Q3,Pitch max,Environment,Layering,Width
215,0,Intro,,,,,,,,,,,,
215,15.0355625,Verse,Britney Spears,W,Feat,S,100.625,151.42275,160.971,179.07025,346.436,E3,L4,W5
215,44.62827083,Chorus,Both,,,,,,,,,,,
215,74.12304167,Post-chorus,Will.i.am,M,Main,S,61.8788,247.01475,293.6575,326.685,349.807,E2,L1,W4
215,88.85875,Verse,Will.i.am,M,Main,S,62.6582,179.8705,195.387,196.46725,261.511,E3,L1,W5
215,118.361875,Verse,Both,,,,,,,,,,,
215,147.9551458,Chorus,Both,,,,,,,,,,,
215,177.4655208,Post-chorus,Will.i.am,M,Main,S,218.923,289.845,293.647,323.4115,348.347,E2,L1,W4
215,192.3168542,Bridge,Will.i.am,M,Main,S,128.646,195.982,219.783,233.089,296.563,E1,L1,W2
215,221.7621875,Chorus,Both,,,,,,,,,,,
215,266.0936667,Outro,Both,,,,,,,,,,,
215,291.3588958,,,,,,,,,,,,,