﻿Index,Timestamp,Formal section,Artist,Gender,Function,Delivery,Pitch min,Pitch Q1,Pitch median,Pitch Q3,Pitch max,Environment,Layering,Width
286,0,Intro,,,,,,,,,,,,
286,15.02619048,Verse,Usher,M,Feat,S,120.747,165.5455,184.266,186.0215,306.291,E2,L1,W4
286,44.97666667,Pre-chorus,Usher,M,Feat,S,212.249,328.277,361.118,370.4005,546.779,E3,L1,W4
286,75.0054195,Dance Chorus,Usher,M,Feat,S,183.059,291.858,293.635,294.329,398.643,E1,L3,W5
286,97.53292517,Post-chorus,Usher,M,Feat,S,155.041,293.373,293.667,293.898,324.637,E2,L3,W5
286,101.2231519,Verse,Usher,M,Feat,S,137.658,191.22,293.498,367.305,476.36,E2,L1,W4
286,131.2801134,Pre-chorus,Usher,M,Feat,S,201.402,329.2835,367.398,371.45575,594.905,E3,L2,W4
286,161.2994785,Dance Chorus,Usher,M,Feat,S,210.7,292.39225,293.675,294.56725,397.03,E1,L3,W5
286,183.7406576,Post-chorus,Usher,M,Feat,S,152.104,293.416,293.761,294.12,331.827,E2,L3,W5
286,187.5202721,Outro,Usher,M,Feat,S,130.832,183.9015,199.651,246.52,472.346,E3,L1,W4