Index,Timestamp,Formal section,Artist,Gender,Function,Delivery,Pitch min,Pitch Q1,Pitch median,Pitch Q3,Pitch max,Environment,Layering,Width
126,0,Intro,,,,,,,,,,,,
126,7.807916667,Verse,Nick Jonas,M,Main,S,167.354,224.58425,265.853,323.25575,446.308,E2,L1,W4
126,38.8465,Pre-chorus,Nick Jonas,M,Main,S,149.1,222.42825,280.705,409.70075,502.752,E4,L1,W4
126,52.23195833,Chorus,Nick Jonas,M,Main,S,251.084,429.735,441.2935,490.86725,563.947,E4,L4,W5
126,83.36864583,Verse,Tove Lo,W,Feat,S,171.09,219.60525,244.8765,276.067,483.018,E4,L1,W4
126,114.350125,Pre-chorus,Tove Lo,W,Feat,S,174.933,220.05575,267.5,377.70925,498.038,E4,L1,W4
126,127.8315,Chorus,Both,,,,,,,,,,,
126,158.8661875,Bridge,Both,,,,,,,,,,,
126,183.6081667,Chorus,Both,,,,,,,,,,,
126,230.0950833,Outro,,,,,,,,,,,,