﻿Index,Timestamp,Formal section,Artist,Gender,Function,Delivery,Pitch min,Pitch Q1,Pitch median,Pitch Q3,Pitch max,Environment,Layering,Width
25,0,Intro,Offset,M,Main,R,115.484,130.2275,136.986,144.318,172.813,E1,L1,W1
25,13.82709751,Pre-chorus,Offset,M,Main,R,106.634,146.2315,156.707,169.3715,276.624,E1,L1,W1
25,27.51736962,Chorus,Offset,M,Main,R,108.945,133.59075,137.4165,141.18,273.554,E2,L4,W5
25,41.24501134,Verse,Offset,M,Main,R,61.811,124.538,131.256,141.067,293.917,E1,L1,W1
25,96.08530612,Pre-chorus,Offset,M,Main,R,105.994,146.65925,156.5585,169.95775,276.608,E1,L1,W1
25,109.8118821,Chorus,Offset,M,Main,R,109.069,132.887,136.981,140.421,280.358,E2,L4,W5
25,123.5517234,Verse,Cardi B,W,Feat,R,137.831,278.077,325.665,360.388,697.19,E1,L2,W4
25,178.4421315,Chorus,Offset,M,Main,R,106.138,133.1435,136.8605,140.28125,154.032,E2,L4,W5
25,192.0787982,Outro,,,,,,,,,,,,