Index,Timestamp,Formal section,Artist,Gender,Function,Delivery,Pitch min,Pitch Q1,Pitch median,Pitch Q3,Pitch max,Environment,Layering,Width
3,0,Intro,Sam Smith,NB,Neither,S,137.58,173.7115,195.12,226.357,314.807,E4,L1,W4
3,9.521904762,Verse,Sam Smith,NB,Neither,S,76.2279,206.7355,210.2955,237.132,359.248,E4,L1,W4
3,46.65367347,Chorus,Sam Smith,NB,Neither,S,194.333,261.957,312.687,349.819,530.396,E4,L1,W4
3,65.43174603,Post-chorus,Sam Smith,NB,Neither,S,152.455,205.11025,207.8535,233.35025,313.836,E4,L1,W4
3,74.7521542,Verse,Normani,W,Neither,S,164.236,208.986,231.429,256.198,351.944,E4,L1,W4
3,93.28077098,Chorus,Normani,W,Neither,S,195.742,263.9215,312.711,350.952,570.058,E4,L1,W4
3,112.0539002,Post-chorus,Both,,,,,,,,,,,
3,130.681678,Outro,Both,,,,,,,,,,,