﻿Index,Timestamp,Formal section,Artist,Gender,Function,Delivery,Pitch min,Pitch Q1,Pitch median,Pitch Q3,Pitch max,Environment,Layering,Width
282,0,Chorus,Ryan Tedder,M,Feat,S,263.662,370.2465,400.2875,445.10375,636.404,E3,L1,W4
282,21.27807256,Hook,Ryan Tedder,M,Feat,S,164.419,221.268,244.519,293.284,402.122,E1,L3,W5
282,41.27151927,Verse,Prohgress,M,Main,S,141.806,207.965,219.203,232.653,499.848,E2,L1,W4
282,61.348322,Chorus,Ryan Tedder,M,Feat,S,252.193,370.37,426.341,445.88175,640.288,E3,L1,W4
282,81.3162585,Hook,Ryan Tedder,M,Feat,S,169.502,222.423,245.861,292.487,398.744,E1,L3,W5
282,101.3305215,Verse,Kev Nish,M,Main,R,145.753,202.794,219.556,230.599,500.366,E1,L3,W4
282,121.2819048,Chorus,Ryan Tedder,M,Feat,S,121.476,369.53375,420.181,445.75875,525.48,E3,L1,W4
282,141.3394558,Verse,J-Splif,M,Main,R,167.745,214.6385,221.9225,235.78825,499.923,E1,L1,W2
282,161.297483,Chorus,Ryan Tedder,M,Feat,S,248.879,370.414,403.922,444.2035,966.647,E3,L1,W4
282,181.2560544,Hook,Ryan Tedder,M,Feat,S,193.838,221.8325,245.009,293.481,602.529,E1,L3,W5
282,201.2822676,Outro,,,,,,,,,,,,