Index,Timestamp,Formal section,Artist,Gender,Function,Delivery,Pitch min,Pitch Q1,Pitch median,Pitch Q3,Pitch max,Environment,Layering,Width
319,0,Chorus,Ludacris,M,Main,R,108.867,139.879,146.69,155.63,219.772,E5,L1,W3
319,25.05604167,Verse,Ludacris,M,Main,R,110.208,187.597,206.105,224.638,393.989,E3,L2,W3
319,58.84820833,Chorus,Ludacris,M,Main,R,112.669,141.12,150.217,157.662,228.234,E5,L1,W3
319,81.49633333,Verse,Ludacris,M,Main,R,116.346,206.563,225.217,247.158,804.323,E3,L1,W3
319,115.2850625,Chorus,Ludacris,M,Main,R,118.852,141.2295,149.73,157.562,358.874,E5,L1,W3
319,137.8747083,Verse,Nicki Minaj,W,Feat,R,202.585,266.99025,280.1695,297.139,432.144,E3,L2,W3
319,171.7856875,Chorus,Ludacris,M,Main,R,120.703,142.6445,152.93,224.782,402.267,E5,L1,W3
319,194.4126875,Outro,Ludacris,M,Main,R,100.477,168.2835,184.106,194.82475,208.841,E2,L1,W3