﻿Index,Timestamp,Formal section,Artist,Gender,Function,Delivery,Pitch min,Pitch Q1,Pitch median,Pitch Q3,Pitch max,Environment,Layering,Width
40,0,Intro,,,,,,,,,,,,
40,11.34963719,Verse,Tyga,M,Main,R,68.5566,121.586,129.589,133.705,355.386,E1,L1,W1
40,50.54453515,Chorus,Tyga,M,Main,R,66.2042,127.4275,130.6185,135.129,157.882,E1,L1,W1
40,70.11217687,Verse,Tyga,M,Main,R,68.1704,124.78725,130.363,133.4075,395.598,E1,L1,W1
40,99.49594104,Chorus,Tyga,M,Main,R,112.746,128.53375,131.0445,135.7115,395.287,E1,L1,W1
40,119.1548073,Verse,Offset,M,Feat,R,66.7778,147.673,166.912,176.461,420.223,E1,L1,W1
40,168.0748073,Chorus,Tyga,M,Main,R,112.43,130.462,142.781,347.7095,397.938,E1,L1,W1
40,177.871746,Chorus Variation,Tyga,M,Main,R,112.426,130.873,152.481,348.535,419.443,E1,L1,W1
40,207.2379592,Outro,,,,,,,,,,,,