﻿Index,Timestamp,Formal section,Artist,Gender,Function,Delivery,Pitch min,Pitch Q1,Pitch median,Pitch Q3,Pitch max,Environment,Layering,Width
228,0,Intro,J. Cole,M,Main,S,138.55,177.381,279.634,332.17,359.444,E1,L4,W5
228,7.375646259,Refrain,J. Cole,M,Main,S,64.059,154.6255,159.017,171.133,225.856,E1,L1,W1
228,45.8393424,Verse,J. Cole,M,Main,R,105.6,163.057,170.086,178.091,218.499,E1,L1,W1
228,84.21274376,Pre-chorus,Miguel,M,Feat,S,101.729,272.851,314.464,348.634,425.229,E1,L1,W1
228,103.3168934,Chorus,J. Cole,M,Main,S,107.003,139.91375,156.859,174.5715,235.525,E1,L4,W5
228,122.6904535,Verse,J. Cole,M,Main,R,114.219,157.4165,168.157,176.86825,234.675,E1,L1,W1
228,161.0284127,Pre-chorus,Miguel,M,Feat,S,127.177,279.18,315.334,348.706,430.756,E1,L1,W1
228,180.1472789,Chorus,J. Cole,M,Main,S,106.083,139.6645,156.884,174.3515,285.373,E1,L4,W5
228,199.4743311,Refrain,J. Cole,M,Main,S,64.5817,154.7675,159.63,170.2935,205.828,E1,L1,W1
228,237.7604762,Outro,J. Cole,M,Main,S,,,,,,E1,L1,W1