﻿Index,Timestamp,Formal section,Artist,Gender,Function,Delivery,Pitch min,Pitch Q1,Pitch median,Pitch Q3,Pitch max,Environment,Layering,Width
6,0,Intro,Drake & Future,,,,,,,,,,,
6,11.38247166,Verse,Drake,M,Feat,R,65.1845,147.531,161.265,165.291,223.246,E1,L1,W1
6,44.80294785,Chorus,Drake,M,Feat,R,109.454,151.4645,163.287,176.188,250.621,E1,L1,W1
6,67.18943311,Post-chorus,Drake,M,Feat,R,78.4224,149.943,162.2445,166.88775,224.684,E1,L1,W1
6,78.38190476,Other,Meek Mill,M,Main,R,148.855,234.782,263.684,290.454,596.641,E4,L1,W4
6,83.8970068,Verse,Meek Mill,M,Main,R,124.097,248.14525,258.833,269.3835,524.735,E2,L1,W4
6,128.542585,Chorus,Drake,M,Feat,R,109.673,151.186,163.092,178.939,663.963,E1,L1,W1
6,150.8951927,Outro,,,,,,,,,,,,