﻿Index,Timestamp,Formal section,Artist,Gender,Function,Delivery,Pitch min,Pitch Q1,Pitch median,Pitch Q3,Pitch max,Environment,Layering,Width
127,0,Chorus,Dan Reynolds & Sam Harris,,,,,,,,,,,
127,24.28498866,Verse,Ty Dolla $ign,M,Neither,R,116.494,148.128,164.8765,169.562,450.376,E3,L1,W3
127,58.52029479,Chorus,Dan Reynolds & Sam Harris,,,,,,,,,,,
127,81.35891157,Verse,Logic,M,Neither,S,110.877,211.245,220.739,231.142,446.616,E3,L1,W3
127,115.6928798,Chorus,Dan Reynolds & Sam Harris,,,,,,,,,,,
127,138.3885034,Verse,Lil Wayne,M,Neither,R,112.607,145.99975,153.049,159.8465,449.402,E1,L1,W1
127,183.5518594,Verse,Wiz Khalifa,M,Neither,R,99.745,169.00675,200.769,213.57825,365.846,E2,L1,W3
127,211.8578685,Chorus,Dan Reynolds & Sam Harris,,,,,,,,,,,
127,223.1219501,Outro,Sam Harris,M,Neither,S,84.3561,183.2395,221.782,244.227,305.353,E4,L3,W5