﻿Index,Timestamp,Formal section,Artist,Gender,Function,Delivery,Pitch min,Pitch Q1,Pitch median,Pitch Q3,Pitch max,Environment,Layering,Width
321,0,Intro,Both,,,,,,,,,,,
321,19.70038549,Chorus,Ray J,M,Feat,S,107.243,311.555,315.271,347.80525,397.222,E3,L4,W5
321,39.25099773,Verse,Legacy,M,Main,S,65.3245,155.259,173.982,181.8575,325.869,E1,L3,W5
321,78.4431746,Chorus,Ray J,M,Feat,S,115.995,311.02175,314.7765,348.98875,412.364,E3,L4,W5
321,98.03594104,Verse,Ben J,M,Main,R,65.1296,207.321,231.772,233.243,701.778,E2,L3,W5
321,137.2285714,Chorus,Ray J,M,Feat,S,153.557,311.739,316.379,349.441,413.901,E3,L5,W5