﻿Index,Timestamp,Formal section,Artist,Gender,Function,Delivery,Pitch min,Pitch Q1,Pitch median,Pitch Q3,Pitch max,Environment,Layering,Width
323,0,Chorus,Drake,M,Main,S,121.888,172.869,174.728,195.531,239.288,E1,L1,W1
323,24.44072562,Post-chorus,Drake,M,Main,S,119.804,152.428,163.269,175.1445,178.1,E2,L1,W3
323,30.59575964,Verse,Drake,M,Main,R,113.375,177.78875,192.148,204.58325,244.083,E1,L1,E1
323,79.20678005,Chorus,Drake,M,Main,S,114.348,170.093,174.716,195.496,238.975,E1,L1,W1
323,103.4736735,Post-chorus,"Drake, Kanye West",,,,,,,,,,,
323,109.600068,Verse,Kanye West,M,Feat,R,133.355,191.2405,201.247,215.388,315.119,E3,L1,W3
323,170.2859864,Chorus,Drake,M,Main,S,114.41,172.7435,174.746,195.5835,239.12,E1,L1,W1
323,194.5903628,Post-chorus,Drake,M,Main,S,150.8,152.76,161.571,174.4445,218.097,E2,L1,W3
323,200.6736054,Verse,Lil Wayne,M,Feat,R,70.7642,180.449,192.371,201.24,269.216,E1,L1,W1
323,249.31,Chorus,Drake,M,Main,S,114.523,173.2215,174.795,195.8785,307.531,E1,L1,W1
323,273.5136961,Post-chorus,Drake,M,Main,S,150.75,152.84575,171.545,175.34925,210.78,E2,L1,W3
323,279.6920862,Verse,Eminem,M,Feat,R,178.064,241.4485,258.0405,272.53175,357.013,E1,L3,W5
323,328.3351927,Chorus,Drake,M,Main,S,114.433,163.159,174.652,194.996,290.143,E1,L1,W1