Index,Timestamp,Formal section,Artist,Gender,Function,Delivery,Pitch min,Pitch Q1,Pitch median,Pitch Q3,Pitch max,Environment,Layering,Width
262,0,Intro,Kanye West,M,Feat,R,90.1873,185.447,219.35,243.387,482.17,E1,L1,W1
262,32.24145833,Verse,Katy Perry,W,Main,S,256.26,352.7275,401.375,415.3605,496.037,E3,L2,W3
262,57.4896875,Pre-chorus,Katy Perry,W,Main,S,267.067,350.204,392.795,470.057,562.691,E3,L1,W2
262,70.1479375,Chorus,Katy Perry,W,Main,S,270.02,350.44,399.199,417.817,607.27,E1,L3,W5
262,98.529875,Verse,Katy Perry,W,Main,S,297.937,355.795,403.855,414.94,462.556,E3,L2,W3
262,111.3438333,Pre-chorus,Katy Perry,W,Main,S,265.691,349.33625,390.153,413.06475,549.833,E3,L5,W4
262,123.9715833,Chorus,Katy Perry,W,Main,S,273.765,350.019,393.773,416.6865,615.75,E1,L3,W5
262,149.4335208,Bridge,Kanye West,M,Feat,R,97.3696,174.8525,192.973,213.616,421.167,E1,L3,W4
262,177.8585,Chorus,Katy Perry,W,Main,S,250.461,348.782,359.098,416.391,631.785,E1,L4,W5