Index,Timestamp,Formal section,Artist,Gender,Function,Delivery,Pitch min,Pitch Q1,Pitch median,Pitch Q3,Pitch max,Environment,Layering,Width
94,0,Intro,Travis Scott,M,Feat,S,97.0039,108.93675,125.017,163.24725,438.276,E3,L1,W2
94,14.84372917,Chorus,SZA,W,Main,S,190.668,246.2885,295.306,350.271,486.987,E4,L1,W4
94,29.11414583,Verse,SZA,W,Main,S,171.818,222.212,255.391,293.646,409.529,E1,L1,W2
94,71.7931875,Bridge,SZA,W,Main,S,193.25,293.954,374.3065,396.90725,538.089,E1,L2,W4
94,114.5534375,Chorus,SZA,W,Main,S,186.413,247.498,293.47,354.862,487.552,E1,L2,W4
94,128.6693125,Verse,SZA,W,Main,S,179.1,219.39675,244.448,263.41725,394.968,E2,L2,W4
94,157.1385625,Verse,Travis Scott,M,Feat,S,91.3875,193.421,253.1865,284.494,394.491,E3,L1,W3
94,199.7917083,Chorus,SZA,W,Main,S,192.062,246.618,293.579,356.574,488.043,E1,L2,W4
94,214.08225,Outro,SZA,W,Main,S,185.473,254.3905,293.111,329.91,495.395,E1,L2,W4
94,283.835625,,,,,,,,,,,,,