Index,Timestamp,Formal section,Artist,Gender,Function,Delivery,Pitch min,Pitch Q1,Pitch median,Pitch Q3,Pitch max,Environment,Layering,Width
132,0,Intro,Both,,,,,,,,,,,
132,17.25314583,Verse,Camila Cabello,W,Neither,S,193.939,247.287,263.8125,294.12,350.435,E3,L1,W3
132,36.23672917,Pre-chorus,Both,,,,,,,,,,,
132,50.87258333,Chorus,Both,,,,,,,,,,,
132,67.84308333,Post-chorus,Both,,,,,,,,,,,
132,86.72760417,Verse,Shawn Mendes,M,Neither,S,191.156,259.6,289.172,297.047,394.572,E3,L1,W3
132,103.5653333,Pre-chorus,Both,,,,,,,,,,,
132,118.2980417,Chorus,Both,,,,,,,,,,,
132,135.1345625,Bridge,Both,,,,,,,,,,,
132,185.7025625,Chorus,Both,,,,,,,,,,,
132,228.2470625,,,,,,,,,,,,,