﻿Index,Timestamp,Formal section,Artist,Gender,Function,Delivery,Pitch min,Pitch Q1,Pitch median,Pitch Q3,Pitch max,Environment,Layering,Width
230,0,Intro,,,,,,,,,,,,
230,7.805918367,Chorus,Ellie Goulding,W,Feat,S,214.534,264.315,311.389,363.7995,413.999,E3,L1,W4
230,23.22183674,Other,Ellie Goulding,W,Feat,S,228.422,260.767,264.0855,311.30525,394.644,E2,L1,W4
230,38.56594104,Dance Chorus,,,,,,,,,,,,
230,57.81113379,Verse,Ellie Goulding,W,Feat,S,210.739,348.92275,386.676,392.7315,469.446,E3,L1,W4
230,73.11816327,Pre-chorus,Ellie Goulding,W,Feat,S,195.401,346.4395,351.6855,393.76,525.87,E3,L1,W4
230,88.46954649,Chorus,Ellie Goulding,W,Feat,S,175.488,260.3075,309.039,359.0855,449.513,E2,L2,W4
230,103.8621315,Dance Chorus,Ellie Goulding,W,Feat,S,212.071,261.014,308.176,311.535,396.958,E4,L1,W4
230,119.130068,Verse,Ellie Goulding,W,Feat,S,230.115,348.25925,386.312,392.81325,470.868,E3,L1,W4
230,134.5278005,Pre-chorus,Ellie Goulding,W,Feat,S,214.722,347.55,350.774,395.155,525.628,E4,L2,W4
230,149.9449433,Chorus,Ellie Goulding,W,Feat,S,175.476,259.2405,306.893,351.2725,415.784,E4,L3,W5
230,165.3074603,Dance Chorus,Ellie Goulding,W,Feat,S,212.023,260.7855,308.063,311.64125,416.952,E4,L1,W4
230,180.6255329,Bridge,Ellie Goulding,W,Feat,S,223.465,326.297,397.14,463.86825,493.009,E5,L1,W4
230,195.9985941,Chorus,Ellie Goulding,W,Feat,S,221.597,281.33175,316.062,349.71025,408.405,E5,L1,W4
230,211.3891156,Dance Chorus,,,,,,,,,,,,