﻿Index,Timestamp,Formal section,Artist,Gender,Function,Delivery,Pitch min,Pitch Q1,Pitch median,Pitch Q3,Pitch max,Environment,Layering,Width
236,0,Intro,,,,,,,,,,,,
236,22.73562358,Verse,will.i.am,M,Feat,R,159.191,221.41525,231.3185,233.9215,278.812,E3,L3,W5
236,34.07526077,Verse,Both,,,,,,,,,,,
236,45.2890703,Chorus,The Script,M,Main,S,113.644,344.2165,384.246,407.716,533.947,E3,L3,W5
236,67.94446712,Verse,will.i.am,M,Feat,R,171.394,226.903,232.389,234.551,297.488,E3,L3,W5
236,79.23002268,Verse,Both,,,,,,,,,,,
236,90.46721088,Chorus,The Script,M,Main,S,194.858,349.548,386.737,405.442,533.5,E3,L3,W5
236,113.1342404,Post-chorus,Both,,,,,,,,,,,
236,124.5551701,Bridge,Both,,,,,,,,,,,
236,147.0071655,Chorus,The Script,M,Main,S,86.4881,234.17525,385.6665,439.60975,569.939,E3,L3,W5
236,169.6242404,Chorus,Both,,,,,,,,,,,
236,192.2047392,Outro,,,,,,,,,,,,