﻿Index,Timestamp,Formal section,Artist,Gender,Function,Delivery,Pitch min,Pitch Q1,Pitch median,Pitch Q3,Pitch max,Environment,Layering,Width
73,0,Intro,,,,,,,,,,,,
73,10.11902494,Verse,Alessia Cara,W,Neither,S,111.151,205.5125,233.281,256.7845,407.053,E4,L1,W3
73,28.85433107,Pre-chorus,Alessia Cara,W,Neither,S,172.797,247.915,324.794,412.501,556.78,E4,L2,W4
73,47.6630839,Chorus,Alessia Cara,W,Neither,S,69.2749,350.39125,413.073,423.4615,556.869,E1,L4,W5
73,66.53782313,Dance Chorus,Alessia Cara,W,Neither,S,68.2431,127.66375,206.9965,330.338,432.808,E1,L4,W5
73,87.63337869,Verse,Alessia Cara,W,Neither,S,166.021,233.911,259.046,349.377,527.792,E4,L1,W3
73,106.4921542,Pre-chorus,Alessia Cara,W,Neither,S,171.79,258.76,347.215,415.663,556.951,E4,L2,W4
73,125.2873923,Chorus,Alessia Cara,W,Neither,S,238.369,407.19475,416.2245,433.553,556.91,E1,L4,W5
73,144.135737,Dance Chorus,Alessia Cara,W,Neither,S,68.8755,206.3905,331.662,408.09,553.922,E1,L4,W5
73,162.9702494,Bridge,Alessia Cara,W,Neither,S,189.644,257.1055,361.146,415.70975,846.655,E5,L1,W4
73,181.7372789,Chorus,Alessia Cara,W,Neither,S,173.966,361.314,413.8045,426.137,557.464,E1,L4,W5
73,200.6263492,Outro,,,,,,,,,,,,