﻿Index,Timestamp,Formal section,Artist,Gender,Function,Delivery,Pitch min,Pitch Q1,Pitch median,Pitch Q3,Pitch max,Environment,Layering,Width
55,0,Intro,Dua Lipa,W,Neither,S,129.946,261.549,275.507,295.432,397.822,E5,L1,W4
55,23.18004535,Verse,Dua Lipa,W,Neither,S,65.5511,264.3335,325.696,331.468,396.242,E5,L1,W4
55,38.71739229,Pre-chorus,Dua Lipa,W,Neither,S,173.01,263.277,293.901,325.9715,400.044,E5,L1,W4
55,54.19235828,Chorus,Dua Lipa,W,Neither,S,211.41,261.8055,291.625,295.122,350.909,E5,L1,W4
55,69.67580499,Dance Chorus,,,,,,,,,,,,
55,85.22886621,Verse,Dua Lipa,W,Neither,S,212.722,271.836,298.822,343.623,383.963,E5,L1,W4
55,100.6472562,Pre-chorus,Dua Lipa,W,Neither,S,169.927,263.23825,294.169,325.78925,400.16,E5,L1,W4
55,116.1173696,Chorus,Dua Lipa,W,Neither,S,207.262,261.776,291.713,295.713,350.799,E5,L1,W4
55,131.56678,Dance Chorus,,,,,,,,,,,,
55,147.1269388,Bridge,Dua Lipa,W,Neither,S,171.437,250.90425,261.391,291.296,332.731,E5,L1,W4
55,162.5386621,Pre-chorus,Dua Lipa,W,Neither,S,170.207,263.83025,294.1745,326.846,407.785,E5,L1,W4
55,178.0794104,Chorus,Dua Lipa,W,Neither,S,211.918,261.75,291.6105,295.42725,355.277,E5,L1,W4
55,193.5423583,Dance Chorus,,,,,,,,,,,,