﻿Index,Timestamp,Formal section,Artist,Gender,Function,Delivery,Pitch min,Pitch Q1,Pitch median,Pitch Q3,Pitch max,Environment,Layering,Width
289,0,Intro,New Boyz,,,,,,,,,,,
289,3.365238095,Pre-chorus,Cyrano,M,Feat,S,117.178,194.9205,195.992,196.7215,556.194,E3,L2,W4
289,18.67043084,Chorus,Cyrano & Dev,,,,,,,,,,,
289,34.04022676,Verse,Ben J,M,Main,R,103.62,189.353,197.21,207.458,354.513,E1,L3,W5
289,64.71773243,Pre-chorus,Cyrano,M,Feat,S,140.368,194.7985,195.981,196.60825,558.183,E3,L2,W4
289,80.06718821,Chorus,Cyrano & Dev,,,,,,,,,,,
289,95.37433107,Verse,Legacy,M,Main,R,136.533,206.23375,234.261,246.4955,306.085,E1,L3,W5
289,126.1552154,Pre-chorus,Cyrano,M,Feat,S,140.437,194.835,195.997,196.963,570.288,E3,L2,W4
289,141.5009977,Chorus,Cyrano & Dev,,,,,,,,,,,
289,156.8448299,Bridge,Campa,M,Feat,R,63.6777,124.865,129.856,157.178,731.807,E3,L1,W4
289,176.0605669,Pre-chorus,Cyrano,M,Feat,S,139.773,194.665,195.965,196.5155,684.492,E3,L2,W4
289,191.4045125,Chorus,Cyrano & Dev,,,,,,,,,,,
289,206.7690476,Outro,,,,,,,,,,,,