﻿Index,Timestamp,Formal section,Artist,Gender,Function,Delivery,Pitch min,Pitch Q1,Pitch median,Pitch Q3,Pitch max,Environment,Layering,Width
78,0,Intro,Both,,,,,,,,,,,
78,37.37605442,Verse,KYLE,M,Main,S,79.5994,142.959,148.4315,164.09,296.404,E3,L1,W3
78,101.3722449,Chorus,KYLE,M,Main,S,123.735,138.80075,147.144,156.05775,227.684,E3,L1,W4
78,126.9093878,Post-chorus,KYLE,M,Main,S,130.128,147.507,163.813,168.508,227.632,E3,L1,W4
78,139.7331973,Verse,Lil Yachty,M,Feat,S,113.882,147.358,266.765,295.955,442.672,E3,L1,W3
78,203.7650113,Chorus,KYLE,M,Main,S,120.495,137.7705,147.0925,155.53725,227.646,E3,L1,W4
78,229.3469615,Post-chorus,KYLE,M,Main,S,130.214,147.42325,162.9005,169.2495,227.519,E3,L1,W4
78,242.0618367,Outro,,,,,,,,,,,,