﻿Index,Timestamp,Formal section,Artist,Gender,Function,Delivery,Pitch min,Pitch Q1,Pitch median,Pitch Q3,Pitch max,Environment,Layering,Width
153,0,Intro,,,,,,,,,,,,
153,29.48217687,Pre-chorus,Big Sean,M,Main,R,155.34,275.3015,305.5685,339.51175,427.103,E2,L2,W3
153,49.0652381,Chorus,Big Sean,M,Main,R,147.73,212.0305,235.684,285.365,343.154,E2,L2,W3
153,58.79972789,Verse,Big Sean,M,Main,R,85.7954,211.69025,249.0535,276.79225,570.589,E1,L2,W3
153,107.8330839,Pre-chorus,Big Sean,M,Main,R,156.165,278.3465,306.8875,341.7115,427.047,E2,L2,W3
153,127.4254649,Chorus,Big Sean,M,Main,R,133.089,224.063,248.086,296.061,658.539,E2,L2,W3
153,137.1925397,Verse,E-40,M,Feat,R,90.0973,149.399,177.5385,206.345,367.172,E2,L2,W4
153,186.1812245,Pre-chorus,Big Sean,M,Main,R,170.357,278.9425,310.647,351.98875,666.59,E2,L2,W3
153,205.758322,Chorus,Big Sean,M,Main,R,145.069,203.9505,225.877,261.4985,325.638,E3,L1,W3
153,225.3063265,Verse,Big Sean,M,Main,R,109.379,173.783,186.187,199.82225,355.087,E2,L2,W3
153,264.5458957,Outro,Big Sean,M,Main,R,127.791,155.4695,167.771,195.971,469.31,E1,L1,W1