Index,Timestamp,Formal section,Artist,Gender,Function,Delivery,Pitch min,Pitch Q1,Pitch median,Pitch Q3,Pitch max,Environment,Layering,Width
245,0,Intro,,,,,,,,,,,,
245,15.7968125,Verse,Drake,M,Main,S,112.835,174.0295,178.0155,196.20075,239.16,E2,L1,W3
245,78.6373125,Chorus,Rihanna,W,Feat,S,155.466,196.9655,232.24,236.6275,318.276,E3,L1,W3
245,110.0677917,Verse,Drake,M,Main,S,96.9191,167.99075,175.963,195.61475,264.279,E2,L1,W3
245,157.1987292,Bridge,,,,,,,,,,,,
245,188.7085833,Chorus,Rihanna,W,Feat,S,163.408,208.249,232.7205,235.98325,317.087,E3,L1,W3
245,220.1658333,Outro,,,,,,,,,,,,