Index,Timestamp,Formal section,Artist,Gender,Function,Delivery,Pitch min,Pitch Q1,Pitch median,Pitch Q3,Pitch max,Environment,Layering,Width
151,0,Verse,Rihanna,W,Neither,S,172.826,296.712,336.786,370.397,1316.85,E3,L1,W3
151,28.002375,Chorus,Rihanna,W,Neither,S,206.997,293.014,329.333,361.487,484.119,E1,L5,W5
151,46.76320833,Verse,Kanye West,M,Neither,S,144.214,218.699,224.752,291.3315,417.809,E1,L3,W3
151,65.283375,Chorus,Both,,,,,,,,,,,
151,84.01910417,Bridge,Rihanna,W,Neither,S,182.1,289.714,338.591,440.598,691.948,E1,L1,W2
151,121.8892917,Verse,Both,,,,,,,,,,,
151,149.1871875,Chorus,Both,,,,,,,,,,,
151,191.7452917,,,,,,,,,,,,,