﻿Index,Timestamp,Formal section,Artist,Gender,Function,Delivery,Pitch min,Pitch Q1,Pitch median,Pitch Q3,Pitch max,Environment,Layering,Width
62,0,Intro,Darell & Ozuna,,,,,,,,,,,
62,29.90827664,Chorus,Ozuna,M,Neither,S,181.347,196.78875,370.4475,391.695,466.392,E5,L2,W4
62,49.86634921,Verse,Bad Bunny,M,Neither,S,143.37,221.12425,245.7675,247.4845,597.343,E5,L1,W3
62,79.67684807,Pre-chorus,Bad Bunny,M,Neither,S,162.761,184.96025,188.293,196.12975,504.079,E3,L1,W3
62,99.57185941,Chorus,Bad Bunny,M,Neither,S,112.62,185.3905,195.625,196.173,229.374,E4,L3,W3
62,119.5289116,Verse,Darell,M,Neither,S,92.4705,129.9495,142.973,148.6125,248.736,E5,L1,W4
62,161.6665533,Chorus,Darell & Nio Garc’a,,,,,,,,,,,
62,181.5692744,Verse,Casper M‡gico,M,Neither,R,123.229,152.747,159.2975,163.597,593.683,E5,L1,W4
62,201.5002268,Chorus,Casper M‡gico,M,Neither,S,141.389,165.864,186.326,196.005,331.726,E5,L3,W4
62,231.3539909,Verse,Ozuna,M,Neither,S,215.533,331.254,370.8,392.873,503.789,E5,L1,W4
62,251.2818141,Refrain,Ozuna,M,Neither,S,183.182,327.53,332.669,383.0645,402.742,E5,L1,W4
62,271.1550113,Verse,Nio Garc’a,M,Neither,S,122.165,184.922,195.037,199.378,331.464,E5,L1,W4
62,291.0555782,Chorus,Nio Garc’a,M,Neither,S,64.6534,165.877,185.332,195.96,331.717,E5,L3,W5
62,320.8655329,Verse,Nicky Jam,M,Neither,S,161.882,292.799,323.024,329.845,589.226,E5,L1,W4
62,340.7797279,Bridge,Nicky Jam,M,Neither,S,87.431,290.655,295.511,328.673,372.497,E5,L1,W4
62,360.6760998,Chorus,Nicky Jam,M,Neither,S,61.6805,163.944,184.996,195.741,250.5,E5,L3,W5
62,380.6512925,Outro,All,,,,,,,,,,,