﻿Index,Timestamp,Formal section,Artist,Gender,Function,Delivery,Pitch min,Pitch Q1,Pitch median,Pitch Q3,Pitch max,Environment,Layering,Width
27,0,Intro,Megan Thee Stallion & Nicki Minaj (JT Sample),,,,,,,,,,,
27,10.70938776,Chorus,Ty Dolla $ign (and JT Sample),M,Neither,S,62.1016,132.172,165.186,196.6725,263.746,E3,L1,W3
27,30.08451247,Verse,Megan Thee Stallion,W,Neither,R,65.2119,210.467,221.8625,237.17325,384.7,E2,L1,W4
27,49.54024943,Pre-chorus,Megan Thee Stallion,W,Neither,S,158.727,195.30775,203.5945,223.25275,289.481,E2,L1,W3
27,59.24519274,Chorus,Ty Dolla $ign (and JT Sample),M,Neither,S,61.9753,129.705,147.8825,195.0795,250.303,E3,L1,W3
27,78.60596372,Verse,Nicki Minaj,W,Neither,R,124.398,226.8905,250.667,274.8805,362.481,E2,L1,W3
27,107.707415,Chorus,Ty Dolla $ign (and JT Sample),M,Neither,S,61.743,130.711,155.044,195.895,250.464,E3,L1,W3
27,127.0775737,Verse,Megan Thee Stallion,W,Neither,R,65.1612,212.8365,226.361,239.4175,308.709,E2,L1,W4
27,146.5075737,Pre-chorus,Megan Thee Stallion,W,Neither,S,159.012,194.82,202.1925,222.474,290.49,E2,L1,W3
27,156.2223583,Chorus,Ty Dolla $ign (and JT Sample),M,Neither,S,62.4702,130.234,151.414,195.189,249.679,E3,L1,W3
27,175.6032653,Outro,All,,,,,,,,,,,