﻿Index,Timestamp,Formal section,Artist,Gender,Function,Delivery,Pitch min,Pitch Q1,Pitch median,Pitch Q3,Pitch max,Environment,Layering,Width
216,0,Intro,,,,,,,,,,,,
216,9.362857143,Verse,Foxes,W,Feat,S,183.531,255.2845,273.6245,308.22,403.266,E3,L1,W3
216,39.43594104,Pre-chorus,Foxes,W,Feat,S,271.107,400.3685,416.667,466.569,614.903,E3,L1,W3
216,54.45095238,Chorus,Foxes,W,Feat,S,197.784,414.88,465.102,521.297,632.018,E3,L3,W5
216,69.44240363,Dance Chorus,Male voices (no ID),M,Uncredited,S,101.835,173.832,231.17,309.7825,489.535,E1,L4,W5
216,84.43054422,Dance Chorus,Male voices (no ID),M,Uncredited,S,147.459,229.743,260.826,264.5655,349.505,E1,L4,W5
216,99.43328798,Chorus,Foxes,W,Feat,S,197.784,414.88,465.102,521.297,632.018,E1,L3,W5
216,114.4479138,Link,,,,,,,,,,,,
216,121.8778912,Verse,Foxes,W,Feat,S,176.105,259.57225,276.9285,309.1935,409.713,E3,L2,W3
216,151.8920862,Pre-chorus,Foxes,W,Feat,S,208.824,393.2685,416.0275,466.203,568.446,E3,L1,W3
216,166.9359637,Chorus,Foxes,W,Feat,S,196.97,262.032,415.569,466.2555,654.768,E3,L3,W5
216,181.9901134,Bridge,Male voices (no ID),M,Uncredited,S,151.074,173.48425,231.5715,262.25575,323.387,E1,L4,W5
216,196.9280952,Other,,,,,,,,,,,,
,211.8914059,Dance Chorus,Both,,,,,,,,,,,
,226.8927891,Dance Chorus,Both,,,,,,,,,,,
,241.9695238,Chorus,Both,,,,,,,,,,,
,256.9418141,Outro,,,,,,,,,,,,