Index,Timestamp,Formal section,Artist,Gender,Function,Delivery,Pitch min,Pitch Q1,Pitch median,Pitch Q3,Pitch max,Environment,Layering,Width
221,0,Intro,Pitbull,M,Main,R,128.498,151.564,157.524,166.27825,291.26,E1,L1,W1
221,14.06610417,Chorus,Christina Aguilera,W,Feat,S,248.39,327.945,380.211,441.216,679.675,E3,L2,W4
221,42.42447917,Post-chorus,,,,,,,,,,,,
221,70.64004167,Verse,Pitbull,M,Main,R,161.223,237.7475,246.385,253.1535,628.061,E1,L4,W5
221,98.78120833,Chorus,Christina Aguilera,W,Feat,S,251.67,327.576,375.488,441.003,704.209,E3,L3,W4
221,127.0730625,Post-chorus,,,,,,,,,,,,
221,141.2076667,Verse,Pitbull,M,Main,R,132.646,217.57225,237.8445,252.3195,690.729,E1,L4,W5
221,169.4132083,Chorus,Christina Aguilera,W,Feat,S,232.595,327.91925,385.735,441.1675,639.145,E3,L3,W4
221,197.7158542,Post-chorus,,,,,,,,,,,,
221,211.7866667,Outro,Christina Aguilera,W,Feat,S,264.421,307.00225,389.0885,440.99325,531.027,E3,L3,W4