Index,Timestamp,Formal section,Artist,Gender,Function,Delivery,Pitch min,Pitch Q1,Pitch median,Pitch Q3,Pitch max,Environment,Layering,Width
267,0,Chorus,Rihanna,W,Main,S,139.326,277.11925,290.3215,329.366,442.901,E3,L1,W4
267,20.06614583,Verse,Drake,M,Feat,R,103.605,136.56,143.109,158.699,442.498,E1,L1,W2
267,58.4733125,Chorus,Rihanna,W,Main,S,248.656,277.34275,293.2835,329.647,442.701,E3,L1,W4
267,68.016875,Verse,Rihanna,W,Main,S,178.45,250.7705,274.454,278.4165,377.529,E3,L1,W4
267,87.2430625,Refrain,Rihanna,W,Main,S,272.459,328.6445,332.107,370.3575,666.276,E1,L1,W2
267,125.5963125,Chorus,Rihanna,W,Main,S,247.093,277.29,290.7925,328.633,442.343,E3,L1,W4
267,135.1966458,Verse,Rihanna,W,Main,S,212.013,246.512,271.237,277.292,375.336,E3,L1,W4
267,154.3417292,Refrain,Rihanna,W,Main,S,243.811,328.468,331.437,369.752,505.573,E1,L1,W2
267,173.5296042,Bridge,Rihanna,W,Main,S,302.354,377.368,436.25,491.9095,562.589,E3,L1,W2
267,192.7520417,Chorus,Rihanna,W,Main,S,242.015,277.2045,292.846,330.3295,442.648,E3,L1,W4
267,211.9401458,Refrain,Rihanna,W,Main,S,185.917,307.9355,330.562,369.5165,563.628,E1,L1,W2