﻿Index,Timestamp,Formal section,Artist,Gender,Function,Delivery,Pitch min,Pitch Q1,Pitch median,Pitch Q3,Pitch max,Environment,Layering,Width
326,0,Intro,DJ Khaled,M,Main,spoken,217.399,345.896,381.649,438.429,487.262,E3,L1,W4
326,6.471133787,Chorus,T-Pain,M,Feat,S,146.29,340.72,349.314,390.3895,449.413,E2,L4,W5
326,32.03507937,Verse,Ludacris,M,Feat,R,173.887,245.984,256.1035,265.667,390.634,E1,L2,W3
326,70.41897959,Chorus,T-Pain,M,Feat,S,146.514,309.9,349.153,355.9655,450.344,E2,L4,W5
326,96.02927438,Verse,Rick Ross,M,Feat,R,184.235,256.86075,263.771,276.13025,483.5,E1,L3,W4
326,134.4691383,Chorus,T-Pain,M,Feat,S,146.555,337.4685,349.306,390.56,454.119,E2,L4,W5
326,160.0478005,Verse,Snoop Dogg,M,Feat,R,61.8594,109.28725,124.7305,144.877,327.253,E1,L3,W4
326,198.4689569,Chorus,T-Pain,M,Feat,S,146.537,341.77475,349.4315,392.17125,453.326,E2,L4,W5