﻿Index,Timestamp,Formal section,Artist,Gender,Function,Delivery,Pitch min,Pitch Q1,Pitch median,Pitch Q3,Pitch max,Environment,Layering,Width
46,0,Intro,Quavo,M,Main,R,112.202,147.069,170.1025,185.382,215.395,E2,L1,W4
46,13.18371882,Chorus,Quavo,M,Main,R,113.868,176.487,196.9705,213.876,259.933,E1,L1,W2
46,39.38820862,Verse,Quavo,M,Main,R,103.528,185.9515,208.644,218.81175,603.912,E1,L1,W2
46,78.89743764,Chorus,Quavo,M,Main,R,96.9224,182.654,201.3795,218.86025,412.633,E1,L1,W2
46,105.1747392,Verse,Drake,M,Feat,R,140.029,192.86825,207.6045,218.22875,1420.45,E1,L1,W2
46,144.6855556,Chorus,Quavo,M,Main,R,93.0451,183.479,203.31,220.2145,406.267,E1,L1,W2
46,170.9124036,Verse,Offset,M,Main,R,100.801,168.62975,182.041,196.5325,295.821,E1,L1,W2
46,197.2419955,Chorus,Quavo,M,Main,R,99.3556,181.47875,201.3175,219.4035,398.132,E1,L1,W2
46,223.5570068,Verse,Takeoff,M,Main,R,96.1177,166.62525,200.741,216.32475,256.153,E1,L1,W2
46,249.8292063,Chorus,Quavo,M,Main,R,99.2425,181.252,201.265,219.409,395.959,E1,L1,W2