﻿Index,Timestamp,Formal section,Artist,Gender,Function,Delivery,Pitch min,Pitch Q1,Pitch median,Pitch Q3,Pitch max,Environment,Layering,Width
204,0,Intro,,,,,,,,,,,,
204,13.07521542,Chorus,BJ the Chicago Kid,M,Feat,S,61.7687,184.4305,204.291,207.887,243.063,E2,L3,W5
204,41.73480726,Verse,ScHoolboy Q,M,Main,S,62.06,185.641,206.1385,209.512,247.375,E2,L1,W3
204,70.45301587,Chorus,BJ the Chicago Kid,M,Feat,S,68.4568,177.153,192.593,206.99625,243.039,E2,L3,W5
204,99.09265306,Verse,ScHoolboy Q,M,Main,R,80.8977,176.2225,190.5305,201.56825,230.067,E3,L1,W3
204,134.7907029,Chorus,BJ the Chicago Kid,M,Feat,S,61.8246,179.612,192.836,207.091,241.26,E2,L3,W5
204,163.5839909,Verse,ScHoolboy Q,M,Main,S,97.1649,185.946,206.9205,211.815,255.068,E2,L1,W3
204,206.5543764,Chorus,BJ the Chicago Kid,M,Feat,S,68.4558,182.82,193.199,206.751,242.221,E2,L3,W5
204,235.1681633,Chorus,BJ the Chicago Kid,M,Feat,S,61.8323,183.349,204.7325,207.86775,240.945,E2,L3,W5
204,263.860771,Outro,,,,,,,,,,,,