﻿Index,Timestamp,Formal section,Artist,Gender,Function,Delivery,Pitch min,Pitch Q1,Pitch median,Pitch Q3,Pitch max,Environment,Layering,Width
190,0,Intro,,,,,,,,,,,,
190,15.84820862,Verse,Florida Georgia Line,M,Main,S,86.6592,206.8725,223.037,234.812,314.529,E1,L1,W1
190,37.70956916,Chorus,Florida Georgia Line,M,Main,S,69.1532,104.1805,201.362,232.582,314.866,E1,L5,W5
190,66.76895692,Verse,Florida Georgia Line,M,Main,S,150.873,193.498,203.943,211.036,303.042,E1,L1,W1
190,95.87190476,Chorus,Florida Georgia Line,M,Main,S,76.7102,130.307,221.436,235.2495,366.431,E1,L5,W5
190,124.9271202,Other,,,,,,,,,,,,
190,139.4909524,Bridge,Luke Bryan,M,Feat,S,81.0608,180.1045,221.2225,234.1455,325.961,E1,L1,W1
190,154.0671202,Chorus,Both,,,,,,,,,,,
190,183.1445805,Outro,Both,,,,,,,,,,,