﻿Index,Timestamp,Formal section,Artist,Gender,Function,Delivery,Pitch min,Pitch Q1,Pitch median,Pitch Q3,Pitch max,Environment,Layering,Width
288,0,Intro,,,,,,,,,,,,
288,27.7185941,Verse,Brad Paisley,M,Neither,S,81.0721,144.2165,164.4655,176.1965,267.035,E1,L1,W1
288,55.0338322,Verse,Both,,,,,,,,,,,
288,82.39430839,Verse,Both,,,,,,,,,,,
288,95.98655329,Verse,Both,,,,,,,,,,,
288,123.2405215,Bridge Part I,Both,,,,,,,,,,,
288,136.9281859,Bridge Part II (instrumental),,,,,,,,,,,,
288,164.2309751,Verse,Both,,,,,,,,,,,
288,191.526644,Verse,Both,,,,,,,,,,,
288,218.7919955,Outro,Both,,,,,,,,,,,