Index,Timestamp,Formal section,Artist,Gender,Function,Delivery,Pitch min,Pitch Q1,Pitch median,Pitch Q3,Pitch max,Environment,Layering,Width
173,0,Intro,Rie Abe,W,Uncredited,Spoken,107.595,129.323,243.175,274.064,389.809,E3,L1,W3
173,11.7075283,Verse,Jason Derulo,M,Main,S,86.1232,184.641,217.039,262.177,376.877,E3,L2,W4
173,30.7768254,Pre-chorus,Jason Derulo,M,Main,S,96.4324,249.388,275.58,279.021,302.689,E1,L3,W5
173,40.4527438,Dance Chorus,Jason Derulo,M,Main,S,91.0756,125.149,184.21,189.199,250.492,E1,L5,W5
173,59.555873,Verse,Jason Derulo,M,Main,S,142.154,221.052,248.249,276.7965,379.297,E3,L2,W4
173,78.5826984,Pre-chorus,Jason Derulo,M,Main,S,93.6585,256.0795,275.848,280.2295,373.151,E1,L3,W5
173,88.2150113,Dance Chorus,Jason Derulo,M,Main,S,91.0175,135.225,186.686,207.858,373.633,E1,L5,W5
173,106.091995,Bridge,Jason Derulo,M,Main,S,172.699,247.08275,275.84,288.014,373.078,E1,L5,W5
173,115.707846,Verse,2 Chainz,M,Feat,R,79.9399,245.184,266.056,287.125,667.328,E1,L2,W3
173,144.346939,Pre-chorus,Jason Derulo,M,Main,S,72.3779,249.24475,276.6075,292.90625,674.074,E1,L5,W5
173,153.93517,Dance Chorus,Jason Derulo,M,Main,S,97.9792,193.68525,255.746,373.9765,747.006,E1,L5,W5
173,171.936417,Outro,Rie Abe,W,Uncredited,Spoken,101.681,183.29175,246.3185,383.21025,536.24,E4,L1,W3