﻿Index,Timestamp,Formal section,Artist,Gender,Function,Delivery,Pitch min,Pitch Q1,Pitch median,Pitch Q3,Pitch max,Environment,Layering,Width
202,0,Intro,Macklemore,M,Main,R,139.558,153.608,171.958,254.6255,694.743,E1,L4,W5
202,17.69247166,Verse,Macklemore,M,Main,R,126.989,146.734,150.277,157.526,722.679,E1,L4,W5
202,50.61387755,Chorus,Hollis,W,Feat,S,251.774,295.342,329.525,365.531,379.721,E2,L1,W4
202,67.13498866,Verse,Macklemore,M,Main,R,109.008,150.02,168.073,225.363,636.991,E1,L2,W4
202,108.2996599,Chorus,Hollis,W,Feat,S,134.981,295.17275,329.597,365.66075,380.334,E2,L1,W4
202,124.8009524,Verse,ScHoolboy Q,M,Main,R,72.3336,163.324,171.8235,180.968,329.855,E1,L2,W4
202,174.3201814,Chorus,Hollis,W,Feat,S,221.52,295.97275,329.8085,366.17975,379.467,E2,L1,W4
202,190.7025397,Outro,Hollis,W,Feat,S,64.423,292.342,295.261,329.8155,381.029,E2,L5,W5