﻿Index,Timestamp,Formal section,Artist,Gender,Function,Delivery,Pitch min,Pitch Q1,Pitch median,Pitch Q3,Pitch max,Environment,Layering,Width
174,0,Intro,Both,,,,,,,,,,,
174,11.10092971,Verse,Ariana Grande,W,Main,S,282.606,421.2645,492.518,502.0705,635.339,E1,L2,W4
174,29.67975057,Pre-chorus,Ariana Grande,W,Main,S,82.2267,464.857,492.9775,555.9475,758.998,E1,L1,W2
174,38.98061225,Chorus,Ariana Grande and Big Sean (Uncredited),,,,,,,,,,,
174,57.64424036,Post-chorus,,,,,,,,,,,,
174,62.46564626,Verse,Ariana Grande,W,Main,S,305.621,423.323,492.7385,512.64225,650.417,E1,L3,W4
174,80.96485261,Pre-chorus,Ariana Grande,W,Main,S,82.0362,445.2645,488.697,503.402,758.023,E1,L3,W4
174,90.2606576,Chorus,Ariana Grande and Big Sean (Uncredited),,,,,,,,,,,
174,113.6208617,Verse,Iggy Azalea,W,Feat,R,170.966,239.06225,257.6185,279.0335,399.698,E1,L3,W4
174,141.499161,Bridge,Ariana Grande,W,Main,S,80.7263,221.44475,245.1025,249.36225,313.603,E1,L5,W5
174,150.9053968,Pre-chorus,Ariana Grande,W,Main,S,200.758,427.25,487.933,503.136,759.87,E2,L3,W4
174,162.4501587,Chorus,Ariana Grande and Big Sean (Uncredited),,,,,,,,,,,