Index,Timestamp,Formal section,Artist,Gender,Function,Delivery,Pitch min,Pitch Q1,Pitch median,Pitch Q3,Pitch max,Environment,Layering,Width
264,0,Intro,,,,,,,,,,,,
264,15.31241667,Verse,Adam Levine,M,Main,S,123.1,248.072,294.7635,333.512,375.048,E4,L1,W4
264,45.3074375,Chorus,Adam Levine,M,Main,S,152.349,250.97825,293.503,328.803,522.23,E1,L3,W5
264,75.30422917,Verse,Adam Levine,M,Main,S,158.996,249.69475,302.191,361.819,536.813,E4,L1,W4
264,105.3286667,Chorus,Adam Levine,M,Main,S,151.779,254.24975,294.3275,330.0615,528.836,E1,L3,W5
264,135.3572708,Verse,Christina Aguilera,W,Feat,S,176.954,295.519,340.971,370.7445,667.851,E1,L3,W4
264,167.208625,Chorus,Both,,,,,,,,,,,
264,197.2166458,Outro,,,,,,,,,,,,