﻿Index,Timestamp,Formal section,Artist,Gender,Function,Delivery,Pitch min,Pitch Q1,Pitch median,Pitch Q3,Pitch max,Environment,Layering,Width
210,0,Intro,All,,,,,,,,,,,
210,6.909773243,Refrain,Tyler Hubbard and Brian Kelley,,,,,,,,,,,
210,19.76947846,Verse,Tyler Hubbard,M,Main,S,127.176,177.95325,234.911,264.8425,628.922,E1,L3,W3
210,32.6706576,Chorus,Tyler Hubbard and Brian Kelley,,,,,,,,,,,
210,58.48235828,Refrain,Tyler Hubbard and Brian Kelley,,,,,,,,,,,
210,64.87882086,Verse,Tyler Hubbard,M,Main,S,171.529,210.9405,235.518,276.585,445.615,E1,L3,W3
210,77.76725624,Chorus,Tyler Hubbard and Brian Kelley,,,,,,,,,,,
210,103.5734694,Verse,Nelly,M,Feat,S,167.633,230.08925,235.0195,261.32325,402.337,E1,L4,W5
210,132.5850567,Chorus,Nelly,M,Feat,S,171.974,240.807,263.996,283.627,712.766,E1,L4,W5
210,158.3021769,Chorus,All,,,,,,,,,,,
210,184.1303855,Refrain,All,,,,,,,,,,,
210,196.9530385,Outro,All,,,,,,,,,,,