﻿Index,Timestamp,Formal section,Artist,Gender,Function,Delivery,Pitch min,Pitch Q1,Pitch median,Pitch Q3,Pitch max,Environment,Layering,Width
296,0,Intro,Both,,,,,,,,,,,
296,15.00823129,Chorus,Usher,M,Main,S,105.045,146.3395,148.485,185.665,709.553,E1,L1,W2
296,44.56530612,Hook,Usher,M,Main,S,119.758,574.56025,625.3115,689.2245,750.734,E1,L1,W2
296,59.29995465,Verse,Usher,M,Main,S,73.257,146.431,151.313,164.71,242.974,E4,L1,W4
296,88.83111111,Pre-chorus,Usher,M,Main,S,135.837,195.69,219.686,221.739,434.776,E5,L1,W4
296,103.6392971,Chorus,Usher,M,Main,S,108.581,146.297,159.081,183.514,700.579,E1,L1,W2
296,133.2053968,Hook,Usher,M,Main,S,153.763,217.50275,596.9325,680.1725,763.124,E1,L1,W2
296,147.9246259,Verse,Will.i.am,M,Feat,S,117.148,146.811,162.847,165.19475,228.338,E1,L1,W2
296,177.4298639,Pre-chorus,Usher,M,Main,S,126.358,195.326,219.801,229.307,297.188,E5,L1,W4
296,192.1960544,Chorus,Usher,M,Main,S,64.3723,146.182,164.542,219.696,694.169,E1,L3,W2
296,221.7865986,Hook,Usher,M,Main,S,106.443,249.8865,612.2345,687.851,793.197,E1,L1,W2
296,236.4607256,Outro,Both,,,,,,,,,,,