﻿Index,Timestamp,Formal section,Artist,Gender,Function,Delivery,Pitch min,Pitch Q1,Pitch median,Pitch Q3,Pitch max,Environment,Layering,Width
108,0,Intro,,,,,,,,,,,,
108,10.36619048,Verse,Andrew Taggart,M,Main,,,,,,,E1,L1,W1
108,30.53485261,Pre-chorus,Andrew Taggart,M,Main,S,77.881,206.361,208.729,233.362,318.35,E1,L3,W5
108,50.74882086,Chorus,Andrew Taggart,M,Main,S,190.267,208.6145,232.476,234.522,469.339,E1,L4,W5
108,70.98603175,Dance Chorus,Andrew Taggart,M,Main,S,86.8343,207.362,218.089,233.387,399.395,E1,L4,W5
108,91.19099773,Verse,Halsey,W,Feat,S,188.269,232.594,257.613,288.584,412.767,E3,L2,W4
108,111.4104082,Pre-chorus,Halsey,W,Feat,S,197.355,409.036,416.1835,464.6365,574.434,E3,L2,W4
108,131.6040363,Chorus,Both,,,,,,,,,,,
108,151.8172109,Dance Chorus,Both,,,,,,,,,,,
108,172.0282766,Chorus,Andrew Taggart,M,Main,S,182.168,208.574,231.715,234.179,266.4,E1,L4,W5
108,192.215102,Other,Both,,,,,,,,,,,
108,212.4970522,Dance Chorus,Both,,,,,,,,,,,
108,232.6860771,Outro,,,,,,,,,,,,