﻿Index,Timestamp,Formal section,Artist,Gender,Function,Delivery,Pitch min,Pitch Q1,Pitch median,Pitch Q3,Pitch max,Environment,Layering,Width
56,0,Intro,DJ Khaled,M,Main,R,95.897,284.641,310.153,337.6565,429.776,E5,L1,W5
56,9.388979592,Chorus,Justin Bieber,M,Feat,S,193.424,291.0545,296.8585,329.64075,463.975,E1,L1,W1
56,28.29269841,Post-chorus,Justin Bieber & DJ Khaled,,,,,,,,,,,
56,47.02557823,Verse,Quavo,M,Feat,S,130.693,219.9405,261.659,294.2485,349.884,E3,L2,W3
56,75.27746032,Chorus,Justin Bieber,M,Feat,S,124.568,291.122,296.905,329.81625,468.301,E1,L1,W1
56,94.17192744,Post-chorus,Justin Bieber & DJ Khaled,,,,,,,,,,,
56,112.9647846,Verse,Chance The Rapper,M,Feat,R,104.243,249.816,261.746,290.026,345.718,E1,L1,W1
56,141.1498186,Chorus,Justin Bieber,M,Feat,S,129.344,289.2555,296.166,329.6075,467.322,E1,L1,W1
56,160.0746485,Post-chorus,Justin Bieber & DJ Khaled,,,,,,,,,,,
56,178.8121995,Verse,Justin Bieber,M,Feat,S,162.369,261.811,294.947,328.944,519.868,E1,L1,W1
56,207.114898,Chorus,Justin Bieber,M,Feat,S,130.114,293.13,300.0985,330.067,467.415,E1,L2,W3
56,225.8693878,Post-chorus,Justin Bieber & DJ Khaled,,,,,,,,,,,
56,244.7300907,Outro,Justin Bieber & DJ Khaled,,,,,,,,,,,