Index,Timestamp,Formal section,Artist,Gender,Function,Delivery,Pitch min,Pitch Q1,Pitch median,Pitch Q3,Pitch max,Environment,Layering,Width
233,0,Intro,,,,,,,,,,,,
233,27.85770833,Verse,Tim McGraw,M,Main,S,105.485,147.5115,166.143,185.0575,331.25,E1,L1,W2
233,52.19139583,Pre-chorus,Taylor Swift,W,Feat,S,273.273,341.9555,369.289,373.12,466.36,E3,L1,W4
233,64.27847917,Chorus,Tim McGraw,M,Main,S,188.735,324.2845,331.592,369.126,489.73,E1,L3,W5
233,91.63141667,Verse,Both,,,,,,,,,,,
233,115.9711042,Pre-chorus,Taylor Swift,W,Feat,S,267.809,357.061,369.8905,374.722,458.701,E3,L1,W4
233,128.1095833,Chorus,Tim McGraw,M,Main,S,199.699,327.449,333.414,369.257,493.886,E1,L3,W5
233,152.4585625,Other,,,,,,,,,,,,
233,176.6657083,Pre-chorus,Taylor Swift,W,Feat,S,262.831,363.95,371.112,436.99125,498.446,E3,L1,W4
233,188.8574375,Bridge,Both,,,,,,,,,,,
233,237.4399792,Other,,,,,,,,,,,,
233,261.7566042,Outro,,,,,,,,,,,,
233,275.6157708,,,,,,,,,,,,,