﻿Index,Timestamp,Formal section,Artist,Gender,Function,Delivery,Pitch min,Pitch Q1,Pitch median,Pitch Q3,Pitch max,Environment,Layering,Width
247,0,Intro,Fuzzy Jones,M,Uncredited,S,160.012,396.35925,427.117,438.3375,540.006,E4,L1,W3
247,15.66918367,Chorus,YB,M,Neither,R,91.8717,191.13975,196.671,201.65825,244.362,E1,L1,W1
247,43.19666667,Verse,Big Sean,M,Neither,R,77.9905,121.5575,152.646,184.4045,254.691,E1,L2,W3
247,84.26659864,Chorus,YB,M,Neither,R,91.7943,190.9555,196.924,202.421,431.773,E1,L1,W1
247,97.9699093,Post-chorus,Fuzzy Jones,M,Uncredited,S,93.0395,406.8505,427.01,437.3545,495.338,E4,L1,W3
247,111.7419274,Verse,Pusha T,M,Neither,R,102.645,176.465,189.869,205.372,640.236,E1,L1,W1
247,152.8073923,Chorus,YB,M,Neither,R,91.0621,190.64825,196.8205,202.77275,528.641,E1,L1,W1
247,166.5531519,Post-chorus,Fuzzy Jones,M,Uncredited,S,93.5376,413.836,428.462,438.523,548.151,E4,L1,W3
247,180.3399093,Bridge,Fuzzy Jones,M,Uncredited,S,198.993,365.618,391.948,403.8255,427.657,E4,L1,W3
247,195.6999546,Verse,Kanye West,M,Neither,R,123.27,223.94325,247.9005,270.116,365.987,E1,L1,W1
247,248.8253288,Verse,2 Chainz,M,Neither,R,118.037,204.97,221.459,235.507,300.06,E1,L1,W1
247,283.122449,Chorus,YB,M,Neither,R,88.2041,190.35225,196.807,202.3635,527.737,E1,L1,W1
247,296.8545578,Post-chorus,Fuzzy Jones,M,Uncredited,S,93.117,414.3415,428.313,438.53925,542.483,E4,L1,W3
247,310.4971655,Outro,Fuzzy Jones,M,Uncredited,S,256.667,407.5585,427.85,438.38125,495.964,E4,L1,W3