﻿Index,Timestamp,Formal section,Artist,Gender,Function,Delivery,Pitch min,Pitch Q1,Pitch median,Pitch Q3,Pitch max,Environment,Layering,Width
11,0,Intro,,,,,,,,,,,,
11,9.842222222,Chorus,Travis Scott,M,Feat,S,75.9644,151.1545,154.525,155.908,277.304,E2,L1,W3
11,29.48136054,Refrain,Kodak Black,M,Main,S,134.134,241.0465,248.0355,273.489,500.532,E2,L1,W3
11,49.0546712,Verse,Offset,M,Feat,R,67.6114,142.048,149.8345,155.85025,549.282,E2,L1,W3
11,98.0215873,Chorus,Travis Scott,M,Feat,S,73.8122,148.61775,154.172,155.8075,276.889,E2,L1,W3
11,117.6142177,Refrain,Kodak Black,M,Main,S,148.318,233.1125,245.14,262.71025,419.524,E2,L1,W3
11,137.1755329,Verse,Kodak Black,M,Main,S,149.977,211.63375,229.586,251.083,417.406,E2,L1,W3
11,186.1695918,Refrain,Kodak Black,M,Main,S,123.734,242.184,248.313,273.652,500.735,E2,L1,W3
11,205.7650794,Outro,,,,,,,,,,,,