﻿Index,Timestamp,Formal section,Artist,Gender,Function,Delivery,Pitch min,Pitch Q1,Pitch median,Pitch Q3,Pitch max,Environment,Layering,Width
2,0,Intro,Swae Lee,M,Neither,S,94.9186,179.131,293.309,371.815,496.971,E4,L1,W4
2,27.19793651,Verse,Swae Lee,M,Neither,S,122.414,292.09425,294.561,330.36025,681.88,E4,L1,W4
2,59.18276644,Pre-chorus,Swae Lee,M,Neither,S,237.766,297.73,369.622,471.622,505.212,E4,L1,W4
2,69.81743764,Chorus,Swae Lee,M,Neither,S,97.4259,295.623,329.379,330.654,380.685,E4,L1,W4
2,91.06208617,Verse,Post Malone,M,Neither,S,110.939,220.669,267.547,296.111,374.406,E4,L1,W4
2,112.4726531,Pre-chorus,Post Malone,M,Neither,S,126.286,227.909,329.039,371.506,704.407,E4,L4,W5
2,123.1038095,Chorus,Post Malone,M,Neither,S,145.314,300.0735,328.936,330.85375,403.345,E4,L1,W4
2,144.4281633,Outro,,,,,,,,,,,,