﻿Index,Timestamp,Formal section,Artist,Gender,Function,Delivery,Pitch min,Pitch Q1,Pitch median,Pitch Q3,Pitch max,Environment,Layering,Width
200,0,Chorus,Drake,M,Feat,R,92.3025,153.00525,157.832,167.84975,255.349,E4,L1,W3
200,33.97773243,Verse,Drake,M,Feat,R,119.248,163.857,175.059,179.896,208.918,E4,L1,W3
200,75.7477551,Chorus,Drake,M,Feat,R,93.4464,153.29325,158.398,171.8795,255.408,E4,L1,W3
200,101.790771,Verse,Lil Wayne,M,Main,R,125.866,210.202,228.687,257.8715,367.278,E2,L1,W3
200,148.7437188,Chorus,Drake,M,Feat,R,77.1374,153.59675,158.984,174.8975,332.635,E4,L1,W3
200,180.0502041,Verse,Drake,M,Feat,R,183.465,261.61125,269.872,276.794,312.95,E4,L1,W3
200,221.8669615,Verse,Lil Wayne,M,Main,R,160.088,268.7285,277.9405,284.60725,323.996,E2,L1,W3
200,274.6065079,Outro,Drake,M,Feat,R,179.403,212.64,253.268,277.998,298.222,E4,L1,W3