﻿Index,Timestamp,Formal section,Artist,Gender,Function,Delivery,Pitch min,Pitch Q1,Pitch median,Pitch Q3,Pitch max,Environment,Layering,Width
152,0,Intro,Fetty Wap,M,Main,R,203.831,280.418,312.851,382.50375,848.675,E3,L1,W3
152,14.66417234,Chorus,Fetty Wap,M,Main,S,114.23,276.8695,310.3945,349.99825,423.42,E3,L1,W3
152,46.06975057,Verse,Fetty Wap,M,Main,S,124.721,277.15775,308.8035,348.6465,648.066,E3,L1,W3
152,120.9971202,Chorus,Fetty Wap,M,Main,S,116.97,277.033,309.849,349.695,422.031,E3,L1,W3
152,150.1055102,Verse,Monty,M,Feat,S,104.353,277.563,290.757,311.8385,367.738,E3,L1,W3
152,208.2401361,Outro,Both,,,,,,,,,,,