﻿Index,Timestamp,Formal section,Artist,Gender,Function,Delivery,Pitch min,Pitch Q1,Pitch median,Pitch Q3,Pitch max,Environment,Layering,Width
270,0,Chorus,Bruno Mars,M,Feat,S,173.909,290.842,330.882,391.41225,527.296,E3,L1,W3
270,34.56530612,Verse,Eminem,M,Main,R,141.751,257.8805,284.374,309.03875,425.739,E1,L4,W4
270,119.8711338,Chorus,Bruno Mars,M,Feat,S,170.651,291.783,331.5615,391.5035,527.45,E3,L1,W3
270,151.8623356,Verse,"Royce Da 5'9""",M,Main,R,88.5286,186.63675,208.271,220.23975,445.251,E1,L1,W1
270,237.1805442,Bridge,Bruno Mars,M,Feat,S,237.359,368.168,394.895,441.76,608.067,E4,L1,W3
270,263.879161,Chorus,Bruno Mars,M,Feat,S,225.022,292.00925,331.224,391.70025,526.749,E3,L1,W3