﻿Index,Timestamp,Formal section,Artist,Gender,Function,Delivery,Pitch min,Pitch Q1,Pitch median,Pitch Q3,Pitch max,Environment,Layering,Width
222,0,Pre-chorus,Future,M,Feat,S,97.2381,186.21975,206.451,223.092,248.318,E3,L1,W3
222,16.29668934,Chorus,Drake,M,Feat,R,61.7718,104.6545,115.915,138.94225,235.515,E3,L1,W4
222,32.46761905,Verse,Lil Wayne,M,Main,R,75.9299,204.48575,208.517,219.60975,277.452,E2,L1,W3
222,77.71823129,Pre-chorus,Future,M,Feat,S,97.262,185.69875,206.23,218.485,247.089,E3,L1,W3
222,93.09090703,Chorus,All,,,,,,,,,,,
222,109.3295011,Verse,Lil Wayne,M,Main,S,78.5968,199.3695,210.8895,230.86975,272.681,E2,L1,W3
222,154.525102,Pre-chorus,Future and Lil Wayne,,,,,,,,,,,
222,169.8632653,Chorus,All,,,,,,,,,,,
222,185.2284127,Bridge,Lil Wayne,M,Main,S,148.727,206.099,210.8735,233.271,290.251,E3,L3,W3
222,215.9179592,Pre-chorus,Future and Lil Wayne,,,,,,,,,,,
222,231.3364172,Chorus,All,,,,,,,,,,,