Index,Timestamp,Formal section,Artist,Gender,Function,Delivery,Pitch min,Pitch Q1,Pitch median,Pitch Q3,Pitch max,Environment,Layering,Width
53,0,Verse,YG,M,Main,R,122.292,208.22825,224.2085,242.33425,324.023,E2,L2,W1
53,38.370875,Chorus,YG,M,Main,R,116.877,134.2095,142.196,167.563,189.88,E2,L4,W5
53,57.28289583,Verse,2 Chainz,M,Feat,R,108.594,188.922,199.581,214.58025,289.018,E2,L1,W3
53,94.82139583,Chorus,YG,M,Main,R,116.801,130.6895,136.6405,142.23975,172.261,E2,L4,W5
53,113.7298542,Verse,Big Sean,M,Feat,R,96.2759,129.994,140.446,156.136,218.6,E2,L1,W3
53,151.3801458,Chorus,YG,M,Main,R,116.851,123.8895,136.377,144.589,243.407,E2,L4,W5
53,170.1773958,Verse,Nicki Minaj,W,Feat,R,145.878,236.04375,260.6465,286.891,377.818,E2,L2,W3
53,207.7668958,Chorus,YG,M,Main,R,116.87,131.8385,137.834,143.9175,172.79,E2,L4,W5
53,226.7093333,Outro,,,,,,,,,,,,
53,236.919708,,,,,,,,,,,,,