﻿Index,Timestamp,Formal section,Artist,Gender,Function,Delivery,Pitch min,Pitch Q1,Pitch median,Pitch Q3,Pitch max,Environment,Layering,Width
220,0,Intro,,,,,,,,,,,,
220,19.68870748,Verse,Drake,M,Main,S,61.8092,221.665,245.911,249.55775,283.579,E4,L1,W4
220,38.84213152,Pre-chorus,Drake,M,Main,S,167.788,223.014,246.1965,249.7695,295.574,E4,L1,W4
220,58.00922903,Chorus,Drake,M,Main,S,81.949,208.451,246.593,248.287,295.372,E2,L1,W4
220,77.24823129,Verse,Drake,M,Main,S,91.7214,221.11875,245.3875,249.58075,283.719,E4,L1,W4
220,96.47337869,Pre-chorus,Drake,M,Main,S,167.348,237.854,247.519,270.242,337.845,E4,L1,W4
220,115.6770068,Chorus,Both,,,,,,,,,,,
220,134.8972109,Bridge,Majid Al Maskati,M,Feat,S,89.3146,222.539,252.7955,276.2375,712.714,E4,L3,W5
220,173.3364172,Pre-chorus,Both,,,,,,,,,,,
220,192.3718141,Chorus,Both,,,,,,,,,,,
220,211.5953288,Outro,Majid Al Maskati,M,Feat,S,,,,,,E2,L1,W2