Index,Timestamp,Formal section,Artist,Gender,Function,Delivery,Pitch min,Pitch Q1,Pitch median,Pitch Q3,Pitch max,Environment,Layering,Width
241,0,Intro,,,,,,,,,,,,
241,8.5584375,Verse,Nate Ruess,M,Main,S,124.489,174.8415,221.489,236.3335,352.147,E1,L1,W2
241,49.43697917,Chorus,Nate Ruess,M,Main,S,162.274,295.108,348.8115,441.93725,486.876,E1,L3,W5
241,90.9805625,Verse,Nate Ruess,M,Main,S,161.753,234.875,287.489,353.948,524.18,E1,L3,W5
241,111.1763542,Chorus,Nate Ruess,M,Main,S,190.195,295.432,349.2975,442.09275,487.601,E1,L3,W5
241,152.9553958,Bridge,Janelle Monae,NB,Feat,S,174.554,288.19,350.405,358.159,596.296,E1,L1,W2
241,173.8793542,Bridge,Nate Ruess,M,Main,S,215.32,262.644,322.865,352.35,497.211,E1,L3,W5
241,194.7892917,Chorus,Nate Ruess,M,Main,S,160.437,294.53125,349.1965,442.0415,488.735,E1,L3,W5
241,236.4353542,Outro,Nate Ruess,M,Main,S,117.744,145.682,150.535,174.01,224.088,E1,L1,W2