﻿Index,Timestamp,Formal section,Artist,Gender,Function,Delivery,Pitch min,Pitch Q1,Pitch median,Pitch Q3,Pitch max,Environment,Layering,Width
28,0,Intro,,,,,,,,,,,,
28,2.399410431,Chorus,Bazzi,M,Main,S,224.149,276.6515,293.38,320.172,614.61,E5,L1,W5
28,21.64891157,Post-chorus,Bazzi,M,Main,S,243.174,293.516,306.178,331.974,445.086,E5,L1,W5
28,40.79401361,Verse,Bazzi,M,Main,S,73.1764,165.12,184.04,194.634,330.559,E4,L1,W4
28,59.99412698,Chorus,Bazzi,M,Main,S,71.5911,256.52275,288.9295,298.107,622.566,E5,L1,W5
28,80.59931973,Verse,Camila Cabello,W,Feat,S,72.4529,292.37075,330.463,432.638,668.233,E2,L3,W4
28,118.6890249,Chorus,Both,,,,,,,,,,,
28,138.0709524,Post-chorus,Both,,,,,,,,,,,
28,157.2488662,Outro,Both,,,,,,,,,,,