Index,Timestamp,Formal section,Artist,Gender,Function,Delivery,Pitch min,Pitch Q1,Pitch median,Pitch Q3,Pitch max,Environment,Layering,Width
128,0,Intro,Yo Gotti,M,Main,R,118.148,173.4665,182.95,189.671,235.377,E2,L1,W3
128,18.80085417,Chorus,Yo Gotti,M,Main,R,139.156,175.4,186.668,195.099,330.802,E2,L1,W3
128,31.39827083,Verse,Yo Gotti,M,Main,R,102.535,176.162,188.855,211.873,585.473,E2,L1,W1
128,57.238625,Chorus,Yo Gotti,M,Main,R,146.369,178.60425,184.9705,192.22125,204.173,E2,L1,W3
128,80.160375,Verse,Nicki Minaj,W,Feat,R,113.436,163.2865,176.357,184.00925,230.861,E1,L1,W1
128,131.741875,Chorus,Yo Gotti,M,Main,R,138.435,177.937,187.943,196.524,212.819,E2,L1,W3
128,144.2841875,Verse,Nicki Minaj,W,Feat,R,116.272,163.56325,196.1455,217.337,337.927,E2,L1,W3
128,207.0317292,Chorus,Yo Gotti,M,Main,R,150.016,177.411,186.719,194.973,212.669,E2,L1,W3
128,219.6074792,Outro,Yo Gotti,M,Main,R,131.123,178.444,186.019,195.45375,263.849,E2,L1,W3