﻿Index,Timestamp,Formal section,Artist,Gender,Function,Delivery,Pitch min,Pitch Q1,Pitch median,Pitch Q3,Pitch max,Environment,Layering,Width
65,0,Other,,,,,,,,,,,,
65,2.358888,Intro,Nicky Jam,M,Neither,S,73.045,212.88025,222.7595,266.889,438.554,E1,L2,W3
65,23.64113379,Chorus,Both,,,,,,,,,,,
65,45.00997732,Verse,J Balvin,M,Neither,S,98.0757,165.1745,207.0255,221.41725,299.427,E1,L2,W3
65,66.38818594,Chorus,Both,,,,,,,,,,,
65,87.78190476,Verse,Nicky Jam,M,Neither,S,94.753,220.526,284.62,298.1575,339.745,E3,L4,W5
65,109.0993651,Chorus,Both,,,,,,,,,,,
65,130.3917687,Bridge,Both,,,,,,,,,,,
65,141.065737,Chorus Variation,Both,,,,,,,,,,,
65,162.3924036,Outro,,,,,,,,,,,,