Index,Timestamp,Formal section,Artist,Gender,Function,Delivery,Pitch min,Pitch Q1,Pitch median,Pitch Q3,Pitch max,Environment,Layering,Width
34,0,Intro,,,,,,,,,,,,
34,8.67725,Verse,Maroon 5,M,Main,S,159.182,257.49125,266.7185,311.157,394.331,E3,L1,W3
34,39.37729167,Chorus,Maroon 5,M,Main,S,162.065,238.769,260.8965,267.284,332.498,E1,L3,W5
34,54.70941667,Post-chorus,Maroon 5,M,Main,S,192.725,230.8565,259.923,267.776,346.258,E1,L3,W5
34,70.15475,Verse,Maroon 5,M,Main,S,173.475,259.3415,286.053,322.6765,444.138,E3,L2,W3
34,100.9355833,Chorus,Maroon 5,M,Main,S,208.902,223.4805,260.814,265.38275,332.275,E1,L3,W5
34,116.1625,Post-chorus,Maroon 5,M,Main,S,123.545,223.146,260.5905,265.062,335.507,E1,L5,W5
34,146.9272083,Bridge,Maroon 5,M,Main,S,98.2469,130.9585,148.01,164.931,269.638,E1,L3,W2
34,164.2624583,Chorus,Maroon 5,M,Main,S,197.044,222.76,260.197,264.189,333.041,E1,L1,W2
34,173.7289375,Verse,Cardi B,W,Feat,R,172.236,315.0885,337.659,355.3475,445.81,E1,L2,W4
34,204.5474792,Chorus,Maroon 5,M,Main,S,193.71,221.55,260.987,283.874,335.283,E1,L5,W5
34,219.7984375,Post-chorus,Maroon 5,M,Main,S,179.622,249.1985,262.846,293.5295,969.144,E4,L5,W5
34,242.8988125,Outro,,,,,,,,,,,,