﻿Index,Timestamp,Formal section,Artist,Gender,Function,Delivery,Pitch min,Pitch Q1,Pitch median,Pitch Q3,Pitch max,Environment,Layering,Width
95, ,Intro,A Boogie Wit Da Hoodie,M,Main,S,139.84,169.1945,177.091,196.1965,231.527,E4,L1,W4
95,14.90537415,Chorus,A Boogie Wit Da Hoodie,M,Main,S,114.585,173.714,188.83,196.228,214.268,E4,L2,W4
95,44.67725624,Verse,A Boogie Wit Da Hoodie,M,Main,S,116.341,172.07775,181.008,196.24675,232.062,E4,L1,W4
95,89.30464853,Chorus,A Boogie Wit Da Hoodie,M,Main,S,64.9449,173.789,190.223,196.241,220.219,E4,L2,W4
95,119.035737,Verse,Kodak Black,M,Feat,S,127.678,174.702,190.714,197.736,263.403,E4,L1,W4
95,163.6893651,Chorus,A Boogie Wit Da Hoodie,M,Main,S,114.276,173.653,189.353,196.202,214,E4,L2,W4
95,193.4718821,Outro,A Boogie Wit Da Hoodie,M,Main,S,149.651,195.437,196.2345,204.1625,210.13,E4,L1,W4