﻿Index,Timestamp,Formal section,Artist,Gender,Function,Delivery,Pitch min,Pitch Q1,Pitch median,Pitch Q3,Pitch max,Environment,Layering,Width
58,0,Intro,Miguel,M,Main,S,224.38,270.93775,297.607,311.9655,324.816,E4,L1,W4
58,13.41324263,Chorus,Miguel,M,Main,S,93.0909,218.395,235.611,262.373,660.797,E2,L1,W3
58,39.73029479,Verse,Miguel,M,Main,S,118.509,184.993,211.165,232.6065,368.239,E2,L3,W3
58,66.03791383,Chorus,Miguel,M,Main,S,115.425,209.153,234.794,264.486,656.337,E2,L1,W3
58,92.34553288,Verse,Travis Scott,M,Feat,S,76.6432,199.095,212.3,233.976,829.411,E2,L1,W4
58,131.8324036,Chorus,Miguel,M,Main,S,69.2014,140.506,219.876,277.48875,660.557,E2,L1,W3
58,158.0962585,Bridge,Miguel,M,Main,S,118.279,279.79075,297.357,314.1575,827.509,E2,L1,W3
58,171.2434467,Chorus,Miguel,M,Main,S,68.6661,154.397,234.528,315.321,645.978,E2,L1,W3
58,197.5357596,Link,,,,,,,,,,,,
58,210.7855102,Other,Miguel,M,Main,S,84.3085,171.614,209.837,234.50125,374.382,E1,L2,W3
58,237.0923356,Outro,,,,,,,,,,,,