﻿Index,Timestamp,Formal section,Artist,Gender,Function,Delivery,Pitch min,Pitch Q1,Pitch median,Pitch Q3,Pitch max,Environment,Layering,Width
181,0,Intro,,,,,,,,,,,,
181,16.98968254,Verse,Sam Smith,NB,Feat,S,153.171,207.049,212.793,246.807,517.748,E2,L1,W4
181,48.47011338,Link,,,,,,,,,,,,
181,64.27108844,Pre-chorus,Sam Smith,NB,Feat,S,146.229,206.21425,214.9765,256.6385,942.725,E2,L4,W5
181,79.94174603,Chorus,Sam Smith,NB,Feat,S,102.543,348.77925,420.6375,478.85625,632.259,E4,L4,W5
181,111.4602721,Verse,Sam Smith,NB,Feat,S,172.437,210.01775,262.183,326.14425,543.243,E2,L1,W4
181,142.9105442,Link,,,,,,,,,,,,
181,158.7291837,Pre-chorus,Sam Smith,NB,Feat,S,86.3967,202.283,212.574,248.849,993.1,E2,L4,W5
181,190.1169388,Chorus,Sam Smith,NB,Feat,S,154.337,403.704,420.933,474.06975,633.766,E4,L4,W5
181,221.6292744,Post-chorus,Sam Smith,NB,Feat,S,197.709,296.38025,409.8925,461.65725,631.093,E2,L4,W5
181,237.4010431,Outro,,,,,,,,,,,,