﻿Index,Timestamp,Formal section,Artist,Gender,Function,Delivery,Pitch min,Pitch Q1,Pitch median,Pitch Q3,Pitch max,Environment,Layering,Width
320,0,Intro,B.o.B,M,Main,spoken,147.207,208.992,268.764,280.322,317.025,E1,L1,W1
320,5.89,Chorus,Rivers Cuomo,M,Feat,S,179.105,245.56325,249.0545,278.596,338.535,E3,L3,W3
320,29.26476191,Refrain,Rivers Cuomo,M,Feat,S,120.165,247.40475,276.4945,354.4905,387.687,E3,L3,W3
320,40.8199093,Verse,B.o.B,M,Main,R,134.99,249.746,271.716,288.2125,344.781,E2,L1,W3
320,75.7329932,Chorus,Both,,,,,,,,,,,
320,98.98340136,Refrain,Rivers Cuomo,M,Feat,S,91.454,247.5765,276.98,361.573,387.726,E1,L5,W5
320,110.6222222,Verse,B.o.B,M,Main,R,161.026,233.5875,247.978,263.4135,393.834,E2,L1,W3
320,145.5752154,Chorus,Both,,,,,,,,,,,
320,168.8239909,Refrain,Rivers Cuomo,M,Feat,S,120.094,249.941,276.842,359.244,627.919,E1,L5,W5
320,180.4275964,Outro,Both,,,,,,,,,,,