﻿Index,Timestamp,Formal section,Artist,Gender,Function,Delivery,Pitch min,Pitch Q1,Pitch median,Pitch Q3,Pitch max,Environment,Layering,Width
180,0,Verse,Jessie J,W,Neither,S,160.651,464.1495,469.733,521.653,633.259,E3,L1,W4
180,14.88043084,Pre-chorus,"Jessie J, Ariana Grande",,,,,,,,,,,
180,27.70122449,Chorus,Jessie J,W,Neither,S,200.865,423.082,499.668,525.989,1157.87,E3,L5,W5
180,53.27986395,Verse,Ariana Grande,W,Neither,S,64.0521,286.723,466.679,495.749,630.369,E1,L2,W4
180,66.10222222,Pre-chorus,"Jessie J, Ariana Grande",,,,,,,,,,,
180,78.7714966,Chorus,"Jessie J, Ariana Grande",,,,,,,,,,,
180,104.4378912,Verse,Nicki Minaj,W,Neither,R,78.0502,261.211,275.845,296.894,348.378,E3,L2,W3
180,136.4186621,Pre-chorus,Jessie J,W,Neither,S,226.421,490.407,524.419,629.731,788.485,E3,L1,W4
180,144.4602268,Chorus,All,,,,,,,,,,,
180,170.1717687,Chorus,All,,,,,,,,,,,