﻿Index,Timestamp,Formal section,Artist,Gender,Function,Delivery,Pitch min,Pitch Q1,Pitch median,Pitch Q3,Pitch max,Environment,Layering,Width
206,0,Intro,Macklemore,M,Main,R,92.1141,133.087,253.343,401.727,446.027,E1,L1,W2
206,23.45131519,Chorus,Wanz,M,Feat,S,68.1684,113.8335,136.5815,144.356,206.842,E1,L4,W5
206,43.68154195,Verse,Macklemore,M,Main,R,65.7332,142.263,168.875,195.223,931.521,E1,L1,W1
206,104.3051701,Chorus,Wanz,M,Feat,S,92.3493,118.6175,136.363,143.152,309.834,E1,L4,W5
206,124.5013832,Verse,Macklemore,M,Main,R,64.5543,151.1765,163.3695,177.91825,692.324,E1,L2,W3
206,180.0362812,Pre-chorus,Macklemore,M,Main,R,61.7678,168.48275,309.37,341.0155,397.906,E1,L2,W3
206,190.162585,Chorus,Wanz,M,Feat,S,94.9489,115.7025,136.4745,144.32425,157.202,E1,L4,W5
206,200.3296372,Bridge,Wanz,M,Feat,S,67.7678,106.68775,121.418,142.756,359.292,E1,L4,W5
206,220.4597052,Chorus,Wanz,M,Feat,S,64.3719,103.852,125.28,141.285,279.866,E1,L4,W5
206,230.610068,Outro,,,,,,,,,,,,