﻿Index,Timestamp,Formal section,Artist,Gender,Function,Delivery,Pitch min,Pitch Q1,Pitch median,Pitch Q3,Pitch max,Environment,Layering,Width
19,0,Intro,Ozuna,M,Feat,S,210.605,370.427,406.3905,634.0625,841.589,E2,L1,W3
19,9.950113379,Chorus,Ozuna,M,Feat,S,108.281,277.15475,330.0655,370.45225,453.247,E1,L3,W3
19,39.97666667,Verse,Ozuna,M,Feat,S,238.556,279.018,333.318,369.779,431.712,E3,L1,W3
19,50.00034014,Pre-chorus,Ozuna,M,Feat,S,128.365,275.875,327.781,334.081,812.177,E2,L1,W3
19,70.07861678,Chorus,Ozuna,M,Feat,S,175.778,283.299,368.312,379.344,1687.07,E1,L3,W3
19,90.00680272,Verse,Cardi B,W,Feat,R,176.111,281.79375,314.6785,344.5535,871.602,E1,L4,W4
19,120.034059,Pre-chorus,Cardi B,W,Feat,S,238.411,277.8015,327.1505,331.50875,420.997,E1,L1,W1
19,129.9995238,Chorus,Ozuna,M,Feat,S,92.3949,278.041,348.15,371.2425,446.123,E1,L3,W3
19,150.0141723,Verse,Selena Gomez,W,Feat,S,68.6455,235.7545,270.449,278.292,590.393,E2,L2,W4
19,180.0534014,Chorus,Ozuna & Selena Gomez,,,,,,,,,,,