﻿Index,Timestamp,Formal section,Artist,Gender,Function,Delivery,Pitch min,Pitch Q1,Pitch median,Pitch Q3,Pitch max,Environment,Layering,Width
155,0,Intro,Usher,M,Main,R,110.855,140.499,153.549,172.811,208.336,E2,L1,W4
155,8.81292517,Chorus,Usher,M,Main,S,110.65,184.333,188.927,214.57,314.388,E3,L2,W4
155,42.83095238,Verse,Usher,M,Main,S,61.4702,165.87775,188.1745,223.78,1025.43,E2,L1,W4
155,76.7707483,Chorus,Usher,M,Main,S,156.394,184.29675,189.672,215.68825,316.808,E3,L2,W4
155,110.8212925,Verse,Usher,M,Main,S,102.947,165.255,189.493,244.986,837.3,E2,L1,W4
155,144.7337868,Chorus,Usher,M,Main,S,61.7583,184.224,189.748,219.45,421.203,E3,L2,W4
155,178.6894785,Verse,Juicy J,M,Feat,R,122.609,170.628,178.362,186.001,418.52,E1,L3,W5
155,212.69,Chorus,Usher,M,Main,S,115.543,185.13525,205.6215,250.498,532.535,E3,L2,W4