﻿Index,Timestamp,Formal section,Artist,Gender,Function,Delivery,Pitch min,Pitch Q1,Pitch median,Pitch Q3,Pitch max,Environment,Layering,Width
194,0,Intro,,,,,,,,,,,,
194,13.75421769,Verse,Chris Brown,M,Main,S,,,,,,E2,L2,W4
194,40.81773243,Pre-chorus,Chris Brown,M,Main,S,62.8753,103.001,244.103,304.488,372.573,E2,L1,W4
194,67.87752835,Chorus,Chris Brown,M,Main,S,68.6667,138.886,261.119,279.294,387.05,E2,L5,W5
194,94.93226757,Verse,Usher,M,Feat,S,102.633,275.0985,311.2745,352.5565,554.64,E2,L2,W3
194,121.9319048,Pre-chorus,Usher,M,Feat,S,64.9512,137.946,263.716,314.877,471.238,E2,L5,W5
194,149.0065079,Chorus,Chris Brown & Usher,,,,,,,,,,,
194,175.994059,Verse,Rick Ross,M,Feat,R,68.2897,188.44525,197.748,211.073,323.648,E1,L1,W1
194,203.1209297,Chorus,Chris Brown & Usher,,,,,,,,,,,
194,230.066644,Outro,,,,,,,,,,,,