﻿Index,Timestamp,Formal section,Artist,Gender,Function,Delivery,Pitch min,Pitch Q1,Pitch median,Pitch Q3,Pitch max,Environment,Layering,Width
167,0,Intro,Drake,M,Feat,S,90.9057,163.01025,186.073,217.9585,282.401,E1,L1,W2
167,24.24292517,Verse,Big Sean,M,Main,R,90.9627,161.04975,181.651,201.347,290.889,E1,L1,W2
167,89.80049887,Chorus,Drake,M,Feat,S,111.872,155.553,181.495,214.467,290.93,E4,L1,W4
167,112.9704535,Verse,Drake,M,Feat,R,65.9459,175.76325,183.824,190.47775,301.132,E1,L1,W2
167,162.4120181,Chorus,Drake,M,Feat,S,111.964,153.969,181.729,214.638,290.867,E4,L1,W4
167,185.5408163,Verse,Big Sean,M,Main,R,104.849,162.5245,182.1045,196.455,268.476,E2,L1,W4
167,226.9150113,Chorus,Drake,M,Feat,S,111.877,155.694,181.89,214.283,290.931,E4,L1,W4