Index,Timestamp,Formal section,Artist,Gender,Function,Delivery,Pitch min,Pitch Q1,Pitch median,Pitch Q3,Pitch max,Environment,Layering,Width
161,0,Chorus,Charlie Puth,M,Main,S,188.368,328.817,365.857,390.70275,440.992,E1,L1,W2
161,20.2175,Verse,Charlie Puth,M,Main,S,136.105,184.576,205.296,237.477,279.985,E1,L1,W2
161,37.62135417,Pre-chorus,Charlie Puth,M,Main,S,224.515,328.0485,367.398,373.1765,444.244,E1,L2,W4
161,55.0608125,Chorus,Both,,,,,,,,,,,
161,87.79504167,Verse,Meghan Trainor,W,Feat,S,82.4519,338.933,410.47,492.106,717.579,E2,L1,W4
161,107.4333125,Pre-chorus,Both,,,,,,,,,,,
161,124.9309792,Bridge,Both,,,,,,,,,,,
161,142.4374167,Chorus,Both,,,,,,,,,,,
161,172.9055833,Outro,Both,,,,,,,,,,,
161,190.4598333,,,,,,,,,,,,,