Index,Timestamp,Formal section,Artist,Gender,Function,Delivery,Pitch min,Pitch Q1,Pitch median,Pitch Q3,Pitch max,Environment,Layering,Width
260,0,Intro,Both,,,,,,,,,,,
260,30.93316667,Verse,Havana Brown,W,Main,S,194.279,246.0325,248.2195,262.393,353.331,E1,L3,W4
260,61.14833333,Chorus,Havana Brown,W,Main,S,186.487,217.84325,219.039,220.58725,285.735,E1,L1,W2
260,87.57514583,Post-chorus,,,,,,,,,,,,
260,102.7680625,Verse,Pitbull,M,Feat,R,115.373,237.4375,252.662,264.5425,551.888,E1,L3,W4
260,132.8230625,Chorus,Havana Brown,W,Main,S,184.269,218.49575,220.0925,570.177,729.216,E1,L1,W2
260,159.3837917,Post-chorus,,,,,,,,,,,,
260,174.5403542,Verse,Havana Brown,W,Main,S,185.997,245.125,248.2635,262.4565,348.973,E1,L3,W4
260,204.780625,Chorus,Havana Brown,W,Main,S,184.333,216.803,218.797,220.6,240.62,E1,L2,W2