﻿Index,Timestamp,Formal section,Artist,Gender,Function,Delivery,Pitch min,Pitch Q1,Pitch median,Pitch Q3,Pitch max,Environment,Layering,Width
185,0,Intro,Alexander Delgado,M,Feat,Spoken,208.261,262.075,292.611,323.22,394.903,E3,L1,W3
185,26.60043084,Verse,"Enrique Iglesias, Randy Malcom",,,,,,,,,,,
185,47.72886621,Pre-chorus,"Alexander Delgado, Randy Malcom",,,,,,,,,,,
185,68.83154195,Chorus A,"Enrique Iglesias, Alexander Delgado",,,,,,,,,,,
185,89.94219955,Chorus B,"Enrique Iglesias, Descemer Bueno",,,,,,,,,,,
185,111.025941,Post-chorus,Randy Malcom,M,Feat,S,155.752,166.5555,196.847,544.4945,624.724,E1,L5,W4
185,121.5510431,Verse,"Enrique Iglesias, Randy Malcom",,,,,,,,,,,
185,142.6837415,Pre-chorus,"Alexander Delgado, Randy Malcom",,,,,,,,,,,
185,163.7680045,Chorus A,"Enrique Iglesias, Alexander Delgado",,,,,,,,,,,
185,184.8270068,Chorus B,"Enrique Iglesias, Descemer Bueno",,,,,,,,,,,
185,205.9729025,Post-chorus,"Enrique Iglesias, Randy Malcom",,,,,,,,,,,