﻿Index,Timestamp,Formal section,Artist,Gender,Function,Delivery,Pitch min,Pitch Q1,Pitch median,Pitch Q3,Pitch max,Environment,Layering,Width
130,0,Intro,,,,,,,,,,,,
130,7.322721088,Verse,Bipolar Sunshine,M,Feat,S,,,,,,E1,L3,W5
130,36.01487528,Pre-chorus,Bipolar Sunshine,M,Feat,S,162.878,222.079,247.508,280.559,345.537,E1,L4,W5
130,50.36702948,Chorus,Bipolar Sunshine,M,Feat,S,177.635,249.617,306.147,336.743,753.873,E4,L2,W5
130,78.98895692,Link,Bipolar Sunshine,M,Feat,S,221.058,258.02175,273.1,275.95425,278.348,E4,L1,W4
130,80.80006803,Verse,Bipolar Sunshine,M,Feat,S,187.327,220.26,249.891,274.50825,592.882,E1,L3,W5
130,109.4213379,Pre-chorus,Bipolar Sunshine,M,Feat,S,81.5695,220.535,246.49,279.2695,574.444,E1,L4,W5
130,123.7827891,Chorus,Bipolar Sunshine,M,Feat,S,172.243,257.11025,300.9105,334.90675,392.42,E4,L2,W5
130,152.4086168,Outro,Bipolar Sunshine,M,Feat,S,217.168,276.481,291.502,503.912,558.322,E4,L1,W4