﻿Index,Timestamp,Formal section,Artist,Gender,Function,Delivery,Pitch min,Pitch Q1,Pitch median,Pitch Q3,Pitch max,Environment,Layering,Width
255,0,Intro,2 Chainz,M,Main,Spoken,138.522,167.58375,224.078,323.27275,376.039,E3,L1,W4
255,14.67696145,Verse,2 Chainz,M,Main,R,121.273,260.8415,276.3495,287.0095,351.03,E2,L1,W3
255,58.64238095,Chorus,Drake,M,Feat,S,61.768,124.78,138.99,145.21025,241.799,E1,L2,W4
255,88.03258503,Verse,Drake,M,Feat,R,99.9865,139.828,143.2765,148.19425,241.011,E1,L1,W3
255,132.057619,Chorus,Drake,M,Feat,S,62.0894,124.49725,138.9825,145.339,291.617,E1,L2,W4
255,161.3453742,Verse,2 Chainz,M,Main,R,109.478,291.53275,313.3865,331.164,384.204,E3,L1,W3
255,190.5981633,Chorus,Drake,M,Feat,S,96.6017,124.84975,139.309,146.1715,264.647,E1,L2,W4
255,219.8606576,Outro,2 Chainz,M,Main,R,179.562,232.001,380.0215,604.65225,1211.59,E3,L1,W3