﻿Index,Timestamp,Formal section,Artist,Gender,Function,Delivery,Pitch min,Pitch Q1,Pitch median,Pitch Q3,Pitch max,Environment,Layering,Width
20,0,Intro,,,,,,,,,,,,
20,6.87521542,Verse,Ellie Goulding,W,Main,S,159.157,192.2555,207.206,214.165,317.504,E3,L1,W3
20,20.25514739,Pre-chorus,Ellie Goulding,W,Main,S,236.016,313.1225,330.821,369.0755,493.685,E4,L1,W4
20,35.1376644,Chorus,Ellie Goulding,W,Main,S,237.155,370.043,423.415,499.558,673.13,E4,L2,W4
20,61.8200907,Verse,Swae Lee,M,Feat,S,82.0985,192.238,209.557,247.171,493.988,E3,L1,W2
20,90.18006803,Chorus,Ellie Goulding,W,Main,S,234.933,369.67825,421.556,497.154,558.276,E4,L2,W4
20,116.8615193,Post-chorus,Ellie Goulding,W,Main,S,128.511,165.4895,211.269,331.48475,425.244,E4,L1,W4
20,130.1994104,Bridge,Ellie Goulding,W,Main,S,166.319,370.816,414.589,419.128,499.631,E4,L1,W4
20,136.8772789,Chorus,Ellie Goulding,W,Main,S,237.097,370.4635,420.099,496.3745,569.495,E4,L2,W4
20,163.5878912,Outro,Ellie Goulding,W,Main,S,189.128,209.926,294.499,513.8765,555.625,E4,L1,W4