﻿Index,Timestamp,Formal section,Artist,Gender,Function,Delivery,Pitch min,Pitch Q1,Pitch median,Pitch Q3,Pitch max,Environment,Layering,Width
131,0,Intro,Drake,M,Main,R,143.488,374.874,380.758,386.435,414.069,E2,L1,W3
131,15.97034014,Chorus,Drake,M,Main,R,83.6729,132.808,136.959,140.496,191.64,E2,L1,W3
131,30.48433107,Verse,Drake,M,Main,R,74.3456,146.623,160.665,176.663,410.161,E2,L1,W3
131,89.14743764,Bridge,Jay-Z,M,Feat,R,147.926,183.2755,194.669,210.89575,266.021,E1,L1,W1
131,95.44684807,Verse,Kanye West,M,Feat,R,120.348,177.821,192.97,225.828,283.065,E1,L1,W2
131,154.0945578,Chorus,Drake,M,Main,R,83.6608,133.10375,137.1125,140.47975,194.378,E2,L1,W3
131,167.6084581,Outro,,,,,,,,,,,,