﻿Index,Timestamp,Formal section,Artist,Gender,Function,Delivery,Pitch min,Pitch Q1,Pitch median,Pitch Q3,Pitch max,Environment,Layering,Width
287,0,Intro,,,,,,,,,,,,
287,21.30582766,Verse,Zac Brown,M,Main,S,88.3586,147.649,171.311,206.997,264.718,E2,L1,W4
287,42.40854875,Chorus,Zac Brown,M,Main,S,63.8454,151.3185,156.4325,205.7215,262.603,E1,L5,W5
287,63.47396825,Chorus,,,,,,,,,,,,
287,74.03791383,Verse,Jimmy Buffett,M,Feat,S,78.1391,146.161,155.039,186.4075,266.768,E1,L1,W2
287,95.16725624,Chorus,Zac Brown,M,Main,S,64.101,117.7565,154.511,199.21525,265.133,E1,L5,W5
287,116.2520408,Bridge,Zac Brown,M,Main,S,64.6307,110.2075,197.3645,233.1755,331.445,E1,L2,W4
287,139.9624717,Chorus,Zac Brown,M,Main,S,76.5953,150.2405,157.284,200.709,262.156,E1,L5,W5
287,161.0603855,Bridge,Zac Brown,M,Main,S,95.2609,154.33,171.0245,196.27425,260.758,E1,L1,W2
287,174.2826984,Chorus,,,,,,,,,,,,