Index,Timestamp,Formal section,Artist,Gender,Function,Delivery,Pitch min,Pitch Q1,Pitch median,Pitch Q3,Pitch max,Environment,Layering,Width
113,0,Intro,,,,,,,,,,,,
113,2.6713125,Verse,Justin Bieber,M,Neither,S,132.856,222.566,264.116,279.542,374.78,E2,L1,W3
113,23.42195833,Pre-chorus,Justin Bieber,M,Neither,S,146.743,222.2575,248.0815,279.2285,417.842,E1,L1,W1
113,46.6249375,Chorus,Justin Bieber,M,Neither,S,162.404,219.34875,245.5605,251.057,287.065,E1,L3,W2
113,67.30072917,Verse,Justin Bieber,M,Neither,S,163.243,249.352,276.846,283.536,375.779,E2,L1,W3
113,87.9351875,Pre-chorus,Justin Bieber,M,Neither,S,161.676,224.151,249.398,327.979,419.772,E1,L3,W3
113,111.1486458,Chorus,Justin Bieber,M,Neither,S,181.697,220.044,246.366,275.752,337.386,E1,L5,W2
113,131.7690833,Bridge,MO,W,Neither,S,177.482,272.01675,280.9885,367.48775,559.268,E4,L3,W5
113,152.4056875,Chorus,Both,,,,,,,,,,,
113,173.102,Outro,Justin Bieber,M,Neither,S,176.129,218.064,219.52,221.422,280.799,E2,L1,W4
113,184.907,,,,,,,,,,,,,