﻿Index,Timestamp,Formal section,Artist,Gender,Function,Delivery,Pitch min,Pitch Q1,Pitch median,Pitch Q3,Pitch max,Environment,Layering,Width
72,0,Intro,,,,,,,,,,,,
72,9.8069161,Pre-chorus,Swae Lee,M,Feat,S,77.2843,268.61975,277.5155,310.093,422.668,E4,L1,W4
72,49.01485261,Chorus,Swae Lee,M,Feat,S,169.29,277.2005,306.731,311.5995,575.88,E4,L1,W4
72,78.41891157,Verse,French Montana,M,Main,R,110.296,196.452,206.92,212.118,547.487,E2,L1,W4
72,98.09,Refrain,Both,,,,,,,,,,,
72,107.7788662,Pre-chorus,Swae Lee,M,Feat,S,77.6862,270.791,277.714,310.393,417.15,E4,L1,W4
72,137.1754649,Chorus,Swae Lee,M,Feat,S,173.757,277.29325,308.131,311.88375,610.569,E4,L1,W4
72,166.5465079,Verse,French Montana,M,Main,S,136.321,243.824,273.841,278.65,383.797,E3,L1,W4
72,205.72678,Chorus variation,Both,,,,,,,,,,,