﻿Index,Timestamp,Formal section,Artist,Gender,Function,Delivery,Pitch min,Pitch Q1,Pitch median,Pitch Q3,Pitch max,Environment,Layering,Width
8,0,Intro,Drake,M,Feat,S,116.405,124.5845,138.88,164.6935,312.295,E1,L1,W1
8,10.34079365,Verse,Drake,M,Feat,S,90.497,169.682,184.734,205.005,281.404,E1,L1,W1
8,51.63417234,Chorus,Drake,M,Feat,S,81.726,167.647,184.93,368.665,420.031,E1,L1,W1
8,61.97956916,Verse,Chris Brown,M,Main,S,184.193,246.935,307.5,365.3145,440.687,E4,L2,W4
8,72.29707483,Chorus,Chris Brown,M,Main,S,245.069,329.50525,368.3835,370.84775,749.519,E4,L3,W5
8,82.53857143,Pre-chorus,Chris Brown,M,Main,S,135.653,226.481,277.161,312.984,420.63,E4,L3,W5
8,93.01170068,Chorus,Both,,,,,,,,,,,
8,103.2634694,Verse,Chris Brown,M,Main,S,61.7504,185.439,305.559,332.612,417.828,E4,L3,W5
8,123.9012245,Pre-chorus,Chris Brown,M,Main,S,134.84,216.486,274.31,311.647,544.065,E4,L3,W5
8,134.2528571,Chorus,Both,,,,,,,,,,,
8,144.5273469,Bridge,Chris Brown,M,Main,S,61.7689,165.313,215.423,248.237,804.249,E4,L5,W5
8,165.1420181,Verse,Drake,M,Feat,S,,,,,,E4,L1,W3
8,227.1213832,Pre-chorus,Both,,,,,,,,,,,
8,247.7005215,Outro,,,,,,,,,,,,