Index,Timestamp,Formal section,Artist,Gender,Function,Delivery,Pitch min,Pitch Q1,Pitch median,Pitch Q3,Pitch max,Environment,Layering,Width
83,0,Intro,,,,,,,,,,,,
83,14.01566667,Chorus,Camila Cabello,W,Neither,S,212.706,299.7185,371.4985,442.3615,606.849,E2,L1,W4
83,41.845125,Verse,Machine Gun Kelly,M,Neither,R,161.917,223.055,235.91,246.439,331.483,E2,L1,W2
83,69.73016667,Pre-chorus,Machine Gun Kelly,M,Neither,S,122.356,162.664,183.8,195.0875,291.989,E1,L3,W2
83,83.52322917,Chorus,Camila Cabello,W,Neither,S,213.076,299.0645,371.357,439.828,606.287,E2,L1,W4
83,111.3887917,Verse,Machine Gun Kelly,M,Neither,R,119.444,213.4355,231.226,250.0435,438.227,E2,L2,W4
83,139.2024792,Pre-chorus,Machine Gun Kelly,M,Neither,S,122.549,162.368,184.115,198.0135,293.589,E1,L3,W5
83,153.1136667,Chorus,Camila Cabello,W,Neither,S,207.847,299.979,373.14,440.496,606.94,E2,L1,W4
83,181.0030833,Bridge,Camila Cabello,W,Neither,S,199.258,321.573,332.3925,370.538,531.754,E4,L2,W4
83,194.8301042,Pre-chorus,Both,,,,,,,,,,,
83,208.818,Chorus,Camila Cabello,W,Neither,S,161.333,292.909,332.507,393.053,607.794,E2,L5,W4
83,238.6960417,,,,,,,,,,,,,