﻿Index,Timestamp,Formal section,Artist,Gender,Function,Delivery,Pitch min,Pitch Q1,Pitch median,Pitch Q3,Pitch max,Environment,Layering,Width
160,0,Verse,Jidenna,M,Main,S,154.906,177.4785,258.215,266.0065,299.641,E4,L1,W4
160,20.55210884,Pre-chorus,Jidenna,M,Main,S,143.507,174.487,189.037,235.391,307.471,E4,L1,W4
160,30.84643991,Chorus,Jidenna,M,Main,S,172.331,196.748,292.17,294.408,350.002,E4,L1,W4
160,51.25839002,Verse,Jidenna,M,Main,S,146.517,262.4905,287.177,294.2495,320.125,E4,L1,W4
160,71.6293424,Pre-chorus,Jidenna,M,Main,S,142.678,174.638,191.01,233.432,311.305,E4,L3,W5
160,81.81750567,Chorus,Jidenna,M,Main,S,130.692,196.369,291.782,294.1695,349.874,E4,L3,W5
160,102.2741043,Verse,Roman GianArthur,M,Feat,S,164.871,264.022,291.883,295.856,572.761,E4,L1,W4
160,122.7097279,Pre-chorus,Roman GianArthur,M,Feat,S,84.9139,87.310075,95.946,262.53,307.322,E4,L3,W5
160,132.9173243,Chorus,Jidenna,M,Main,S,173.031,196.82325,292.1785,294.346,349.756,E4,L3,W5
160,153.3536054,Verse,Jidenna,M,Main,S,109.714,229.632,234.5375,347.68975,425.574,E3,L1,W4
160,183.9839909,Chorus,Jidenna,M,Main,S,84.251,196.156,291.74,294.44,350.264,E4,L3,W5
160,204.3867347,Outro,,,,,,,,,,,,