Index,Timestamp,Formal section,Artist,Gender,Function,Delivery,Pitch min,Pitch Q1,Pitch median,Pitch Q3,Pitch max,Environment,Layering,Width
225,0,Intro,,,,,,,,,,,,
225,42.45583333,Verse,Macklemore,M,Main,R,98.1011,126.80425,137.021,145.77025,470.569,E1,L1,W1
225,90.44766667,Chorus,Mary Lambert,W,Feat,S,126.157,265.105,351.682,391.349,503.391,E1,L1,W1
225,124.3952083,Verse,Macklemore,M,Main,R,67.0217,136.6385,146.507,154.8225,321.292,E1,L1,W1
225,180.8096458,Other,,,,,,,,,,,,
225,192.1538125,Chorus,Mary Lambert,W,Feat,S,128.662,252.44425,316.5515,391.08925,481.279,E1,L1,W1
225,214.7287292,Verse,Macklemore,M,Main,R,97.335,127.254,135.456,142.1165,470.873,E1,L1,W1
225,248.5960208,Chorus,Mary Lambert,W,Feat,S,129.796,264.803,346.281,390.907,515.414,E1,L1,W1
225,282.4797083,Outro,Mary Lambert,W,Feat,S,76.4296,301.295,321.242,392.981,473.214,E1,L3,W5