Index,Timestamp,Formal section,Artist,Gender,Function,Delivery,Pitch min,Pitch Q1,Pitch median,Pitch Q3,Pitch max,Environment,Layering,Width
154,0,Intro,,,,,,,,,,,,
154,9.0443125,Verse,Nicki Minaj,W,Main,R,130.136,206.34225,221.1795,238.98475,368.848,E2,L1,W4
154,73.08529167,Chorus,Chris Brown,M,Feat,S,142.207,272.486,285.651,310.6055,371.776,E2,L2,W4
154,105.15,Verse,Drake,M,Feat,R,110.061,169.9035,189.944,209.2355,328.351,E1,L1,W2
154,169.1127292,Chorus,Chris Brown,M,Feat,S,118.847,273.286,293.294,310.6985,371.91,E2,L2,W4
154,201.1407708,Verse,Lil Wayne,M,Feat,R,82.4268,184.378,209.333,233.527,464.782,E2,L1,W4
154,265.1106875,Chorus,Chris Brown,M,Feat,S,200.123,275.246,300.967,311.891,495.93,E2,L1,W4
154,310.3296042,,,,,,,,,,,,,