Index,Timestamp,Formal section,Artist,Gender,Function,Delivery,Pitch min,Pitch Q1,Pitch median,Pitch Q3,Pitch max,Environment,Layering,Width
175,0,Intro,,,,,,,,,,,,
175,9.206530612,Chorus,Ke$ha,W,Feat,S,203.477,247.844,278.008,311.011,498.331,E1,L3,W1
175,24.02133787,Post-chorus,Ke$ha,W,Feat,S,241.775,281.071,368.887,416.676,500.852,E1,L3,W1
175,38.70587302,Verse,Pitbull,M,Main,R,175.843,245.3375,260.9345,270.3925,315.182,E1,L3,W1
175,53.47031746,Pre-chorus,Pitbull,M,Main,R,127.554,179.325,197.832,372.527,589.168,E1,L4,W1
175,68.21843537,Chorus,Ke$ha,W,Feat,S,135.1,248.618,284.107,369.618,633.557,E1,L3,W1
175,97.79358277,Post-chorus,Ke$ha,W,Feat,S,238.752,281.0745,372.713,490.23475,824.192,E1,L3,W1
175,112.5437188,Verse,Pitbull,M,Main,R,177.821,249.654,263.153,275.52875,548.831,E1,L3,W1
175,127.2562585,Pre-chorus,Pitbull,M,Main,R,149.121,181.34,244.603,416.95625,645.304,E1,L4,W1
175,142.0837415,Chorus,Ke$ha,W,Feat,S,204.15,249.72825,295.8065,371.94525,647.178,E1,L5,W1
175,171.7192744,Outro,Both,,,,,,,,,,,