Index,Timestamp,Formal section,Artist,Gender,Function,Delivery,Pitch min,Pitch Q1,Pitch median,Pitch Q3,Pitch max,Environment,Layering,Width
254,0,Intro,,,,,,,,,,,,
254,9.392375,Chorus,Neon Hitch,W,Feat,S,190.011,233.59075,264.2695,337.112,475.944,E1,L3,W5
254,39.01870833,Verse,Travie McCoy,M,Main,R,143.388,198.73325,206.2455,212.637,273.816,E1,L2,W3
254,68.49097917,Chorus,Neon Hitch,W,Feat,S,155.953,232.681,262.181,306.68,471.357,E1,L3,W5
254,98.008125,Verse,Travie McCoy,M,Main,R,161.036,201.0035,208.748,216.35425,256.612,E1,L2,W3
254,127.56575,Chorus,Neon Hitch,W,Feat,S,185.851,234.3735,276.8645,344.5975,473.73,E1,L3,W5
254,157.1108542,Bridge,Travie McCoy,M,Main,R,122.135,171.4405,191.015,233.7445,634.066,E2,L1,W3
254,171.8816875,Bridge,Neon Hitch,W,Feat,S,187.097,233.27025,261.093,292.075,729.157,E1,L3,W4
254,186.6254375,Chorus,Neon Hitch,W,Feat,S,176.395,248.3065,292.528,342.632,475.778,E1,L3,W5