﻿Index,Timestamp,Formal section,Artist,Gender,Function,Delivery,Pitch min,Pitch Q1,Pitch median,Pitch Q3,Pitch max,Environment,Layering,Width
16,0,Intro,,,,,,,,,,,,
16,10.66521542,Chorus,Polo G,M,Main,S,152.064,185.7795,206.958,209.038,246.627,E3,L1,W4
16,33.56156463,Verse,Polo G,M,Main,S,157.892,189.2575,206.053,208.29,261.35,E3,L1,W4
16,67.86873016,Chorus,Polo G,M,Main,S,103.316,185.186,206.885,209.39475,246.778,E3,L1,W4
16,90.73886621,Verse,Lil Tjay,M,Feat,S,173.835,207.291,210.645,233.136,279.644,E3,L1,W4
16,124.9984581,Chorus,Polo G,M,Main,S,152.731,185.458,206.867,208.9435,246.699,E3,L1,W4
16,147.9062358,Outro,,,,,,,,,,,,