Index,Timestamp,Formal section,Artist,Gender,Function,Delivery,Pitch min,Pitch Q1,Pitch median,Pitch Q3,Pitch max,Environment,Layering,Width
144,0,Intro,All,,,,,,,,,,,
144,10.13258333,Chorus,Omarion,M,Main,S,82.1862,154.616,174.037,205.005,234.933,E2,L1,W3
144,39.52022917,Verse,Omarion,M,Main,S,68.6909,154.5425,173.313,179.7955,621.28,E3,L2,W3
144,69.12395833,Chorus,Omarion,M,Main,S,62.7515,154.688,174.1865,205.6175,237.72,E2,L3,W5
144,98.64979167,Verse,Chris Brown,M,Feat,S,103.828,174.517,279.155,311.944,425.685,E2,L2,W3
144,128.1649167,Verse,Jhene Aiko,W,Feat,S,151.498,278.22175,347.147,409.452,507.861,E5,L2,W3
144,157.7408125,Chorus,All,,,,,,,,,,,
144,187.3189583,Bridge,All,,,,,,,,,,,
144,206.9877292,Outro,All,,,,,,,,,,,
144,226.5752083,,,,,,,,,,,,,