﻿Index,Timestamp,Formal section,Artist,Gender,Function,Delivery,Pitch min,Pitch Q1,Pitch median,Pitch Q3,Pitch max,Environment,Layering,Width
299,0,Intro,Ludacris,M,Feat,R,146.323,202.284,212.199,232.1975,358.131,E1,L1,W1
299,18.15092971,Verse,Taio Cruz,M,Main,S,152.275,260.981,293.344,308.383,462.576,E1,L1,W2
299,33.87816327,Pre-chorus,Taio Cruz,M,Main,S,216.111,344.111,350.038,392.152,470.465,E1,L3,W5
299,49.63147392,Chorus,Taio Cruz,M,Main,S,190.443,291.12775,299.561,309.47125,349.316,E1,L3,W5
299,65.3614059,Post-chorus,Taio Cruz,M,Main,S,207.666,231.8475,233.443,260.4645,322.342,E1,L3,W5
299,73.23285714,Verse,Taio Cruz,M,Main,S,153.333,258.84625,291.157,307.073,458.965,E2,L3,W5
299,88.96038549,Pre-chorus,Taio Cruz,M,Main,S,195.324,343.865,349.7515,392.2365,471.155,E1,L3,W5
299,104.6638776,Chorus,Taio Cruz,M,Main,S,194.364,290.24475,298.1575,309.19775,349.363,E1,L3,W5
299,120.449093,Verse,Ludacris,M,Feat,R,115.803,197.9775,209.007,225.496,283.662,E2,L1,W3
299,136.3806349,Bridge,Taio Cruz,M,Main,S,221.331,262.097,293.856,310.611,365.682,E2,L3,W5
299,151.9010658,Chorus,Taio Cruz,M,Main,S,187.058,291.56875,302.0385,309.28825,349.059,E1,L3,W5
299,167.6122902,Post-chorus,Taio Cruz,M,Main,S,75.6562,231.0995,233.839,260.943,312.757,E1,L3,W5
299,179.4987982,Outro,Taio Cruz,M,Main,S,227.076,231.25,232.652,236.054,261.662,E1,L3,W5