Index,Timestamp,Formal section,Artist,Gender,Function,Delivery,Pitch min,Pitch Q1,Pitch median,Pitch Q3,Pitch max,Environment,Layering,Width
109,0,Intro,Sean Paul,M,Feat,R,172.032,211.8565,219.275,244.9825,426.164,E4,L1,W3
109,11.78489583,Verse,Sia,W,Main,S,207.929,271.8225,327.006,331.713,437.97,E1,L3,W4
109,22.557875,Pre-chorus,Sia,W,Main,S,240.888,328.235,410.148,433.34375,490.206,E1,L5,W5
109,33.05972917,Chorus,Both,,,,,,,,,,,
109,65.072875,Verse,Sia,W,Main,S,231.696,276.833,328.255,335.145,419.168,E1,L5,W5
109,75.73866667,Pre-chorus,Sia,W,Main,S,245.92,328.743,407.7725,432.9115,553.357,E1,L5,W5
109,86.41929167,Chorus,Both,,,,,,,,,,,
109,118.4232917,Verse,Sean Paul,M,Feat,R,135.952,209.6685,220.364,274.69925,749.032,E1,L2,W3
109,139.773,Bridge,Both,,,,,,,,,,,
109,161.0307917,Chorus,Both,,,,,,,,,,,
109,193.0468125,Outro,Sia,W,Main,S,243.656,276.246,290.116,327.3785,351.133,E1,L5,W5