Index,Timestamp,Formal section,Artist,Gender,Function,Delivery,Pitch min,Pitch Q1,Pitch median,Pitch Q3,Pitch max,Environment,Layering,Width
316,0,Verse,Ke$ha,W,Main,R,194.354,236.965,272.779,319.3,542.652,E1,L4,W4
316,18.18889583,Pre-chorus,Ke$ha,W,Main,S,542.652,542.652,542.652,542.652,542.652,E1,L5,W5
316,32.21152083,Chorus,Ke$ha,W,Main,R,227.579,285.213,323.9235,371.1645,601.996,E1,L4,W5
316,50.15189583,Verse,Ke$ha,W,Main,R,204.249,254.28075,286.989,343.8295,827.891,E1,L3,W4
316,66.1640625,Pre-chorus,Ke$ha,W,Main,S,598.607,598.607,598.607,598.607,598.607,E1,L5,W5
316,80.181875,Chorus,Ke$ha,W,Main,R,190.29,263.422,308.7,365.407,600.945,E1,L4,W5
316,98.1751875,Bridge,3OH!3,M,Feat,R,128.652,147.24025,189.831,201.3155,503.356,E1,L3,W1
316,121.6426667,Chorus,Ke$ha,W,Main,R,227.562,263.99625,314.2335,388.22225,601.638,E1,L4,W5
316,155.6015625,Outro,Ke$ha,W,Main,R,205.905,290.238,370.688,472.867,722.22,E1,L1,W1