﻿Index,Timestamp,Formal section,Artist,Gender,Function,Delivery,Pitch min,Pitch Q1,Pitch median,Pitch Q3,Pitch max,Environment,Layering,Width
283,0,Intro,,,,,,,,,,,,
283,2.206145125,Chorus,Eric Turner,M,Feat,S,124.207,291.815,328.385,352.03,526.866,E3,L1,W4
283,23.48278912,Verse,Tinie Tempah,M,Main,R,120.4,152.2,166.117,179.129,454.001,E1,L3,W4
283,65.49197279,Chorus,Eric Turner,M,Feat,S,192.055,291.649,328.268,352.06,526.554,E3,L1,W4
283,86.62721088,Post-chorus,Both,,,,,,,,,,,
283,107.7592063,Verse,Tinie Tempah,M,Main,R,123.6,179.223,220.478,238.9065,299.63,E1,L3,W4
283,149.9270748,Chorus,Eric Turner,M,Feat,S,182.365,290.96525,327.4785,351.059,526.317,E3,L1,W4
283,171.0580726,Post-chorus,Both,,,,,,,,,,,
283,192.0748753,Chorus,Eric Turner,M,Feat,S,210.024,329.5505,365.215,434.614,526.798,E3,L1,W4