﻿Index,Timestamp,Formal section,Artist,Gender,Function,Delivery,Pitch min,Pitch Q1,Pitch median,Pitch Q3,Pitch max,Environment,Layering,Width
309,0,Chorus,Dev,W,Neither,R,147.106,227.5975,233.066,234.6865,301.434,E1,L4,W5
309,31.7902,Verse,The Cataracs,M,Neither,R,99.0307,147.6635,151.191,157.6785,220.809,E1,L1,W2
309,47.0304,Pre-chorus,The Cataracs,M,Neither,R,150.486,162.39225,174.2445,174.67775,234.095,E1,L3,W4
309,62.4118,Chorus,Dev,W,Neither,R,101.588,231.9495,233.213,235.4825,459.379,E1,L4,W5
309,93.096,Verse,The Cataracs,M,Neither,R,100.661,153.817,157.616,170.9745,209.435,E2,L2,W4
309,108.463,Pre-chorus,The Cataracs,M,Neither,R,150.2,162.674,174.261,174.694,233.542,E1,L3,W4
309,123.875,Chorus,Dev,W,Neither,R,87.3482,231.309,233.121,234.49,486.014,E1,L4,W5
309,154.593,Bridge,The Cataracs,M,Neither,R,87.2419,195.697,232.739,235.844,313.345,E1,L1,W4
309,185.268,Chorus,Dev,W,Neither,R,159.096,231.921,233.049,233.691,299.699,E1,L4,W5
309,218.286,,,,,,,,,,,,,