﻿Index,Timestamp,Formal section,Artist,Gender,Function,Delivery,Pitch min,Pitch Q1,Pitch median,Pitch Q3,Pitch max,Environment,Layering,Width
81,0,Intro,Quavo,M,Feat,R,137.697,207.863,277.777,285.461,311.302,E4,L1,W4
81,9.387029478,Verse,Liam Payne,M,Main,S,128.657,184.3925,188.043,210.17525,316.779,E3,L1,W3
81,27.48315193,Pre-chorus,Liam Payne,M,Main,S,140.949,184.085,186.253,207.54,241.058,E1,L2,W3
81,45.65024943,Chorus,Liam Payne,M,Main,S,130.887,176.20325,196.8565,209.40425,281.721,E1,L4,W5
81,63.74553288,Post-chorus,Ed Sheeran & Liam Payne,,,,,,,,,,,
81,72.74027211,Verse,Liam Payne,M,Main,S,134.677,184.753,188.116,216.539,330.666,E3,L1,W3
81,90.87013605,Pre-chorus,Liam Payne,M,Main,S,90.482,183.415,186.2005,207.716,283.809,E1,L2,W3
81,109.0269615,Chorus,Liam Payne,M,Main,S,77.3151,174.709,189.501,208.393,279.98,E1,L4,W5
81,127.1226984,Post-chorus,All,,,,,,,,,,,
81,145.2236735,Verse,Quavo,M,Feat,S,77.237,185.07125,199.454,210.8535,278.005,E4,L1,W3
81,163.4545578,Chorus,Liam Payne,M,Main,S,136.251,176.89175,193.252,209.171,282.156,E1,L4,W5
81,181.4741723,Outro,Liam Payne,M,Main,S,101.452,179.483,207.13,213.397,294.434,E1,L2,W3