﻿Index,Timestamp,Formal section,Artist,Gender,Function,Delivery,Pitch min,Pitch Q1,Pitch median,Pitch Q3,Pitch max,Environment,Layering,Width
234,0,Intro,Both,,,,,,,,,,,
234,18.6509,Verse,Miguel,M,Feat,S,136.612,200.8825,246.736,259.8365,323.768,E4,L1,W3
234,54.5718,Chorus,Miguel,M,Feat,S,151.09,189.154,206.599,245.794,316.921,E1,L3,W4
234,90.4861,Verse,Mariah Carey,W,Main,S,160.516,266.472,328.315,366.567,454.857,E1,L2,W4
234,108.38,Chorus,Both,,,,,,,,,,,
234,162.236,Outro,Both,,,,,,,,,,,
234,214.988,,,,,,,,,,,,,