﻿Index,Timestamp,Formal section,Artist,Gender,Function,Delivery,Pitch min,Pitch Q1,Pitch median,Pitch Q3,Pitch max,Environment,Layering,Width
104,0,Intro,,,,,,,,,,,,
104,14.76802721,Verse,Keith Urban,M,Main,S,,,,,,E1,L1,W2
104,43.849161,Chorus,Both,,,,,,,,,,,
104,72.90498866,Verse,Keith Urban,M,Main,S,107.377,224.47025,275.7765,297.8335,473.708,E1,L2,W2
104,94.72643991,Chorus,Both,,,,,,,,,,,
104,123.8090249,Bridge,Both,,,,,,,,,,,
104,138.3213832,Chorus,Both,,,,,,,,,,,
104,167.7082993,Outro,Both,,,,,,,,,,,