﻿Index,Timestamp,Formal section,Artist,Gender,Function,Delivery,Pitch min,Pitch Q1,Pitch median,Pitch Q3,Pitch max,Environment,Layering,Width
71,0,Intro,DJ Khaled,M,Main,R,108.387,374.7985,392.9125,440.62125,655.07,E5,L1,W5
71,11.88489796,Pre-chorus,Justin Bieber,M,Feat,S,146.75,196.5005,220.378,246.479,332.966,E1,L1,W1
71,35.59380952,Chorus,Justin Bieber,M,Feat,S,162.272,196.16,213.91,228.466,298.657,E3,L1,W3
71,47.42058957,Verse,Quavo,M,Feat,S,146.587,196.425,220.005,245.7975,397.525,E1,L1,W1
71,83.00580499,Pre-chorus,Justin Bieber,M,Feat,S,145.882,196.4175,220.107,246.6745,403.967,E1,L1,W1
71,106.7054649,Chorus,Justin Bieber,M,Feat,S,162.634,196.173,215.945,238.092,298.52,E3,L1,W3
71,118.5766893,Verse,Chance The Rapper,M,Feat,S,97.2678,194.1625,216.7775,236.31125,503.231,E1,L1,W1
71,154.1431746,Pre-chorus,Justin Bieber,M,Feat,S,145.92,196.488,220.304,246.448,332.811,E1,L1,W1
71,177.8580499,Chorus,Justin Bieber,M,Feat,S,158.519,196.2755,218.814,240.701,298.513,E3,L1,W3
71,189.6626304,Verse,Lil Wayne,M,Feat,S,154.76,218.822,246.458,262.1205,490.123,E3,L1,W3
71,225.2960091,Pre-chorus,Justin Bieber,M,Feat,S,146.002,196.503,220.27,246.653,410.115,E1,L1,W1
71,248.920839,Chorus,Justin Bieber,M,Feat,S,73.4096,155.6725,197.037,222.8255,298.365,E3,L4,W5
71,260.6731973,Outro,Justin Bieber & DJ Khaled,,,,,,,,,,,