﻿Index,Timestamp,Formal section,Artist,Gender,Function,Delivery,Pitch min,Pitch Q1,Pitch median,Pitch Q3,Pitch max,Environment,Layering,Width
198,0,Intro,,,,,,,,,,,,
198,8.0949375,Verse,Shakira,W,Main,S,,,,,,E5,L1,W4
198,21.88575,Pre-chorus,Shakira,W,Main,S,189.767,328.53,383.7885,439.51825,882.652,E5,L2,W4
198,35.77925,Chorus,Shakira,W,Main,S,210.309,349.73,375.7625,439.4735,765.337,E1,L2,W4
198,63.60172917,Post-chorus,Shakira,W,Main,S,243.164,372.4225,437.4885,449.44875,597.378,E4,L2,W4
198,77.53085417,Verse,Rihanna,W,Feat,S,211.623,293.035,366.374,370.729,463.579,E5,L1,W4
198,91.41683333,Pre-chorus,Both,,,,,,,,,,,
198,105.370125,Chorus,Both,,,,,,,,,,,
198,133.199,Bridge,Shakira,W,Main,S,272.977,364.007,375.4,435.397,801.09,E5,L2,W4
198,147.0568542,Bridge,Rihanna,W,Feat,S,266.531,365.58425,375.336,414.799,507.421,E5,L2,W4
198,161.0771667,Chorus,Both,,,,,,,,,,,