﻿Index,Timestamp,Formal section,Artist,Gender,Function,Delivery,Pitch min,Pitch Q1,Pitch median,Pitch Q3,Pitch max,Environment,Layering,Width
146,0,Intro,All,,,,,,,,,,,
146,11.92306122,Verse,Nicki Minaj,W,Feat,S,213.162,322.09,328.462,330.754,354.601,E3,L1,W3
146,22.78394558,Pre-chorus,Nicki Minaj,W,Feat,S,163.552,257.01525,319.801,329.4105,348.445,E2,L1,W3
146,34.12759637,Chorus,Bebe Rexha,W,Feat,S,152.359,407.39375,488.457,494.79975,669.109,E1,L3,W5
146,56.46310658,Post-chorus,All,,,,,,,,,,,
146,67.55376417,Verse,Nicki Minaj,W,Feat,S,225.81,324.46675,330.431,334.12275,397.869,E3,L2,W3
146,78.72557823,Pre-chorus,Nicki Minaj,W,Feat,S,159.282,261.7145,321.6995,329.882,390.865,E2,L1,W3
146,89.89705215,Chorus,Bebe Rexha,W,Feat,S,151.263,405.07225,488.0045,494.58225,668.88,E1,L3,W5
146,112.2382993,Post-chorus,All,,,,,,,,,,,
146,123.5453515,Verse,Nicki Minaj,W,Feat,R,156.669,242.9445,283.67,327.9355,539.851,E1,L1,W2
146,145.7223583,Bridge,Nicki Minaj,W,Feat,S,154.42,307.79825,328.6875,330.55675,393.298,E1,L2,W3
146,156.8666667,Chorus,Bebe Rexha,W,Feat,S,153.905,410.2905,487.607,494.6565,668.336,E1,L3,W5
146,179.1386848,Outro,All,,,,,,,,,,,