Index,Timestamp,Formal section,Artist,Gender,Function,Delivery,Pitch min,Pitch Q1,Pitch median,Pitch Q3,Pitch max,Environment,Layering,Width
35,0,Intro,,,,,,,,,,,,
35,4.771104167,Verse,Cardi B,W,Feat,R,193.218,269.746,309.473,342.122,795.921,E2,L1,W4
35,32.1891875,Verse,Bruno Mars,M,Main,S,230.048,310.197,344.543,353.091,470.707,E2,L1,W4
35,50.54275,Pre-chorus,Bruno Mars,M,Main,S,154.081,247.693,312.768,390.5815,526.299,E1,L5,W4
35,68.8001875,Chorus,Bruno Mars,M,Main,S,171.618,212.881,232.624,261.395,333.414,E1,L5,W5
35,87.0390625,Verse,Bruno Mars,M,Main,S,216.218,329.2375,354.52,410.9455,544.211,E2,L1,W4
35,105.3837292,Pre-chorus,Bruno Mars,M,Main,S,150.678,253.78325,334.2975,413.4155,556.091,E1,L5,W4
35,123.6435417,Chorus,Bruno Mars,M,Main,S,169.341,209.87525,231.249,238.6485,347.888,E1,L5,W5
35,141.9411875,Bridge,Bruno Mars,M,Main,S,211.141,349.92725,414.2165,620.01275,1620.55,E1,L5,W5
35,160.2488125,Bridge,Both,,,,,,,,,,,
35,178.4745208,Chorus,Bruno Mars,M,Main,S,173.762,256.693,306.369,345.969,531.297,E1,L5,W5
35,196.8209792,Outro,Both,,,,,,,,,,,