﻿Index,Timestamp,Formal section,Artist,Gender,Function,Delivery,Pitch min,Pitch Q1,Pitch median,Pitch Q3,Pitch max,Environment,Layering,Width
124,0,Intro,DJ Khaled & Complexion,,,,,,,,,,,
124,14.02972789,Verse,Drake,M,Feat,R,108.158,166.377,173.1275,178.4015,430.522,E1,L1,W1
124,60.32861678,Chorus,Drake,M,Feat,S,106.662,150.4145,161.342,173.0295,206.992,E3,L1,W3
124,78.90122449,Verse,Drake,M,Feat,R,94.6197,143.658,169.811,176.476,199.896,E1,L1,W1
124,115.9004308,Chorus,Drake,M,Feat,S,106.608,150.316,162.058,174.138,206.972,E3,L1,W3
124,134.515737,Link,Complexion,M,Uncredited,S,144.127,144.127,144.127,144.127,144.127,E4,L1,W4
124,138.3253968,Outro,DJ Khaled,M,Main,R,108.776,224.211,283.373,310.188,359.664,E5,L1,W5