﻿Index,Timestamp,Formal section,Artist,Gender,Function,Delivery,Pitch min,Pitch Q1,Pitch median,Pitch Q3,Pitch max,Environment,Layering,Width
214,0,Intro,Justin Timberlake,M,Feat,S,98.8719,299.7255,353.96,391.296,560.986,E2,L1,W3
214,53.20451247,Chorus,Justin Timberlake,M,Feat,S,134.265,257.892,290.719,387.482,556.273,E1,L3,W3
214,79.86006803,Verse,Jay-Z,M,Main,R,129.155,241.734,252.071,262.271,291.965,E1,L2,W3
214,119.6598413,Pre-chorus,Both,,,,,,,,,,,
214,132.8824717,Chorus,Justin Timberlake,M,Feat,S,117.976,249.31675,277.3745,379.7135,448.832,E1,L3,W3
214,159.2795918,Verse,Jay-Z,M,Main,R,130.796,229.969,237.769,246.019,285.891,E1,L1,W1
214,198.9912245,Pre-chorus,Jay-Z,M,Main,R,161.398,217.603,241.267,250.577,428.475,E2,L1,W3
214,212.2582313,Chorus,Justin Timberlake,M,Feat,S,84.0889,227.301,265.742,348.757,473.482,E1,L3,W3
214,238.7757823,Bridge,Justin Timberlake,M,Feat,S,96.918,294.33,349.729,391.265,533.183,E2,L3,W3
214,291.6980045,Chorus,Justin Timberlake,M,Feat,S,69.35,219.2165,262.803,330.9485,477.887,E1,L3,W3
214,318.2580499,Outro,Justin Timberlake,M,Feat,S,64.2215,71.1513,72.8629,97.8918,177.557,E1,L5,W5