Index,Timestamp,Formal section,Artist,Gender,Function,Delivery,Pitch min,Pitch Q1,Pitch median,Pitch Q3,Pitch max,Environment,Layering,Width
159,0,Intro,,,,,,,,,,,,
159,12.423,Chorus,Chris Brown,M,Feat,S,143.766,187.012,295.961,367.512,740.76,E2,L1,W4
159,49.70833333,Verse,Meek Mill,M,Main,R,183.824,277.404,291.569,308.6175,401.342,E2,L2,W3
159,86.77516667,Chorus,Chris Brown,M,Feat,S,138.306,185.4825,288.158,332.19475,741.315,E2,L1,W4
159,124.0194375,Verse,Nicki Minaj,W,Feat,R,165.675,237.38,267.6865,298.901,741.66,E1,L2,W3
159,173.5704375,Chorus,Both,,,,,,,,,,,
159,198.2673125,Outro,Both,,,,,,,,,,,
159,234.3655208,,,,,,,,,,,,,