Index,Timestamp,Formal section,Artist,Gender,Function,Delivery,Pitch min,Pitch Q1,Pitch median,Pitch Q3,Pitch max,Environment,Layering,Width
112,0,Intro,,,,,,,,,,,,
112,9.605833333,Chorus,Bebe Rexha,W,Neither,S,139.476,352.356,391.3,438.537,631.128,E4,L1,W4
112,26.6645,Verse,G-Eazy,M,Neither,R,139.476,210.26175,220.017,229.1915,586.025,E1,L1,W1
112,61.104125,Chorus,Bebe Rexha,W,Neither,S,294.299,352.56975,390.3965,434.27225,638.92,E4,L1,W4
112,78.0631875,Post-chorus,Bebe Rexha,W,Neither,S,142.367,309.75725,343.143,387.43125,638.716,E4,L1,W4
112,95.19375,Verse,G-Eazy,M,Neither,R,129.321,199.84875,208.166,216.13875,495.447,E1,L1,W1
112,129.5542917,Chorus,Bebe Rexha,W,Neither,S,296.391,352.5355,389.962,423.5825,643.395,E4,L1,W4
112,146.6485,Post-chorus,Bebe Rexha,W,Neither,S,110.703,310.434,349.7795,394.98225,647.033,E4,L1,W4
112,183.1849167,Bridge,G-Eazy,M,Neither,R,110.703,187.53,199.661,209.631,448.054,E1,L1,W1
112,198.101125,Chorus,Bebe Rexha,W,Neither,S,294.472,352.36325,389.8385,425.012,647.837,E4,L1,W4
112,215.2108958,Post-chorus,Bebe Rexha,W,Neither,S,205.611,310.351,350.564,396.28625,745.976,E4,L1,W4
112,254.4275625,,,,,,,,,,,,,