﻿Index,Timestamp,Formal section,Artist,Gender,Function,Delivery,Pitch min,Pitch Q1,Pitch median,Pitch Q3,Pitch max,Environment,Layering,Width
183,0,Intro,,,,,,,,,,,,
183,69.9349792,Verse,Beyoncé,W,Main,S,144.199,216.155,243.067,261.586,415.32,E3,L1,W3
183,125.695875,Pre-chorus,Beyoncé,W,Main,S,175.02,311.839,395.722,464.27,565.266,E3,L1,W3
183,153.000938,Chorus,Beyoncé,W,Main,S,245.335,517.64925,527.708,546.1145,563.619,E3,L1,W3
183,166.764729,Verse,Beyoncé,W,Main,R,171.363,245.526,260.726,272.96,339.549,E3,L2,W3
183,207.876313,Pre-chorus,Beyoncé,W,Main,S,219.488,311.80275,408.973,475.14075,558.948,E3,L2,W3
183,235.485292,Chorus,Beyoncé,W,Main,S,273.137,475.18875,526.6795,544.397,564.77,E3,L1,W3
183,248.977208,Verse,Jay-Z,M,Feat,R,169.552,236.997,248.075,258.295,523.39,E1,L1,W1
183,303.951271,Chorus,Beyoncé,W,Main,S,179.4,468.009,525.505,544.288,597.864,E3,L1,W3
183,317.657417,Bridge,Beyoncé,W,Main,S,127.676,234.5455,261.346,303.0065,503.159,E3,L1,W3
183,351.859979,Chorus,Beyoncé,W,Main,S,300.248,464.5825,525.968,545.663,622.037,E3,L1,W3
183,372.508938,Outro,,,,,,,,,,,,
183,381.521979,,,,,,,,,,,,,