Index,Timestamp,Formal section,Artist,Gender,Function,Delivery,Pitch min,Pitch Q1,Pitch median,Pitch Q3,Pitch max,Environment,Layering,Width
88,0,Intro,,,,,,,,,,,,
88,17.40085417,Pre-chorus,DJ Dahi,,,,,,,,,,,
88,34.69741667,Chorus,Both,,,,,,,,,,,
88,51.959125,Verse,Kendrick Lamar,M,Main,R,144.503,159.424,165.748,171.19,259.715,E1,L1,W1
88,69.20589583,Verse,Rihanna,W,Feat,R,133.752,195.27725,198.81,224.824,274.134,E1,L3,W3
88,86.579,Verse,Kendrick Lamar,M,Main,R,102.257,145.07975,151.3915,161.28775,221.42,E1,L2,W1
88,103.8427917,Pre-chorus,DJ Dahi,,,,,,,,,,,
88,112.5711458,Chorus,Both,,,,,,,,,,,
88,138.44275,Verse,Kendrick Lamar,M,Main,R,140.158,186.081,195.141,197.662,262.654,E2,L4,W3
88,155.8850833,Verse,Rihanna,W,Feat,R,152.279,173.011,196.607,217.653,263.689,E1,L4,W3
88,173.0256042,Pre-chorus,DJ Dahi,,,,,,,,,,,
88,181.6899583,Chorus,Both,,,,,,,,,,,
88,207.6470208,Outro,Both,,,,,,,,,,,
88,227.4343542,,,,,,,,,,,,,