﻿Index,Timestamp,Formal section,Artist,Gender,Function,Delivery,Pitch min,Pitch Q1,Pitch median,Pitch Q3,Pitch max,Environment,Layering,Width
191,0,Intro,,,,,,,,,,,,
191,11.29031746,Chorus,Rich Homie Quan,M,Feat,S,137.866,184.97475,204.949,224.40925,315.346,E2,L1,W3
191,33.73507937,Verse,YG,M,Main,S,98.7181,183.1845,197.5945,209.5355,286.586,E3,L1,W4
191,78.66798186,Chorus,Rich Homie Quan,M,Feat,S,102.531,184.895,201.816,212.62,314.906,E2,L1,W3
191,101.0445125,Verse,Young Jeezy,M,Feat,R,76.7541,199.469,224.76,246.575,367.91,E1,L3,W4
191,134.8066893,Chorus,Rich Homie Quan,M,Feat,S,86.7267,184.872,204.718,222.802,315.194,E2,L2,W4
191,157.1907029,Verse,Rich Homie Quan,M,Feat,S,71.5638,182.412,196.3005,211.72325,350.284,E1,L1,W3
191,202.2013832,Chorus,Rich Homie Quan,M,Feat,S,139.073,185.035,206.2035,226.8475,315.595,E2,L1,W3
191,224.5879138,Outro,Rich Homie Quan,M,Feat,S,,,,,,E1,L1,W2