﻿Index,Timestamp,Formal section,Artist,Gender,Function,Delivery,Pitch min,Pitch Q1,Pitch median,Pitch Q3,Pitch max,Environment,Layering,Width
33,0,Intro,,,,,,,,,,,,
33,2.278231293,Verse,Maren Morris,W,Neither,S,155.786,219.84,247.5225,293.17525,397.647,E3,L1,W3
33,20.17517007,Pre-chorus,Maren Morris,W,Neither,S,251.156,390.4775,394.979,439.1665,500.919,E2,L4,W4
33,29.18882086,Chorus,Maren Morris,W,Neither,S,143.049,392.0765,446.434,494.6865,1004.94,E2,L5,W5
33,47.13614513,Chorus,Maren Morris,W,Neither,S,194.269,392.98775,480.362,501.762,992.555,E2,L5,W5
33,65.10018141,Verse,Maren Morris,W,Neither,S,145.156,219.872,246.6135,292.738,396.146,E3,L2,W4
33,83.01501134,Pre-chorus,Maren Morris,W,Neither,S,287.897,390.413,396.786,439,501.418,E2,L4,W4
33,91.9707483,Chorus,Maren Morris,W,Neither,S,145.576,392.481,473.391,496.441,1000.73,E2,L5,W5
33,109.9388889,Bridge,Maren Morris,W,Neither,S,158.313,227.4415,330.2555,448.9445,601.392,E1,L3,W3
33,127.9132426,Chorus,Maren Morris,W,Neither,S,168.161,391.84775,441.9965,493.97325,1000.51,E3,L1,W3
33,145.7962812,Chorus,Maren Morris,W,Neither,S,145.626,391.93725,441.336,491.936,978.761,E2,L3,W4
33,163.7822222,Chorus,Maren Morris,W,Neither,S,145.659,389.8435,431.986,463.857,971.473,E2,L5,W5