Index,Timestamp,Formal section,Artist,Gender,Function,Delivery,Pitch min,Pitch Q1,Pitch median,Pitch Q3,Pitch max,Environment,Layering,Width
272,0,Chorus,Skylar Grey,W,Feat,S,127.548,246.42,276.174,290.922,371.247,E3,L1,W3
272,30.9865,Intro,Diddy,M,Main,R,113.115,144.6625,154.655,177.6595,244.714,E1,L4,W2
272,54.0161875,Verse,Diddy,M,Main,R,124.618,208.6115,228.3815,251.38325,331.874,E1,L3,W3
272,99.71183333,Chorus,Skylar Grey,W,Feat,S,153.602,245.94375,267.5195,291.61525,372.349,E1,L3,W5
272,122.5027708,Verse,Diddy,M,Main,R,117.236,223.188,243.376,261.118,428.681,E1,L3,W3
272,156.7575625,Chorus,Skylar Grey,W,Feat,S,162.231,246.46,274.243,298.191,404.902,E1,L5,W5
272,179.6873333,Verse,Diddy,M,Main,R,145.745,205.322,216.241,231.09,347.407,E1,L2,W3
272,213.960875,Chorus,Skylar Grey,W,Feat,S,143.731,246.53325,281.489,323.42925,477.835,E1,L5,W5