﻿Index,Timestamp,Formal section,Artist,Gender,Function,Delivery,Pitch min,Pitch Q1,Pitch median,Pitch Q3,Pitch max,Environment,Layering,Width
54,0,Intro,,,,,,,,,,,,
54,12.10260771,Verse,MAX,M,Main,S,112.586,159.85275,193.9475,199.019,396.39,E1,L1,W1
54,35.8184127,Pre-chorus,MAX,M,Main,S,188.146,261.2465,346.618,400.94,531.114,E1,L1,W1
54,47.65022676,Chorus,MAX,M,Main,S,158.956,285.95225,323.953,390.75475,797.682,E4,L4,W5
54,71.38800454,Verse,gnash,M,Feat,S,68.6879,156.087,177.031,195.987,249.55,E3,L1,W3
54,106.9438322,Chorus,MAX,M,Main,S,150.875,259.55625,311.613,385.155,808.612,E4,L4,W5
54,130.5147619,Post-chorus,MAX,M,Main,S,219.635,371.106,620.333,704.993,809.619,E4,L4,W5
54,142.4098866,Bridge,MAX,M,Main,S,154.874,316.116,353.957,475.85,818.494,E4,L4,W5
54,166.1665986,Chorus,MAX,M,Main,S,86.345,263.593,347.155,466.075,842.751,E2,L2,W4
54,201.7360771,Post-chorus,MAX,M,Main,S,146.157,622.7805,696.524,755.84725,840.396,E4,L4,W5
54,213.6063946,Outro,,,,,,,,,,,,