Index,Timestamp,Formal section,Artist,Gender,Function,Delivery,Pitch min,Pitch Q1,Pitch median,Pitch Q3,Pitch max,Environment,Layering,Width
295,0,Intro,Snoop Dogg,M,Feat,R,93.774,98.335575,109.5665,391.897,391.897,E2,L3,W3
295,7.788354167,Verse,Katy Perry,W,Main,S,233.185,343.1825,354.853,475.096,475.096,E2,L1,W3
295,38.68691667,Pre-chorus,Katy Perry,W,Main,S,228.204,413.655,444.351,639.161,639.161,E2,L1,W3
295,54.01464583,Chorus,Katy Perry,W,Main,S,234.597,347.44575,351.077,532.089,532.089,E1,L3,W5
295,84.78635417,Verse,Katy Perry,W,Main,S,265.939,340.251,362.833,530.471,530.471,E2,L2,W3
295,100.0856875,Pre-chorus,Katy Perry,W,Main,S,227.863,399.449,444.361,605.523,605.523,E1,L3,W3
295,115.4176875,Chorus,Katy Perry,W,Main,S,148.287,344.108,349.3645,481.682,481.682,E1,L3,W5
295,146.2128333,Verse,Snoop Dogg,M,Feat,R,77.3309,117.9475,132.899,481.486,481.486,E1,L2,W3
295,184.5989375,Chorus,Katy Perry,W,Main,S,163.892,347.21,350.101,884.855,884.855,E1,L5,W5
295,215.27625,Outro,Both,,,,,,,,,,,