﻿Index,Timestamp,Formal section,Artist,Gender,Function,Delivery,Pitch min,Pitch Q1,Pitch median,Pitch Q3,Pitch max,Environment,Layering,Width
237,0,Intro,Future,M,Feat,R,100.552,137.8915,162.056,209.0825,332.998,E3,L3,W5
237,15.45238095,Chorus,Future,M,Feat,S,91.888,178.0805,184.74,189.018,290.646,E5,L3,W5
237,45.89623583,Verse,Rocko,M,Main,R,123.009,180.9245,187.0145,192.943,253.74,E5,L1,W3
237,91.61646259,Chorus,Future,M,Feat,S,92.0612,177.1475,184.7165,189.5565,248.04,E5,L3,W5
237,122.1129478,Verse,Rick Ross,M,Feat,R,157.363,218.6325,235.9575,251.965,293.659,E1,L1,W3
237,167.7430612,Chorus,Future,M,Feat,S,92.1328,177.371,184.7735,189.25175,263.414,E5,L3,W5
237,198.2720181,Verse,Future,M,Feat,S,68.2477,206.707,211.069,233.18925,303.321,E5,L3,W5
237,228.8334694,Chorus,Future,M,Feat,S,99.8015,177.152,184.646,187.817,241.436,E5,L3,W5