﻿Index,Timestamp,Formal section,Artist,Gender,Function,Delivery,Pitch min,Pitch Q1,Pitch median,Pitch Q3,Pitch max,Environment,Layering,Width
77,0,Intro,,,,,,,,,,,,
77,9.827528345,Verse,Selena Gomez,W,Neither,S,,,,,,E4,L1,W4
77,28.99811791,Pre-chorus,Selena Gomez,W,Neither,S,260.961,329.29375,335.5375,351.491,534.542,E4,L1,W4
77,38.63226757,Chorus,Selena Gomez,W,Neither,S,129.879,303.153,344.795,506.515,667.056,E4,L4,W5
77,57.86476191,Dance Chorus,Selena Gomez,W,Neither,S,129.031,293.26475,326.7465,331.4915,352.166,E4,L1,W4
77,77.00866213,Dance Chorus,Selena Gomez,W,Neither,S,242.268,292.45275,326.5585,331.26175,352.352,E4,L1,W4
77,96.25027211,Link,,,,,,,,,,,,
77,98.54244898,Verse,Selena Gomez,W,Neither,S,209.89,261.579,303.319,331.27725,523.335,E4,L2,W4
77,117.7510884,Chorus,Selena Gomez,W,Neither,S,172.753,294.00875,329.443,349.802,661.087,E4,L4,W5
77,136.9529705,Dance Chorus,Selena Gomez,W,Neither,S,136.244,293.46375,329.745,341.15025,654.279,E4,L4,W5
77,156.2470975,Dance Chorus,Selena Gomez,W,Neither,S,242.342,289.09775,323.8445,331.1205,397.962,E4,L1,W4
77,175.4198639,Dance Chorus,Selena Gomez,W,Neither,S,65.1346,219.1495,290.11,327.8845,417.613,E4,L1,W4
77,194.5865079,Dance Chorus,Selena Gomez,W,Neither,S,114.961,196.67775,292.319,329.844,351.447,E4,L1,W4