﻿Index,Timestamp,Formal section,Artist,Gender,Function,Delivery,Pitch min,Pitch Q1,Pitch median,Pitch Q3,Pitch max,Environment,Layering,Width
24,0,Intro,Future,M,Uncredited,R,140.572,188.875,205.635,220.33275,288.121,E1,L1,W2
24,2.365804989,Verse,Lil Baby,M,Neither,S,162.197,196.046,210.642,220.038,242.351,E1,L2,W4
24,53.41573696,Chorus,Lil Baby,M,Neither,S,162.439,217.732,219.926,223.6255,247.92,E2,L1,W4
24,70.64396825,Verse,DaBaby,M,Neither,R,103.97,152.28,161.655,171.808,231.966,E2,L1,W4
24,106.6880499,Chorus,Lil Baby,M,Neither,S,163.643,217.7805,219.947,223.35575,250.861,E2,L1,W4
24,124.4811791,Outro,,,,,,,,,,,,