﻿Index,Timestamp,Formal section,Artist,Gender,Function,Delivery,Pitch min,Pitch Q1,Pitch median,Pitch Q3,Pitch max,Environment,Layering,Width
14,0,Intro,Taylor Swift,W,Main,S,64.7433,66.65975,220.803,268.0035,348.51,E1,L5,W5
14,3.041360544,Verse,Taylor Swift,W,Main,S,196.043,251.6315,270.576,331.41475,400.704,E2,L2,W4
14,24.19231293,Pre-chorus,Taylor Swift,W,Main,S,208.497,261.11775,263.8605,267.00375,518.665,E1,L4,W5
14,34.61897959,Chorus,Taylor Swift,W,Main,S,208.743,328.675,391.825,528.906,671.515,E1,L5,W5
14,58.38433107,Verse,Both,,,,,,,,,,,
14,79.45936508,Pre-chorus,Both,,,,,,,,,,,
14,89.98952381,Chorus,Both,,,,,,,,,,,
14,113.7786168,Bridge,Both,,,,,,,,,,,
14,137.4579365,Chorus,Both,,,,,,,,,,,
14,161.1878231,Outro,Both,,,,,,,,,,,