﻿Index,Timestamp,Formal section,Artist,Gender,Function,Delivery,Pitch min,Pitch Q1,Pitch median,Pitch Q3,Pitch max,Environment,Layering,Width
205,0,Intro,Both,,,,,,,,,,,
205,5.93968254,Hook,Both,,,,,,,,,,,
205,16.69482993,Verse,Miranda Lambert,W,Neither,S,185.54,248.4765,301.685,328.125,346.53,E3,L1,W3
205,27.31238095,Hook,Both,,,,,,,,,,,
205,32.6376644,Verse,Carrie Underwood,W,Neither,S,159.987,248.885,302.307,330.058,502.019,E1,L1,W1
205,43.30555556,Hook,Both,,,,,,,,,,,
205,48.70229025,Chorus,Both,,,,,,,,,,,
205,70.03535147,Post-chorus,Both,,,,,,,,,,,
205,80.71315193,Verse,Carrie Underwood,W,Neither,S,155.35,227.39675,279.432,317.27125,347.325,E1,L1,W1
205,91.37201814,Hook,Both,,,,,,,,,,,
205,96.72297052,Verse,Miranda Lambert,W,Neither,S,189.975,226.3775,274.352,325.4045,425.382,E1,L1,W1
205,107.3388209,Hook,Both,,,,,,,,,,,
205,112.654059,Chorus,Both,,,,,,,,,,,
205,134.016644,Post-chorus,Both,,,,,,,,,,,
205,144.7467347,Chorus,Both,,,,,,,,,,,
205,158.018254,Post-chorus,Both,,,,,,,,,,,