﻿Index,Timestamp,Formal section,Artist,Gender,Function,Delivery,Pitch min,Pitch Q1,Pitch median,Pitch Q3,Pitch max,Environment,Layering,Width
305,0,Intro,Usher,M,Main,S,126.54,151.944,163.495,189.253,260.441,E5,L4,W5
305,8.269795918,Verse,Usher,M,Main,S,165.747,230.833,256.436,285.1865,301.779,E2,L2,W3
305,24.26702948,Pre-chorus,Usher,M,Main,S,112.68,232.931,260.508,292.57175,472.042,E1,L3,W3
305,40.25258503,Chorus,Usher,M,Main,S,182.315,348.2015,391.005,438.76,505.106,E2,L4,W5
305,72.22151927,Verse,Usher,M,Main,S,144.799,224.03425,258.204,290.155,391.671,E2,L2,W3
305,88.19886621,Pre-chorus,Usher,M,Main,S,97.4146,230.332,260.01,292.64275,477.933,E1,L5,W5
305,104.2495692,Chorus,Usher,M,Main,S,189.921,260.499,350.442,413.657,506.091,E2,L5,W5
305,136.2513832,Verse,Pitbull,M,Feat,R,130.223,210.68025,228.5215,259.483,473.167,E1,L4,W5
305,160.2318821,Chorus,Both,,,,,,,,,,,
305,216.2809524,Outro,Both,,,,,,,,,,,