﻿Index,Timestamp,Formal section,Artist,Gender,Function,Delivery,Pitch min,Pitch Q1,Pitch median,Pitch Q3,Pitch max,Environment,Layering,Width
242,0,Chorus,Adam Levine,M,Main,S,67.2139,278.47075,327.0815,367.66525,556.727,E3,L1,W4
242,18.70659864,Verse,Adam Levine,M,Main,S,199.851,283.566,311.716,352.859,508.892,E3,L1,W4
242,36.17707483,Pre-chorus,Adam Levine,M,Main,S,91.6559,276.72125,306.767,311.148,499.906,E1,L3,W5
242,53.52537415,Chorus,Adam Levine,M,Main,S,91.4637,279.603,325.329,335.787,557.802,E1,L5,W5
242,71.12015873,Post-chorus,Adam Levine,M,Main,S,61.5404,121.9215,274.903,301.3365,360.393,E1,L5,W5
242,88.44482993,Verse,Adam Levine,M,Main,S,182.761,277.05375,310.009,357.15275,419.222,E1,L2,W4
242,105.9323583,Pre-chorus,Adam Levine,M,Main,S,61.7498,276.5465,307.035,311.57975,501.036,E1,L5,W5
242,123.3852154,Chorus,Adam Levine,M,Main,S,61.803,277.485,322.308,370.519,557.616,E1,L5,W5
242,140.8394331,Post-chorus,Adam Levine,M,Main,S,61.9363,244.54675,277.0585,311.426,731.709,E1,L5,W5
242,158.2826531,Verse,Wiz Khalifa,M,Feat,R,139.697,209.815,218.362,224.529,376.123,E3,L1,W3
242,193.2055329,Chorus,Adam Levine,M,Main,S,68.4008,124.95675,270.675,325.007,720.743,E1,L5,W5
242,210.6115873,Post-chorus,Adam Levine,M,Main,S,61.7902,237.2315,248.658,311.52875,730.918,E1,L5,W5