﻿Index,Timestamp,Formal section,Artist,Gender,Function,Delivery,Pitch min,Pitch Q1,Pitch median,Pitch Q3,Pitch max,Environment,Layering,Width
87,0,,,,,,,,,,,,,
87,12.09471655,Chorus,Post Malone,M,Main,S,191.154,220.22525,230.794,233.0615,247.54,E4,L3,W4
87,37.58741497,Verse,Post Malone,M,Main,S,158.346,231.434,259.716,296.289,374.402,E4,L1,W4
87,84.06970522,Chorus,Post Malone,M,Main,S,112.119,219.88975,230.7485,233.0645,247.535,E4,L3,W5
87,110.9855782,Verse,21 Savage,M,Feat,S,79.0552,109.88425,116.9065,131.95275,193.096,E1,L1,W1
87,156.1862132,Chorus,Post Malone,M,Main,S,94.6669,197.898,220.527,232.519,246.778,E4,L4,W5
87,180.1071655,Outro,Post Malone,M,Main,S,109.684,217.6855,219.816,230.73625,583.086,E4,L1,W4