﻿Index,Timestamp,Formal section,Artist,Gender,Function,Delivery,Pitch min,Pitch Q1,Pitch median,Pitch Q3,Pitch max,Environment,Layering,Width
313,0,Intro,Justin Bieber,M,Main,S,130.669,265.6235,311.056,349.1235,471.989,E5,L1,W4
313,15.27777778,Verse,Justin Bieber,M,Main,S,245.991,312.2375,347.456,370.529,528.427,E3,L1,W3
313,44.77623583,Chorus,Justin Bieber,M,Main,S,304.874,349.3115,385.966,396.9145,525.079,E3,L3,W5
313,74.36893424,Verse,Justin Bieber,M,Main,S,101.229,310.94925,347.301,386.7505,483.949,E3,L1,W3
313,103.8885034,Chorus,Justin Bieber,M,Main,S,289.489,349.269,385.239,396.51925,525.714,E3,L3,W5
313,133.4471655,Verse,Ludacris,M,Feat,R,100.05,163.162,186.981,204.2955,374.909,E2,L1,W3
313,162.9756236,Chorus,Justin Bieber,M,Main,S,173.785,349.019,379.158,399.611,525.518,E3,L3,W5
313,192.5163265,Outro,Justin Bieber,M,Main,S,97.7551,297.9485,327.795,354.15325,396.837,E1,L3,W4