Index,Timestamp,Formal section,Artist,Gender,Function,Delivery,Pitch min,Pitch Q1,Pitch median,Pitch Q3,Pitch max,Environment,Layering,Width
177,0,Chorus,Rihanna,W,Feat,S,165.726,328.65425,372.113,418.81525,677.941,E5,L1,W4
177,19.2271875,Verse,Eminem,M,Main,R,112.998,182.339,202.215,238.143,725.299,E1,L1,W1
177,54.085875,Chorus,Rihanna,W,Feat,S,272.262,334.023,409.865,426.418,668.511,E5,L1,W4
177,71.52547917,Post-chorus,Rihanna,W,Feat,S,169.978,438.1415,557.189,745.883,947.054,E1,L3,W5
177,88.92758333,Verse,Eminem,M,Main,R,88.4004,192.48175,248.3025,313.70425,496.985,E1,L3,W3
177,123.863375,Chorus,Rihanna,W,Feat,S,272.296,333.2805,410.2135,427.37925,669.636,E5,L1,W4
177,141.2965,Post-chorus,Rihanna,W,Feat,S,184.407,417.207,493.5335,728.18625,990.132,E1,L3,W5
177,158.7767708,Verse,Eminem,M,Main,R,136.396,232.59275,267.3,299.12675,496.756,E1,L1,W1
177,195.871,Chorus,Rihanna,W,Feat,S,253.148,329.9455,372.764,418.2865,669.544,E5,L1,W4
177,213.321125,Bridge,Both,,,,,,,,,,,
177,230.7673333,Outro,Rihanna,W,Feat,S,273.155,431.9445,552.175,732.5635,1040.3,E1,L3,W5