Index,Timestamp,Formal section,Artist,Gender,Function,Delivery,Pitch min,Pitch Q1,Pitch median,Pitch Q3,Pitch max,Environment,Layering,Width
258,0,Intro,Rihanna,W,Main,S,164.866,229.442,232.631,237.8915,353.573,E5,L1,W4
258,24.36547917,Verse,Rihanna,W,Main,S,190.235,262.459,291.439,294.515,323.668,E5,L2,W4
258,36.31560417,Chorus,Rihanna,W,Main,S,214.397,266.8,291.4435,294.4445,363.104,E1,L3,W5
258,60.37875,Verse,Rihanna,W,Main,S,169.17,258.06375,289.9635,294.811,323.332,E5,L2,W4
258,72.38491667,Verse,Chris Brown,M,Feat,S,186.11,262.655,290.628,293.84,336.899,E5,L2,W4
258,96.31047917,Chorus,Both,,,,,,,,,,,
258,120.3766042,Verse,Chris Brown,M,Feat,R,158.142,171.263,174,175.454,292.172,E3,L3,W4
258,132.3256667,Verse,Rihanna,W,Main,S,180.443,228.036,265.136,290.799,396.111,E3,L3,W4
258,171.337875,Verse,Chris Brown,M,Feat,S,173.702,262.291,289.55,293.132,362.457,E1,L2,W4
258,183.3812292,Chorus,Rihanna,W,Main,S,162.313,264.083,290.767,294.212,396.178,E5,L3,W5
258,207.4102917,Outro,Rihanna,W,Main,S,214.994,288.46975,291.81,293.93625,317.358,E5,L3,W4