Index,Timestamp,Formal section,Artist,Gender,Function,Delivery,Pitch min,Pitch Q1,Pitch median,Pitch Q3,Pitch max,Environment,Layering,Width
231,0,Intro,Wale,M,Main,R,101.092,120.36675,220.927,274.508,307.809,E2,L1,W3
231,33.76622917,Chorus,Rihanna,W,Feat,S,139.767,241.71675,249.816,267.54075,304.134,E3,L2,W4
231,75.8624375,Verse,Wale,M,Main,R,118.12,195.632,216.5775,232.78775,292.094,E3,L1,W3
231,117.8578542,Chorus,Rihanna,W,Feat,S,80.2403,243.061,248.995,259.868,306.1,E3,L2,W4
231,152.2026667,Verse,Wale,M,Main,R,97.9468,166.26075,189.8775,199.937,296.076,E2,L2,W3
231,202.142125,Chorus,Rihanna,W,Feat,S,164.769,245.14425,250.1275,273.31275,358.897,E3,L2,W4