﻿Index,Timestamp,Formal section,Artist,Gender,Function,Delivery,Pitch min,Pitch Q1,Pitch median,Pitch Q3,Pitch max,Environment,Layering,Width
274,0,Hook,Harry Belafonte Sample,M,Uncredited,S,237.054,361.68375,366.2755,371.83075,486.858,E4,L4,W5
274,5.908888889,Verse,Lil Wayne,M,Main,R,209.327,264.304,273.887,290.857,479.422,E1,L1,W1
274,57.36056689,Hook,Harry Belafonte Sample,M,Uncredited,S,240.42,359.60525,366.2835,373.2605,487.562,E4,L4,W5
274,62.96151927,Verse,Lil Wayne,M,Main,R,173.871,264.1085,276.154,295.4745,485.455,E1,L1,W1
274,171.6586168,Verse,Cory Gunz,M,Feat,R,144.386,197.896,208.126,220.0845,554.73,E1,L1,W1
274,234.443356,Outro,Harry Belafonte Sample 2,M,Uncredited,S,297.89,301.082,303.709,356.481,370.712,E1,L4,W5