Index,Timestamp,Formal section,Artist,Gender,Function,Delivery,Pitch min,Pitch Q1,Pitch median,Pitch Q3,Pitch max,Environment,Layering,Width
209,0,Intro,,,,,,,,,,,,
209,10.37622917,Verse,P!nk,W,Main,S,105.09,244.43675,286.8885,365.657,458.801,E1,L1,W2
209,50.72977083,Chorus,P!nk,W,Main,S,226.142,336.323,389.935,439.0805,529.856,E1,L1,W2
209,73.46758333,Verse,Nate Ruess,M,Feat,S,172.315,238.62475,279.24,345.32225,606.694,E1,L2,W2
209,118.8925625,Chorus,Both,,,,,,,,,,,
209,139.3365625,Bridge,Both,,,,,,,,,,,
209,164.3644583,Chorus,Both,,,,,,,,,,,
209,204.9003542,Outro,,,,,,,,,,,,
209,242.5041042,,,,,,,,,,,,,