﻿Index,Timestamp,Formal section,Artist,Gender,Function,Delivery,Pitch min,Pitch Q1,Pitch median,Pitch Q3,Pitch max,Environment,Layering,Width
188,0,Intro,,,,,,,,,,,,
188,9.891111111,Chorus,Jeremih,M,Main,S,127.641,199.27275,218.4355,221.179,266.953,E3,L4,W5
188,39.3322449,Verse,Jeremih,M,Main,S,200.378,345.44625,348.625,350.5915,527.296,E3,L1,W3
188,58.80036281,Pre-chorus,Jeremih,M,Main,S,179.215,199.682,223.239,258.227,347.648,E3,L1,W4
188,68.65755102,Chorus,Jeremih,M,Main,S,127.593,198.46675,218.2605,221.142,266.704,E3,L4,W5
188,98.0261678,Verse,Jeremih,M,Main,S,169.374,291.593,347.012,350.6765,438.823,E3,L2,W3
188,117.6609524,Pre-chorus,Jeremih,M,Main,S,95.7383,202.7105,223.5385,258.101,297.13,E3,L2,W4
188,127.430771,Chorus,Jeremih,M,Main,S,127.549,198.789,218.419,221.274,266.77,E3,L4,W5
188,156.8101134,Verse,YG,M,Feat,R,144.477,215.90775,223.33,234.69575,324.826,E1,L2,W3
188,196.0338322,Pre-chorus,Jeremih,M,Main,S,172.055,198.7015,222.276,257.804,298.355,E3,L2,W4
188,205.8520635,Chorus,Both,,,,,,,,,,,
188,235.1579365,Outro,Jeremih,M,Main,S,156.454,176.8175,200.019,220.05925,250.345,E3,L1,W3