﻿Index,Timestamp,Formal section,Artist,Gender,Function,Delivery,Pitch min,Pitch Q1,Pitch median,Pitch Q3,Pitch max,Environment,Layering,Width
327,0,Intro,Birdman,M,Feat,R,118.908,192.6795,207.9165,278,776.553,E3,L1,W4
327,10.76891157,Chorus,Kevin Rudolf & Jay Sean,,,,,,,,,,,
327,31.33131519,Verse,Kevin Rudolf,M,Feat,S,188.86,262.907,293.381,307.353,398.704,E1,L3,W4
327,51.95174603,Chorus,Kevin Rudolf & Jay Sean & Birdman,,,,,,,,,,,
327,72.53170068,Verse,Birdman,M,Feat,R,160.833,211.555,221.072,231.245,294.195,E3,L3,W4
327,103.4720862,Chorus,Kevin Rudolf & Jay Sean,,,,,,,,,,,
327,123.9914059,Post-chorus,Kevin Rudolf & Jay Sean,,,,,,,,,,,
327,134.2711791,Verse,Jay Sean,M,Feat,S,168.114,261.2105,291.452,298.4,393.092,E1,L3,W4
327,154.9329932,Chorus,Kevin Rudolf & Jay Sean,,,,,,,,,,,
327,175.5127891,Verse,Lil Wayne,M,Feat,R,140.742,214.349,223.467,234.744,297.367,E1,L1,W2
327,206.3988209,Chorus,Kevin Rudolf & Jay Sean,,,,,,,,,,,
327,226.996644,Post-chorus,Kevin Rudolf & Jay Sean,,,,,,,,,,,
327,237.3101587,Outro,Kevin Rudolf & Jay Sean,,,,,,,,,,,