﻿Index,Timestamp,Formal section,Artist,Gender,Function,Delivery,Pitch min,Pitch Q1,Pitch median,Pitch Q3,Pitch max,Environment,Layering,Width
303,0,Intro,,,,,,,,,,,,
303,7.857006803,Verse,Lady Gaga,W,Main,S,172.219,268.18725,310.362,346.70225,495.438,E4,L1,W4
303,47.33993197,Chorus,Lady Gaga,W,Main,S,138.292,308.043,406.994,463.35,530.178,E3,L3,W5
303,63.14367347,Post-chorus,Lady Gaga,W,Main,S,86.8943,307.13375,347.8065,352.857,464.258,E1,L4,W5
303,78.82301587,Refrain,Lady Gaga,W,Main,S,76.3591,117.552,236.445,349.037,424.76,E1,L3,W5
303,94.58936508,Verse,Beyoncé,W,Feat,S,114.053,348.1875,353.2645,374.4025,526.206,E1,L3,W5
303,110.3605442,Bridge,Both,,,,,,,,,,,
303,133.83322,Chorus,Lady Gaga,W,Main,S,103.381,343.6275,414.757,467.62425,545.73,E3,L3,W5
303,165.3939229,Post-chorus,Both,,,,,,,,,,,
303,181.1047166,Refrain,Lady Gaga,W,Main,S,77.1593,173.466,174.921,308.14325,421.446,E1,L5,W5
303,196.8867574,Refrain,Lady Gaga,W,Main,S,280.557,280.557,280.557,280.557,280.557,E1,L5,W5
303,212.704898,Outro,,,,,,,,,,,,