﻿Index,Timestamp,Formal section,Artist,Gender,Function,Delivery,Pitch min,Pitch Q1,Pitch median,Pitch Q3,Pitch max,Environment,Layering,Width
80,0,Intro,,,,,,,,,,,,
80,20.78111111,Verse,The Weeknd,M,Main,S,160.126,224.00225,264.1175,298.87225,409.254,E4,L1,W4
80,41.46054422,Pre-chorus,The Weeknd,M,Main,S,187.496,239.121,311.299,332.7375,397.824,E4,L4,W5
80,62.10557823,Chorus,The Weeknd,M,Main,S,185.188,313.005,345.6175,353.203,477.552,E4,L4,W5
80,82.72736962,Verse,The Weeknd,M,Main,S,180.539,229.5835,262.588,296.9755,410.062,E4,L2,W4
80,103.4035374,Pre-chorus,The Weeknd,M,Main,S,153.583,235.53775,311.1815,334.38575,469.626,E4,L4,W5
80,124.0588662,Chorus,The Weeknd,M,Main,S,115.649,316.347,347.757,355.732,479.909,E4,L4,W5
80,144.7114286,Chorus Variation,Daft Punk,M,Feat,S,76.1421,175.885,262.083,310.346,353.757,E1,L4,W5
80,165.3842857,Pre-chorus,The Weeknd,M,Main,S,78.0803,234.707,309.414,330.202,397.749,E4,L4,W5
80,185.9485714,Chorus,Both,,,,,,,,,,,
80,227.2495918,Outro,Daft Punk,M,Feat,S,76.1869,77.9463,78.0792,103.949,156.207,E1,L4,W5