﻿Index,Timestamp,Formal section,Artist,Gender,Function,Delivery,Pitch min,Pitch Q1,Pitch median,Pitch Q3,Pitch max,Environment,Layering,Width
275,0,Intro,,,,,,,,,,,,
275,1.98829932,Chorus,Roscoe Dash,M,Feat,S,69.7076,162.41175,165.318,190.252,389.307,E1,L5,W5
275,31.10437642,Verse,Waka Flocka Flame,M,Main,R,103.343,217.676,236.0565,247.569,365.579,E1,L4,W5
275,74.89829932,Chorus,Roscoe Dash,M,Feat,S,69.5251,162.54475,165.4625,204.65925,406.001,E1,L5,W5
275,104.0947392,Verse,Wale,M,Feat,R,137.809,200.2385,210.7385,217.905,366.975,E3,L1,W3
275,147.9539683,Chorus,Roscoe Dash,M,Feat,S,122.37,161.262,165.238,192.404,407.837,E1,L5,W5
275,177.1687528,Verse,Roscoe Dash,M,Feat,R,156.558,210.519,228.401,243.626,384.385,E2,L4,W5
275,220.9556009,Chorus,Roscoe Dash,M,Feat,S,122.042,162.67825,165.5915,201.39,797.162,E1,L5,W5
275,250.1252608,Outro,,,,,,,,,,,,