Index,Timestamp,Formal section,Artist,Gender,Function,Delivery,Pitch min,Pitch Q1,Pitch median,Pitch Q3,Pitch max,Environment,Layering,Width
102,0,Intro,,,,,,,,,,,,
102,10.04822917,Chorus,Camilla Cabello,W,Main,S,159.907,232.932,262.13,293.62425,341.877,E1,L1,W1
102,28.32727083,Verse,Camilla Cabello,W,Main,S,179.442,264.12,292.355,355.18825,472.195,E2,L2,W3
102,46.6176875,Pre-chorus,Camilla Cabello,W,Main,S,209.151,346.29725,368.533,399.82675,593.252,E4,L5,W5
102,64.87920833,Chorus,Camilla Cabello,W,Main,S,172.428,231.467,261.616,292.872,348.257,E2,L1,W1
102,83.79739583,Verse,Young Thug,M,Feat,R,145.998,222.9635,234.945,263.35275,389.448,E2,L1,W3
102,119.7546042,Chorus,Camilla Cabello,W,Main,S,190.861,232.72225,264.643,294.55075,524.9,E2,L1,W1
102,138.0642917,Bridge,Camilla Cabello,W,Main,S,194.417,283.479,355.469,465.3295,627.839,E4,L5,W5
102,174.6111667,Chorus,Camilla Cabello,W,Main,S,178.481,232.521,263.614,294.465,472.414,E2,L5,W4
102,192.8355833,Outro,Camilla Cabello,W,Main,S,136.512,220.1845,232.971,309.333,442.734,E4,L5,W5
102,218.517896,,,,,,,,,,,,,