﻿Index,Timestamp,Formal section,Artist,Gender,Function,Delivery,Pitch min,Pitch Q1,Pitch median,Pitch Q3,Pitch max,Environment,Layering,Width
141,0,Intro,Justin Bieber,M,Neither,S,284.977,391.6135,395.9145,438.279,505.526,E5,L4,W5
141,20.6523356,Verse,Justin Bieber,M,Neither,S,81.0139,220.68375,238.7105,291.547,373.764,E5,L1,W4
141,48.06587302,Pre-chorus,Justin Bieber,M,Neither,S,92.398,218.6925,248.554,306.319,665.776,E5,L2,W4
141,68.62253968,Dance Chorus,Justin Bieber,M,Neither,S,188.265,198.71375,219.4255,244.777,326.428,E1,L3,W5
141,82.29968254,Dance Chorus,Justin Bieber,M,Neither,S,190.32,207.448,234.05,294.75025,335.736,E1,L3,W5
141,96.02825397,Dance Chorus,Justin Bieber,M,Neither,S,165.549,204.09775,239.4315,247.46875,403.669,E1,L3,W5
141,109.7410884,Dance Chorus,Justin Bieber,M,Neither,S,227.193,247.23675,249.0185,261.17925,309.16,E5,L1,W4
141,123.4696372,Link,,,,,,,,,,,,
141,126.8899093,Verse,Justin Bieber,M,Neither,S,159.001,199.345,221.076,244.8,421.121,E5,L1,W4
141,154.293424,Pre-chorus,Justin Bieber,M,Neither,S,75.4724,197.56175,234.6645,395.828,698.693,E5,L1,W4
141,181.7380726,Dance Chorus,Justin Bieber,M,Neither,S,185.432,202.325,222.9625,247.34425,396.196,E3,L3,W5
141,195.4777098,Dance Chorus,Justin Bieber,M,Neither,S,190.217,221.592,255.695,312.12,332.622,E3,L3,W5
141,209.1205669,Dance Chorus,Justin Bieber,M,Neither,S,186.737,241.2665,249.806,292.597,396.107,E1,L1,W5
141,222.8909751,Dance Chorus,Justin Bieber,M,Neither,S,96.7846,243.8195,374.7275,397.29675,746.166,E1,L1,W2