﻿Index,Timestamp,Formal section,Artist,Gender,Function,Delivery,Pitch min,Pitch Q1,Pitch median,Pitch Q3,Pitch max,Environment,Layering,Width
273,0,Intro,Both,,,,,,,,,,,
273,22.56219955,Pre-chorus,T-Pain,M,Feat,S,116.149,261.508,277.1845,349.005,479.513,E5,L1,W4
273,52.58870748,Hook,Both,,,,,,,,,,,
273,67.58113379,Chorus,Both,,,,,,,,,,,
273,82.57208617,Verse,Pitbull,M,Main,R,74.9658,244.63275,259.2575,268.70125,313.018,E1,L4,W5
273,97.58340136,Pre-chorus,T-Pain,M,Feat,S,222.928,261.566,277.233,349.13825,393.692,E5,L1,W4
273,127.5392971,Hook,Both,,,,,,,,,,,
273,142.5364399,Chorus,Both,,,,,,,,,,,
273,157.6540363,Verse,Pitbull,M,Main,R,173.303,236.602,249.496,257.87625,318.626,E1,L4,W5
273,172.5744218,Hook,Both,,,,,,,,,,,
273,187.6017234,Link,T-Pain,M,Feat,S,123.284,232.821,233.452,242.196,283.721,E5,L2,W4
273,202.5698413,Hook,Both,,,,,,,,,,,
273,217.5817914,Chorus,Both,,,,,,,,,,,