Index,Timestamp,Formal section,Artist,Gender,Function,Delivery,Pitch min,Pitch Q1,Pitch median,Pitch Q3,Pitch max,Environment,Layering,Width
156,0,Verse,Ariana Grande,W,Neither,S,221.626,302.071,332.123,370.428,504.356,E3,L1,W4
156,42.1491875,Chorus,Ariana Grande,W,Neither,S,268.713,333.9535,370.623,491.5795,673.873,E3,L3,W5
156,71.30675,Verse,The Weeknd,M,Neither,S,230.619,283.52125,330.856,369.883,550.172,E4,L1,W4
156,110.060875,Chorus,Ariana Grande,W,Neither,S,264.357,334.13,369.709,489.675,688.014,E3,L3,W5
156,148.8892083,Bridge,Both,,,,,,,,,,,
156,168.2232708,Chorus,Ariana Grande,W,Neither,S,163.741,332.19125,369.3785,412.133,560.75,E3,L5,W5
156,207.0233542,Outro,Ariana Grande,W,Neither,S,275.283,363.3775,371.337,414.3955,664.447,E1,L5,W5
156,236.0953958,,,,,,,,,,,,,