﻿Index,Timestamp,Formal section,Artist,Gender,Function,Delivery,Pitch min,Pitch Q1,Pitch median,Pitch Q3,Pitch max,Environment,Layering,Width
238,0,Intro,Future & Ace Hood,,,,,,,,,,,
238,14.77673469,Chorus,Future,M,Feat,S,68.8856,207.156,207.864,277.378,739.178,E3,L1,W3
238,44.10623583,Verse,Ace Hood,M,Main,R,173.975,272.1405,280.804,292.0955,344.797,E1,L1,W3
238,88.02501134,Chorus,Future,M,Feat,S,68.8124,207.463,209.0585,277.59975,742.796,E3,L1,W3
238,117.4191837,Verse,Ace Hood,M,Main,R,174.646,269.929,281.2295,290.12725,375.972,E2,L1,W3
238,161.3430839,Chorus,Future,M,Feat,S,91.1963,207.3585,207.931,277.28,730.919,E3,L1,W3
238,190.6880045,Verse,Rick Ross,M,Feat,R,159.817,228.472,245.676,265.62175,602.183,E3,L1,W3
238,234.605034,Chorus,Future,M,Feat,S,67.9615,206.89025,219.114,277.86975,741.231,E5,L1,W3