﻿Index,Timestamp,Formal section,Artist,Gender,Function,Delivery,Pitch min,Pitch Q1,Pitch median,Pitch Q3,Pitch max,Environment,Layering,Width
249,0,Intro,Justin Bieber,M,Main,S,87.1143,263.0365,294.5105,320.813,406.608,E3,L1,W4
249,15.13380952,Verse,Justin Bieber,M,Main,S,97.3936,232.875,254.86,265.896,401.144,E3,L2,W4
249,42.64566893,Chorus,Justin Bieber,M,Main,S,220.769,258.342,264.485,294.16,327.497,E2,L3,W4
249,56.31517007,Dance Chorus,Justin Bieber,M,Main,S,168.601,235.40525,262.3405,336.85,395.217,E1,L1,W2
249,70.10192744,Verse,Justin Bieber,M,Main,S,69.312,232.499,256.322,278.783,374.058,E3,L2,W4
249,99.16582766,Chorus,Justin Bieber,M,Main,S,213.536,259.678,265.768,294.365,323.469,E2,L3,W4
249,112.9070295,Dance Chorus,Justin Bieber,M,Main,S,129.202,257.80125,264.391,352.92275,477.93,E1,L1,W2
249,126.6639909,Verse,Big Sean,M,Feat,R,93.9208,155.34275,163.6375,176.26325,491.735,E1,L1,W2
249,167.8651701,Chorus,Justin Bieber,M,Main,S,86.4958,196.792,261.967,295.007,397.718,E2,L5,W5
249,181.5049887,Dance Chorus,Justin Bieber,M,Main,S,86.0686,212.21925,262.799,348.57025,486.09,E1,L5,W5