﻿Index,Timestamp,Formal section,Artist,Gender,Function,Delivery,Pitch min,Pitch Q1,Pitch median,Pitch Q3,Pitch max,Environment,Layering,Width
125,0,Intro,,,,,,,,,,,,
125,6.929614512,Verse,Kai,W,Feat,S,,,,,,E4,L1,W4
125,39.98684807,Chorus,Kai,W,Feat,S,192.224,433.73775,455.722,597.4555,781.831,E4,L4,W5
125,72.03464853,Verse,Kai,W,Feat,S,86.1406,291.917,308.653,343.48,642.463,E4,L1,W4
125,103.9877324,Chorus,Kai,W,Feat,S,190.053,436.34875,457.547,597.96675,785.572,E4,L4,W5
125,135.9674603,Bridge,Kai,W,Feat,S,69.761,219.3955,338.923,496.4715,661.848,E5,L1,W4
125,167.9730385,Chorus,Kai,W,Feat,S,125.654,438.28175,572.2395,616.34875,1323.69,E4,L4,W5
125,200.0552834,Outro,Kai,W,Feat,S,,,,,,E5,L1,W5