﻿Index,Timestamp,Formal section,Artist,Gender,Function,Delivery,Pitch min,Pitch Q1,Pitch median,Pitch Q3,Pitch max,Environment,Layering,Width
331,0,Intro,Kane Beatz,M,Uncredited,S,61.9395,135.835,155.97,206.969,240.703,E1,L4,W3
331,28.54428571,Verse,Drake,M,Feat,R,146.871,192.2325,198.2385,204.15975,243.257,E1,L1,W1
331,79.09811791,Chorus,Lil Wayne,M,Main,S,117.091,139.79275,174.969,188.42975,242.76,E3,L1,W4
331,104.3046939,Verse,Lil Wayne,M,Main,R,121,188.79475,223.5715,233.03525,291.132,E1,L1,W1
331,154.8182766,Chorus,Lil Wayne,M,Main,S,122.7,140.561,180.656,202.3685,247.655,E3,L1,W4
331,180.0734014,Verse,Lil Wayne,M,Main,R,126.103,162.211,183.737,211.238,264.928,E1,L1,W1
331,230.6454649,Chorus,Lil Wayne,M,Main,S,125.122,184.852,207.263,228.588,344.847,E3,L5,W5
331,255.9320635,Outro,,,,,,,,,,,,