Index,Timestamp,Formal section,Artist,Gender,Function,Delivery,Pitch min,Pitch Q1,Pitch median,Pitch Q3,Pitch max,Environment,Layering,Width
120,0,Verse,Zara Larsson,W,Neither,S,170.437,247.75925,299.7175,339.506,457.964,E2,L1,W4
120,28.7289375,Chorus,Zara Larsson,W,Neither,S,167.591,293.75225,332.3985,439.7455,507.246,E1,L4,W5
120,54.982625,Post-chorus,Zara Larsson,W,Neither,S,166.052,304.426,338.674,603.613,717.435,E4,L3,W3
120,81.38160417,Verse,MNEK,M,Neither,S,165.812,254.643,332.511,374.805,558.522,E3,L2,W4
120,107.554875,Chorus,Zara Larsson,W,Neither,S,216.96,296.0845,336.891,443.093,508.048,E1,L5,W5
120,133.8962917,Bridge,Both,,,,,,,,,,,
120,160.1640833,Chorus,Zara Larsson,W,Neither,S,146.641,330.43475,376.389,447.7125,598.683,E1,L5,W5
120,186.4678958,Post-chorus,Both,,,,,,,,,,,
120,218.1579792,,,,,,,,,,,,,