Index,Timestamp,Formal section,Artist,Gender,Function,Delivery,Pitch min,Pitch Q1,Pitch median,Pitch Q3,Pitch max,Environment,Layering,Width
84,0,Intro,Sean Paul,M,Neither,R,161.5,261.0785,296.692,337.1985,505.148,E3,L1,W3
84,19.4653125,Verse,Anne-Marie,W,Neither,S,176.507,221.075,258.675,269.1665,384.246,E4,L1,W4
84,38.36697917,Pre-chorus,Anne-Marie,W,Neither,S,212.99,271.633,308.949,347.404,495.753,E1,L3,W3
84,57.18116667,Chorus,Anne-Marie,W,Neither,S,400.824,492.356,513.684,524.9315,660.861,E4,L5,W4
84,76.06947917,Post-chorus,Both,,,,,,,,,,,
84,85.44733333,Verse,Sean Paul,M,Neither,R,160.927,216.01,219.991,242.402,363.232,E1,L2,W3
84,113.663375,Bridge,Anne-Marie,W,Neither,S,239.893,261.4965,292.3355,319.60975,392.741,E1,L3,W3
84,123.0140625,Pre-chorus,Anne-Marie,W,Neither,S,236.601,291.568,328.329,349.876,504.888,E1,L5,W4
84,132.430625,Chorus,Anne-Marie,W,Neither,S,412.126,492.565,514.096,525.0895,665.083,E4,L5,W5
84,151.353875,Post-chorus,Both,,,,,,,,,,,
84,170.143125,Bridge,Anne-Marie,W,Neither,S,196.795,261.95,291.342,324.443,372.602,E4,L1,W3
84,182.4021667,Pre-chorus,Anne-Marie,W,Neither,S,199.276,265.7815,298.305,346.965,529.493,E3,L1,W2
84,201.1449167,Chorus,Anne-Marie,W,Neither,S,163.549,441.126,509.354,524.356,664.448,E4,L5,W5
84,220.0152708,Post-chorus,Both,,,,,,,,,,,
84,238.8528333,Outro,,,,,,,,,,,,
84,253.8935,,,,,,,,,,,,,