﻿Index,Timestamp,Formal section,Artist,Gender,Function,Delivery,Pitch min,Pitch Q1,Pitch median,Pitch Q3,Pitch max,Environment,Layering,Width
318,0,Intro,All,,,,,,,,,,,
318,16.0054375,Verse,Jay Sean,M,Main,S,216.371,274.295,280.781,309.888,373.839,E3,L1,W3
318,31.26070833,Pre-chorus,Jay Sean,M,Main,S,182.301,248.329,278.973,312.477,448.465,E1,L3,W5
318,46.56579167,Chorus,Jay Sean,M,Main,S,61.9594,248.64225,280.0525,311.6275,482.244,E1,L5,W5
318,69.43952083,Link,Lil Jon,M,Feat,R,237.895,386.15875,420.0865,447.7545,491.528,E3,L1,W3
318,77.06522917,Verse,Jay Sean,M,Main,S,121.833,272.52025,286.0835,312.77025,445.674,E3,L1,W3
318,92.29695833,Pre-chorus,Jay Sean,M,Main,S,182.352,251.7,299,319.651,390.057,E1,L3,W5
318,107.5928333,Chorus,All,,,,,,,,,,,
318,130.3826875,Verse,Sean Paul,M,Feat,S,61.8021,246.19,248.08,275.87,375.587,E1,L3,W5
318,161.0378958,Other,Sean Paul,M,Feat,S,170.822,247.289,272.802,310.2065,377.202,E3,L2,W3
318,168.5131875,Pre-chorus,Jay Sean,M,Main,S,121.672,275.1905,313.1375,366.96425,421.808,E1,L5,W5
318,183.8476667,Chorus,Jay Sean,M,Main,S,61.736,210.5525,276.593,311.898,373.62,E1,L5,W5
318,206.6774375,Outro,,,,,,,,,,,,