﻿Index,Timestamp,Formal section,Artist,Gender,Function,Delivery,Pitch min,Pitch Q1,Pitch median,Pitch Q3,Pitch max,Environment,Layering,Width
85,0,Intro,,,,,,,,,,,,
85,9.130566893,Verse,J Balvin & Beyoncé,,,,,,,,,,,
85,45.71947846,Chorus,,,,,,,,,,,,
85,64.04208617,Verse,Willy William & Beyoncé,,,,,,,,,,,
85,91.46419501,Pre-chorus,All,,,,,,,,,,,
85,100.6826984,Chorus,,,,,,,,,,,,
85,109.7569841,Verse,Beyoncé,W,Feat,S,71.8542,219.026,239.477,249.482,467.939,E2,L2,W3
85,137.2208844,Pre-chorus,All,,,,,,,,,,,
85,146.381678,Chorus,,,,,,,,,,,,
85,164.6753288,Verse,J Balvin & Beyoncé,,,,,,,,,,,
85,182.8825397,Pre-chorus,All,,,,,,,,,,,
85,192.0871882,Chorus,J Balvin,M,Main,R,69.8532,192.4905,220.71,325.913,377.545,E2,L1,W4