﻿Index,Timestamp,Formal section,Artist,Gender,Function,Delivery,Pitch min,Pitch Q1,Pitch median,Pitch Q3,Pitch max,Environment,Layering,Width
301,0,Intro,Enrique Iglesias & Pitbull,,,,,,,,,,,
301,23.08115646,Verse,Enrique Iglesias,M,Main,S,115.639,202.2945,209.576,232.25175,584.65,E1,L1,W2
301,37.91340136,Pre-chorus,Enrique Iglesias,M,Main,S,102.7,189.8895,218.711,233.5515,426.75,E2,L2,W4
301,52.76482993,Chorus,Enrique Iglesias,M,Main,S,229.269,278.4065,347.534,412.38575,540.32,E5,L1,W4
301,67.65213152,Refrain,Lionel Richie,M,Uncredited,S,110.968,233.75,260.193,262.4385,279.09,E5,L1,W4
301,75.13528345,Verse,Enrique Iglesias,M,Main,S,94.9433,202.4555,208.331,233.1,524.238,E1,L2,W4
301,90.01530612,Pre-chorus,Enrique Iglesias,M,Main,S,106.688,185.776,211.422,233.59,426.618,E2,L2,W4
301,104.8585714,Chorus,Enrique Iglesias,M,Main,S,222.505,279.26275,350.1585,434.7565,764.684,E5,L1,W4
301,119.8491837,Verse,Pitbull,M,Feat,R,144.602,201.49275,208.8355,225.34225,757.633,E1,L4,W5
301,149.5841723,Bridge,Enrique Iglesias,M,Main,S,260.736,413.34275,459.0085,471.857,547.657,E5,L1,W4
301,164.4409751,Refrain,Lionel Richie,M,Uncredited,S,228.234,258.8515,261.656,278.67925,426.24,E5,L1,W4
301,171.9120862,Chorus,Enrique Iglesias,M,Main,S,228.514,279.479,348.841,416.4405,732.698,E5,L1,W4
301,201.6782993,Refrain,Lionel Richie & Enrique Iglesias,,,,,,,,,,,
301,216.5501134,Outro,,,,,,,,,,,,