Index,Timestamp,Formal section,Artist,Gender,Function,Delivery,Pitch min,Pitch Q1,Pitch median,Pitch Q3,Pitch max,Environment,Layering,Width
199,0,Intro,,,,,,,,,,,,
199,11.32295833,Chorus,T.I.,M,Main,R,115.458,153.5825,164.615,168.5205,211.848,E1,L4,W5
199,31.38954167,Verse,T.I.,M,Main,R,83.9535,140.30175,148.552,159.24425,212.591,E1,L3,W3
199,61.56833333,Chorus,T.I.,M,Main,R,111.495,152.99025,164.609,168.70175,262.053,E1,L4,W5
199,81.6435,Verse,Iggy Azalea,W,Feat,R,148.395,239.4425,249.816,260.8775,357.451,E2,L1,W3
199,111.8142292,Chorus,T.I.,M,Main,R,115.033,153.616,164.779,168.578,210.701,E1,L4,W5
199,131.9158542,Verse,T.I.,M,Main,R,83.5987,134.2065,140.156,145.0555,187.334,E1,L3,W3
199,172.1405208,Chorus,T.I.,M,Main,R,114.929,153.081,164.5875,168.4105,207.489,E1,L4,W5
199,192.2719167,Outro,,,,,,,,,,,,