﻿Index,Timestamp,Formal section,Artist,Gender,Function,Delivery,Pitch min,Pitch Q1,Pitch median,Pitch Q3,Pitch max,Environment,Layering,Width
142,0,Intro,Fetty Wap,M,Main,R,116.23,288.4005,329.5375,351.82375,531.912,E5,L1,W4
142,10.21181406,Verse,Fetty Wap,M,Main,R,132.819,257.453,278.199,290.942,331.923,E1,L2,W3
142,40.42895692,Chorus,Fetty Wap,M,Main,S,166.697,293.7065,329.333,340.144,414.628,E2,L4,W5
142,60.61886621,Verse,Monty,M,Feat,S,110.727,149.35775,164.481,167.727,334.94,E2,L2,W3
142,101.0314059,Chorus,Fetty Wap,M,Main,S,193.577,294.1585,329.042,341.334,447.532,E2,L4,W5
142,121.2802041,Verse,Fetty Wap,M,Main,S,217.884,295.25425,328.3075,333.875,449.475,E3,L1,W3
142,151.5770295,Chorus,Fetty Wap,M,Main,S,138.6,293.825,328.4235,336.8815,953.291,E2,L4,W5
142,171.7866893,Outro,Fetty Wap,M,Main,S,222.11,327.2495,330.16,368.8405,449.307,E5,L1,W4