Index,Timestamp,Formal section,Artist,Gender,Function,Delivery,Pitch min,Pitch Q1,Pitch median,Pitch Q3,Pitch max,Environment,Layering,Width
162,0,Verse,Meghan Trainor,W,Neither,S,175.868,260.92475,293.1735,326.451,531.313,E1,L2,W1
162,44.0315,Chorus,Meghan Trainor,W,Neither,S,150.977,302.411,338.917,411.27375,541.773,E1,L2,W3
162,84.04489583,Verse,John Legend,M,Neither,S,127.855,264.5375,295.435,326.9425,540.337,E1,L2,W1
162,123.9835833,Chorus,Both,,,,,,,,,,,
162,163.9671042,Bridge,Both,,,,,,,,,,,
162,190.6234792,Chorus,Both,,,,,,,,,,,
162,228.676625,,,,,,,,,,,,,