﻿Index,Timestamp,Formal section,Artist,Gender,Function,Delivery,Pitch min,Pitch Q1,Pitch median,Pitch Q3,Pitch max,Environment,Layering,Width
7,0,Intro,,,,, , , , , ,,,
7,14.96920635,Verse,Bradley Cooper,M,Neither,S,,,,,,E4,L1,W3
7,35.17181406,Refrain,Bradley Cooper,M,Neither,S,168.513,210.842,221.043,248.13625,305.885,E4,L1,W3
7,55.16553288,Link,,,,,,,,,,,,
7,65.2930839,Verse,Lady Gaga,W,Neither,S,177.839,219.78025,248.787,261.56625,340.701,E4,L1,W3
7,85.19605442,Refrain,Lady Gaga,W,Neither,S,82.0258,216.7005,226.4775,262.26825,378.147,E4,L1,W3
7,105.0941723,Chorus,Lady Gaga,W,Neither,S,131.933,428.11525,485.6975,501.50525,596.398,E4,L1,W3
7,125.1372109,Post-chorus,Both,,,,,,,,,,,
7,147.6591837,Bridge,Lady Gaga,W,Neither,S,295.206,361.38475,380.955,495.7,526.535,E4,L1,W3
7,165.1012245,Chorus,Lady Gaga,W,Neither,S,132.793,393.0665,459.064,499.10775,595.078,E4,L1,W3
7,185.0847619,Post-chorus,Both,,,,,,,,,,,