﻿Index,Timestamp,Formal section,Artist,Gender,Function,Delivery,Pitch min,Pitch Q1,Pitch median,Pitch Q3,Pitch max,Environment,Layering,Width
82,0,Intro,,,,,,,,,,,,
82,20.40301587,Verse,Adam Levine,M,Main,S,138.781,175.3125,196.1135,247.53925,401.599,E3,L1,W4
82,39.61743764,Pre-chorus,Adam Levine,M,Main,S,141.879,324.932,386.809,398.52225,502.269,E3,L1,W4
82,58.81802721,Chorus,Adam Levine,M,Main,S,147.445,194.66275,199.096,220.71125,296.786,E3,L1,W4
82,68.28929705,Dance Chorus,Adam Levine,M,Main,S,184.288,350.744,370.061,389.985,396.869,E1,L1,W2
82,87.60045352,Verse,Adam Levine,M,Main,S,161.428,218.6295,245.425,336.9535,449.253,E3,L1,W4
82,106.7550113,Pre-chorus,Adam Levine,M,Main,S,194.225,326.651,388.919,398.5335,500.224,E3,L1,W4
82,126.0138549,Chorus,Adam Levine,M,Main,S,192.84,294.2745,330.2725,369.943,392.236,E1,L1,W2
82,145.199229,Verse,Kenrick Lamar,M,Feat,R,104.741,189.017,197.002,205.081,348.564,E3,L2,W4
82,164.3860091,Chorus,Adam Levine,M,Main,S,142.276,194.736,198.601,220.61375,315.16,E2,L3,W4
82,183.6224263,Dance Chorus,Adam Levine,M,Main,S,198.62,370.224,392.31,441.4845,588.123,E1,L1,W2