﻿Index,Timestamp,Formal section,Artist,Gender,Function,Delivery,Pitch min,Pitch Q1,Pitch median,Pitch Q3,Pitch max,Environment,Layering,Width
134,0,Intro,O.T. Genasis,M,Main,R,108.316,129.2495,136.4415,146.4395,180.507,E1,L1,W2
134,29.61675737,Chorus,O.T. Genasis,M,Main,R,102.505,184.2965,219.788,294.8555,758.39,E1,L1,W1
134,59.18136054,Verse,O.T. Genasis,M,Main,R,89.954,225.913,259.457,278.052,733.656,E1,L1,W1
134,103.4781633,Chorus,O.T. Genasis,M,Main,R,103.893,184.63675,231.3865,297.63,758.245,E1,L1,W1
134,132.9898639,Verse,Young Dolph,M,Feat,R,139.289,251.326,289.146,320.751,759.283,E1,L1,W1
134,192.0568934,Chorus,Both,,,,,,,,,,,