Index,Timestamp,Formal section,Artist,Gender,Function,Delivery,Pitch min,Pitch Q1,Pitch median,Pitch Q3,Pitch max,Environment,Layering,Width
145,0,Intro,,,,,282.206,342.6115,348.762,350.8085,369.74,,,
145,11.76845833,Verse,Selena Gomez,W,Main,S,171.695,298.673,312.091,348.23125,461.732,E4,L1,W4
145,33.3134375,Pre-chorus,Selena Gomez,W,Main,S,255.929,311.156,323.3285,349.893,406.231,E2,L1,W4
145,44.07575,Chorus,Selena Gomez,W,Main,S,255.966,315.092,347.618,350.764,431.282,E4,L3,W4
145,65.67235417,Verse,Selena Gomez,W,Main,S,177.556,295.856,311.095,322.103,442.686,E4,L1,W4
145,87.24047917,Pre-chorus,Selena Gomez,W,Main,S,230.164,309.652,318.089,349.925,407.233,E4,L1,W4
145,97.9728125,Chorus,Selena Gomez,W,Main,S,229.5,310.83475,321.488,349.78925,424.818,E4,L3,W4
145,130.3831458,Bridge,Selena Gomez,W,Main,S,192.385,309.912,312.047,339.574,624.969,E4,L1,W4
145,141.0728125,Verse,A$AP Rocky,M,Feat,R,111.32,174.349,190.788,201.143,315.294,E1,L1,W2
145,184.3005625,Chorus,Selena Gomez,W,Main,S,230.486,311.60325,342.188,349.608,416.972,E4,L4,W4
145,205.9491667,Outro,,,,,,,,,,,,
145,220.7005625,,,,,,,,,,,,,