Index,Timestamp,Formal section,Artist,Gender,Function,Delivery,Pitch min,Pitch Q1,Pitch median,Pitch Q3,Pitch max,Environment,Layering,Width
140,0,Intro,,,,,,,,,,,,
140,10.05679167,Verse,Ty Dolla $ign,M,Neither,R,141.502,193.482,230.7305,265.35425,478.786,E1,L3,W4
140,68.831875,Verse,MO,W,Neither,S,214.846,275.374,350.604,393.735,482.31,E4,L2,W4
140,88.371375,Chorus,MO,W,Neither,S,279.536,351.47875,388.9685,441.67725,565.278,E1,L5,W5
140,107.9951875,Post-chorus,,,,,,,,,,,,
140,132.44075,Bridge,,,,,,,,,,,,
140,152.0490833,Chorus,MO,W,Neither,S,228.848,386.382,411.174,462.887,569.413,E1,L5,W5
140,171.7965,Outro,MO,W,Neither,S,260.146,350.5945,392.133,465.064,536.586,E4,L1,W5