﻿Index,Timestamp,Formal section,Artist,Gender,Function,Delivery,Pitch min,Pitch Q1,Pitch median,Pitch Q3,Pitch max,Environment,Layering,Width
143,0,Intro,,,,,,,,,,,,
143,9.858049887,Chorus,Camila & Normani,,,,,,,,,,,
143,29.10462585,Post-chorus,Kid Ink,M,Feat,R,75.8546,213.6425,250.03,260.951,432.318,E2,L3,W3
143,48.28993197,Verse,Dinah,W,Main,S,194.398,259.113,262.723,279.90375,804.783,E2,L2,W3
143,67.47092971,Pre-chorus,Normani,W,Main,S,255.139,310.27375,312.7805,350.0435,441.677,E1,L3,W5
143,86.65628118,Chorus,Camila & Normani,,,,,,,,,,,
143,105.8722222,Verse,Camila,W,Main,S,125.657,259.73,262.643,312.24,554.681,E2,L2,W3
143,125.071678,Pre-chorus,Ally,W,Main,S,251.308,310.1865,312.754,347.35925,397.688,E1,L3,W5
143,144.2703628,Chorus,Camila & Normani,,,,,,,,,,,
143,163.5005896,Post-chorus,Kid Ink,W,Feat,R,75.7252,223.23575,252.453,260.9425,341.158,E2,L3,W5
143,182.670907,Pre-chorus,Ally & Normani,,,,,,,,,,,
143,201.8287075,Chorus,Camila & Normani,,,,,,,,,,,