﻿Index,Timestamp,Formal section,Artist,Gender,Function,Delivery,Pitch min,Pitch Q1,Pitch median,Pitch Q3,Pitch max,Environment,Layering,Width
187,0,Intro,Jess Glynne,W,Feat,S,189.256,312.62825,365.842,370.97525,440.945,E2,L1,W3
187,16.83063492,Verse,Jess Glynne,W,Feat,S,164.166,265.0675,313.451,356.1935,424.797,E4,L1,W3
187,48.52349206,Pre-chorus,Jess Glynne,W,Feat,S,173.232,230.749,247.1,274.764,320.793,E4,L1,W3
187,64.39,Chorus,Jess Glynne,W,Feat,S,196.596,249.463,277.704,313.6795,559.732,E1,L5,W5
187,80.30256236,Dance Chorus,Jess Glynne,W,Feat,S,302.829,460.522,489.307,500.28325,567.786,E2,L5,W5
187,92.07185941,Link,,,,,,,,,,,,
187,96.05818594,Verse,Jess Glynne,W,Feat,S,125.687,262.14,312.568,370.4135,503.528,E4,L1,W3
187,127.8473469,Pre-chorus,Jess Glynne,W,Feat,S,91.0514,123.4335,210.362,266.29,655.688,E4,L1,W3
187,143.7447392,Chorus,Jess Glynne,W,Feat,S,204.576,250.605,278.494,316.6215,558.607,E1,L5,W5
187,159.614059,Dance Chorus,Jess Glynne,W,Feat,S,253.274,464.2415,489.3545,500.1275,567.424,E2,L5,W5
187,171.4806803,Link,Jess Glynne,W,Feat,S,171.842,248.06625,279.948,303.59875,332.82,E4,L1,W3
187,175.4699093,Bridge,Jess Glynne,W,Feat,S,61.7561,245.57675,275.0575,507.57425,641.816,E4,L5,W5
187,191.3190476,Chorus,Jess Glynne,W,Feat,S,103.575,247.29925,277.6515,379.17975,570.11,E1,L5,W5
187,207.1928345,Dance Chorus,Jess Glynne,W,Feat,S,240.857,478.37425,493.9055,506.3755,722.262,E2,L5,W5
187,219.0270748,Outro,Jess Glynne,W,Feat,S,191.496,246.836,271.9755,295.6565,332.746,E2,L1,W4