﻿Index,Timestamp,Formal section,Artist,Gender,Function,Delivery,Pitch min,Pitch Q1,Pitch median,Pitch Q3,Pitch max,Environment,Layering,Width
15,0,Intro,Bad Bunny,M,Main,S,73.0919,220.479,246.956,274.152,281.635,E4,L1,W4
15,9.929977324,Refrain,Drake,M,Feat,S,180.421,209.33725,245.9185,276.0725,558.478,E1,L1,W2
15,19.84795918,Pre-chorus,Drake,M,Feat,S,168.536,219.62,244.835,276.1875,333.808,E1,L1,W2
15,39.62979592,Chorus,Both,,,,,,,,,,,
15,59.52548753,Verse,Bad Bunny,M,Main,S,148.253,220.50975,248.8865,275.958,330.56,E4,L2,W4
15,89.10045352,Chorus,Bad Bunny,M,Main,S,168.006,219.759,246.033,255.315,448.125,E2,L2,W4
15,108.9164399,Verse,Bad Bunny,M,Main,S,157.663,219.33325,221.398,248.4375,580.48,E2,L1,W4
15,148.5236735,Pre-chorus,Bad Bunny,M,Main,S,169.209,219.81875,245.9195,276.71175,589.344,E1,L1,W2
15,168.2985488,Chorus,Drake,M,Feat,S,181.854,219.973,245.716,248.351,336.293,E1,L1,W2
15,188.0930385,Outro,,,,,,,,,,,,