Index,Timestamp,Formal section,Artist,Gender,Function,Delivery,Pitch min,Pitch Q1,Pitch median,Pitch Q3,Pitch max,Environment,Layering,Width
68,0,Intro,,,,,,,,,,,,
68,9.86380952,Verse,Chris Martin,M,Neither,S,95.5466,143.515,158.7215,181.613,238.471,E3,L1,W4
68,25.8898866,Pre-chorus,Chris Martin,M,Neither,S,103.427,169.41,187.784,220.397,255.095,E1,L4,W5
68,46.8835828,Chorus,Chris Martin,M,Neither,S,113.649,165.18175,195.4265,334.54525,498.859,E1,L4,W4
68,65.4855782,Dance Chorus,Chris Martin,M,Neither,S,94.7344,150.352,297.098,373.618,610.361,E4,L4,W5
68,84.1639002,Verse,Chris Martin,M,Neither,S,93.7718,142.028,152.442,183.205,200.367,E3,L1,W4
68,100.458844,Pre-chorus,Chris Martin,M,Neither,S,136.667,182.6505,196.348,223.34275,376.931,E1,L4,W5
68,121.40424,Dance Chorus,Chris Martin,M,Neither,S,245.783,294.696,333.511,587.268,619.407,E1,L4,W5
68,140.133379,Bridge,Chris Martin,M,Neither,S,124.416,296.23225,332.641,368.902,397.513,E4,L1,W4
68,156.374082,Bridge,Chris Martin,M,Neither,S,183.344,292.18675,329.5035,359.51925,386.795,E1,L4,W5
68,177.36356,Bridge,,,,,,,,,,,,
68,195.980907,Dance Chorus,Chris Martin,M,Neither,S,242.998,295.67,336.06,586.841,606.729,E1,L4,W5
68,233.321202,Outro,,,,,,,,,,,,