Index,Timestamp,Formal section,Artist,Gender,Function,Delivery,Pitch min,Pitch Q1,Pitch median,Pitch Q3,Pitch max,Environment,Layering,Width
139,0,Intro,,,,,,,,,,,,
139,38.0894375,Chorus,Taylor Swift,W,Main,S,225.914,249.29525,330.1705,433.09975,603.099,E4,L4,W5
139,48.685,Verse,Kendrick Lamar,M,Feat,R,139.64,252.14775,276.2805,297.6465,596.234,E1,L2,W4
139,71.28583333,Pre-chorus,Taylor Swift,W,Main,S,303.246,391.37,436.668,490.526,608.697,E4,L1,W4
139,83.29485417,Chorus,Taylor Swift,W,Main,S,222.228,266.53025,331.379,447.95025,645.201,E4,L5,W5
139,105.112125,Verse,Kendrick Lamar,M,Feat,R,153.469,262.86975,276.0285,293.07625,397.214,E1,L3,W4
139,127.7566667,Pre-chorus,Taylor Swift,W,Main,S,307.812,393.4,442.412,506.924,638.547,E4,L1,W4
139,139.769375,Chorus,Taylor Swift,W,Main,S,224.288,296.082,389.745,451.112,599.119,E4,L5,W5
139,161.5700417,Bridge,Taylor Swift,W,Main,S,240.888,377.148,392.846,440.101,511.103,E1,L3,W5
139,187.7878542,Chorus,Taylor Swift,W,Main,S,223.175,315.392,439.238,494.218,663.045,E4,L5,W5