﻿Index,Timestamp,Formal section,Artist,Gender,Function,Delivery,Pitch min,Pitch Q1,Pitch median,Pitch Q3,Pitch max,Environment,Layering,Width
9,0,Intro,,,,,,,,,,,,
9,8.665895692,Verse,Lil Baby,M,Neither,S,173.475,220.739,246.023,257.31875,306.033,E3,L1,W3
9,34.21845805,Chorus,Lil Baby,M,Neither,S,200.68,231.365,245.291,248.587,298.321,E4,L1,W3
9,68.7677551,Verse,Gunna,M,Neither,S,146.681,226.961,245.057,247.622,279.891,E3,L1,W4
9,93.96319728,Chorus,Lil Baby,M,Neither,S,202.832,231.69425,245.27,248.70875,303.318,E4,L1,W3
9,128.0420181,Outro,,,,,,,,,,,,