Index,Timestamp,Formal section,Artist,Gender,Function,Delivery,Pitch min,Pitch Q1,Pitch median,Pitch Q3,Pitch max,Environment,Layering,Width
284,0,Intro,,,,,,,,,,,,
284,17.2766875,Verse,Jason Aldean,M,Main,S,117.478,185.449,203.0485,220.48025,283.808,E1,L1,W2
284,37.23958333,Chorus,Both,,,,,,,,,,,
284,63.94558333,Post-chorus,,,,,,,,,,,,
284,77.22985417,Verse,Kelly Clarkson,W,Feat,S,263.008,380.30425,419.667,495.619,665.799,E1,L1,W2
284,97.30920833,Chorus,Both,,,,,,,,,,,
284,123.9809583,Bridge,Both,,,,,,,,,,,
284,150.6011875,Chorus,Both,,,,,,,,,,,
284,180.5431667,Outro,Both,,,,,,,,,,,