﻿Index,Timestamp,Formal section,Artist,Gender,Function,Delivery,Pitch min,Pitch Q1,Pitch median,Pitch Q3,Pitch max,Environment,Layering,Width
90,0,Intro,,,,,,,,,,,,
90,18.49503401,Refrain,,,,,,,,,,,,
90,36.95115646,Other Link,,,,,,,,,,,,
90,55.44210884,Chorus,Frank Ocean,M,Feat,S,80.3138,163.57025,166.3525,202.231,518.351,E1,L1,W1
90,92.34646259,Verse,Frank Ocean,M,Feat,S,68.3292,163.2255,167.625,196.0715,223.578,E1,L1,W1
90,120.0403401,Verse,Quavo,M,Feat,S,92.3325,166.702,185.267,207.631,281.49,E2,L1,W3
90,147.7092971,Verse,Offset,M,Feat,R,107.637,163.4395,178.7125,197.7305,540.439,E1,L1,W1
90,175.4573243,Chorus,Frank Ocean,M,Feat,S,61.8094,148.067,165.1845,188.95225,519.309,E1,L3,W5
90,212.354263,Refrain,Frank Ocean,M,Feat,S,89.8582,166.782,195.653,249.60875,804.803,E5,L1,W4