﻿Index,Timestamp,Formal section,Artist,Gender,Function,Delivery,Pitch min,Pitch Q1,Pitch median,Pitch Q3,Pitch max,Environment,Layering,Width
294,0,Intro,Chris Brown,M,Feat,S,168.262,232.34025,260.535,261.96825,314.119,E3,L1,W3
294,11.02170068,Chorus,Chris Brown,M,Feat,S,167.966,231.349,257.9445,263.07575,354.139,E3,L1,W3
294,21.96609977,Hook,Both,,,,,,,,,,,
294,32.8492517,Verse,Big Sean,M,Main,R,105.927,142.227,154.297,161.635,261.828,E1,L1,W1
294,76.50965986,Chorus,Chris Brown,M,Feat,S,167.991,228.123,254.13,262.1635,316.187,E3,L1,W3
294,87.42732426,Hook,Both,,,,,,,,,,,
294,109.1848299,Verse,Big Sean,M,Main,R,100.285,133.532,140.822,157.326,211.933,E2,L1,W3
294,152.8772109,Bridge,Both,,,,,,,,,,,
294,174.7222902,Chorus,Both,,,,,,,,,,,
294,185.6267347,Hook,Both,,,,,,,,,,,
294,196.8189116,Verse,Both,,,,,,,,,,,
294,207.3623356,Chorus,Chris Brown,M,Feat,S,171.446,231.2935,257.811,263.014,353.835,E3,L1,W3
294,218.285805,Hook,Both,,,,,,,,,,,
294,240.0935374,Outro,,,,,,,,,,,,