﻿Index,Timestamp,Formal section,Artist,Gender,Function,Delivery,Pitch min,Pitch Q1,Pitch median,Pitch Q3,Pitch max,Environment,Layering,Width
60,0,Chorus,Kendrick Lamar,M,Neither,R,107.301,218.449,234.2285,248.50825,532.671,E2,L2,W4
60,24.87612245,Verse,Jay Rock,M,Neither,R,122.198,174.6455,190.853,215.9215,539.514,E1,L1,W2
60,71.67678005,Chorus A,"Kendrick Lamar, Future",,,,,,,,,,,
60,103.8922222,Bridge,"Jay Rock, Future",,,,,,,,,,,
60,118.5248073,Chorus A,Kendrick Lamar,M,Neither,R,158.012,218.57325,232.4595,244.92875,304.433,E2,L2,W4
60,141.9162132,Link,"Kendrick Lamar, James Blake",,,,,,,,,,,
60,148.9063719,Chorus B,Kendrick Lamar,M,Neither,R,238.807,258.7595,270.0705,283.34475,301.021,E3,L1,W4
60,155.9028571,Verse,Kendrick Lamar,M,Neither,R,159.913,239.4175,249.793,266.9685,311.506,E3,L1,W4
60,211.9341497,Chorus B,Kendrick Lamar,M,Neither,R,156.163,258.2685,274.662,526.613,722.612,E3,L1,W4