Index,Timestamp,Formal section,Artist,Gender,Function,Delivery,Pitch min,Pitch Q1,Pitch median,Pitch Q3,Pitch max,Environment,Layering,Width
219,0,Intro,,,,,,,,,,,,
219,10.99516667,Chorus,Ariana Grande,W,Main,S,200.238,206.875,211.034,214.2345,220.737,E1,L3,W5
219,22.56745833,Verse,Mac Miller,M,Feat,R,172.304,209.33,214.012,220.732,379.119,E2,L1,W4
219,34.20841667,Verse,Ariana Grande,W,Main,S,204.325,407.893,417.811,468.725,631.739,E2,L1,W4
219,57.467125,Pre-chorus,Ariana Grande,W,Main,S,226.397,409.439,420.1365,470.631,553.999,E2,L3,W5
219,74.90333333,Chorus,Ariana Grande,W,Main,S,351.887,419.44825,461.3325,472.99225,558.493,E1,L5,W5
219,86.55072917,Verse,Ariana Grande,W,Main,S,292.951,412.8945,419.496,467.9635,710.884,E2,L2,W4
219,109.7986042,Pre-chorus,Ariana Grande,W,Main,S,268.651,410.527,421.37,471.9385,628.837,E1,L3,W5
219,127.2810208,Chorus,Ariana Grande,W,Main,S,177.099,419.9615,464.177,480.50375,711.044,E1,L5,W5
219,138.9154167,Verse,Mac Miller,M,Feat,R,131.295,205.2435,210.1995,215.73025,344.639,E1,L1,W2
219,162.1207083,Pre-chorus,Ariana Grande,W,Main,S,199.712,311.11375,360.648,468.61375,749.068,E1,L5,W5
219,179.6627083,Chorus,Ariana Grande,W,Main,S,308.184,451.362,468.989,528.9635,1416.76,E1,L5,W5
219,202.9498542,Outro,Ariana Grande,W,Main,S,384.219,421.823,465.108,492.153,562.398,E2,L3,W4