﻿Index,Timestamp,Formal section,Artist,Gender,Function,Delivery,Pitch min,Pitch Q1,Pitch median,Pitch Q3,Pitch max,Environment,Layering,Width
31,0,Intro,,,,,,,,,,,,
31,13.83063492,Chorus,Post Malone,M,Main,S,146.686,165.31,181.34,232.549,249.842,E1,L1,W2
31,41.20732426,Verse,Post Malone,M,Main,S,143.717,174.74425,196.215,235.51075,359.873,E2,L1,W4
31,96.04303855,Chorus,Post Malone,M,Main,S,77.1744,157.35275,176.2235,232.229,325.997,E1,L1,W2
31,123.4803628,Verse,Ty Dolla $ign,M,Feat,S,86.6465,155.97,175.884,196.94,313.82,E2,L1,W4
31,178.3614286,Chorus,Post Malone,M,Main,S,86.5618,156.743,175.346,232.125,318.494,E1,L1,W2
31,205.820907,Outro,,,,,,,,,,,,