Index,Timestamp,Formal section,Artist,Gender,Function,Delivery,Pitch min,Pitch Q1,Pitch median,Pitch Q3,Pitch max,Environment,Layering,Width
281,0,Intro,Vika Jigulina,W,Feat,S,231.49,330.35225,372.585,413.397,493.402,E5,L1,W3
281,49.19002268,Verse,Vika Jigulina,W,Feat,S,231.49,274.5075,280.2485,315.941,393.655,E3,L1,W3
281,64.32351474,Pre-chorus,Vika Jigulina,W,Feat,S,133.816,185.1395,210.2105,296.957,441.752,E1,L3,W1
281,94.64278912,Chorus,Edward Maya,M,Main,S,101.424,185.59925,219.3105,372.97675,491.518,E1,L1,W1
281,124.8037642,Verse,Vika Jigulina,W,Feat,S,107.736,138.71175,275.9355,302.73675,370.815,E3,L1,W3
281,139.865873,Pre-chorus,Vika Jigulina,W,Feat,S,121.702,184.9925,206.1425,250.28675,414.209,E1,L3,W1
281,155.0006349,Bridge,Vika Jigulina,W,Feat,S,203.29,329.88525,411.388,415.10675,443.322,E5,L1,W3
281,185.2500227,Chorus,Edward Maya,M,Main,S,133.286,185.6665,213,327.99275,494.244,E1,L1,W1