﻿Index,Timestamp,Formal section,Artist,Gender,Function,Delivery,Pitch min,Pitch Q1,Pitch median,Pitch Q3,Pitch max,Environment,Layering,Width
38,0,Intro,"Drake, Future",,,,,,,,,,,
38,4.159750567,Verse,Drake,M,Neither,R,89.5924,117.964,125.686,129.333,150.903,E1,L1,W2
38,40.1275737,Chorus,Lil Baby,M,Neither,R,127.117,232.424,251.868,257.667,274.474,E1,L1,W2
38,48.09029479,Verse,Lil Baby,M,Neither,R,175.888,230.9605,238.923,252.88925,273.161,E1,L1,W2
38,80.10988662,Chorus,Lil Baby,M,Neither,R,194.365,232.432,250.095,258.139,278.503,E1,L1,W2
38,104.1241497,Outro,Future,M,Uncredited,R,,,,,,E2,L1,W4