Index,Timestamp,Formal section,Artist,Gender,Function,Delivery,Pitch min,Pitch Q1,Pitch median,Pitch Q3,Pitch max,Environment,Layering,Width
42,0,Intro,Both,,,,,,,,,,,
42,15.40745833,Verse,6ix9ine,M,Main,R,157.776,182.1975,184.845,185.9765,207.827,E1,L1,W1
42,36.292125,Chorus,6ix9ine,M,Main,S,172.629,185.166,188.556,215.9765,239.856,E2,L1,W3
42,42.03327083,Verse,6ix9ine,M,Main,R,173.884,175.965,184.069,185.233,191.833,E1,L1,W1
42,59.1170625,Chorus,6ix9ine,M,Main,S,167.945,184.444,186.219,206.872,236.183,E2,L1,W3
42,64.85704167,Verse,Nicki Minaj,W,Feat,R,152.673,181.36425,186.657,195.602,454.323,E4,L1,W3
42,97.26377083,Chorus,6ix9ine,M,Main,S,157.048,184.51125,188.544,207.0655,237.432,E2,L1,W3
42,102.9622292,Verse,Nicki Minaj,W,Feat,R,130.165,169.26425,184.4725,189.16275,210.806,E1,L1,W1
42,120.0936875,Chorus,Both,,,,,,,,,,,
42,125.7634792,Bridge,6ix9ine,M,Main,R,151.565,183.958,184.762,185.493,392.799,E3,L1,W3
42,148.7101875,Outro,Nicki Minaj,W,Feat,R,128.72,185.766,207.409,242.28,375.472,E2,L1,W3
42,179.392271,,,,,,,,,,,,,