Index,Timestamp,Formal section,Artist,Gender,Function,Delivery,Pitch min,Pitch Q1,Pitch median,Pitch Q3,Pitch max,Environment,Layering,Width
240,0,Intro,,,,,,,,,,,,
240,18.65395833,Verse,Gotye,M,Main,S,92.0872,145.2645,170.173,194.8925,272.052,E1,L1,W1
240,48.47152083,Link,,,,,,,,,,,,
240,63.35010417,Verse,Gotye,M,Main,S,98.8493,144.46275,153.987,191.70775,276.812,E1,L1,W1
240,93.1380625,Chorus,Gotye,M,Main,S,250.772,340.88625,383.562,431.526,538.201,E1,L1,W2
240,137.7630417,Link,,,,,,,,,,,,
240,152.6613542,Verse,Kimbra,W,Feat,S,268.514,345.967,386.2525,431.92,526.839,E1,L1,W1
240,182.5025417,Chorus,Gotye,M,Main,S,109.753,337.5885,381.754,431.2175,529.372,E1,L5,W4
240,227.0549792,Outro,Both,,,,,,,,,,,
240,243.8973125,,,,,,,,,,,,,