﻿Index,Timestamp,Formal section,Artist,Gender,Function,Delivery,Pitch min,Pitch Q1,Pitch median,Pitch Q3,Pitch max,Environment,Layering,Width
39,0,Intro,Anne-Marie,W,Neither,S,143.871,325.5755,482.827,503.232,561.679,E4,L1,W5
39,10.18222222,Verse,Anne-Marie,W,Neither,S,186.271,250.799,264.8,294.842,335.674,E4,L1,W3
39,20.21185941,Refrain,Anne-Marie,W,Neither,S,164.562,218.362,256.701,298.674,445.087,E1,L4,W5
39,30.35730159,Pre-chorus,Anne-Marie,W,Neither,S,217.222,296.978,331.221,428.958,527.218,E1,L5,W5
39,50.60430839,Chorus,Anne-Marie,W,Neither,S,141.679,288.988,294.442,328.836,538.493,E2,L4,W5
39,70.86156463,Verse,Anne-Marie,W,Neither,S,216.411,263.02775,293.9175,327.49275,431.475,E1,L1,W3
39,80.83782313,Refrain,Anne-Marie,W,Neither,S,182.394,219.198,260.322,295.7025,452.021,E1,L4,W5
39,90.90714286,Pre-chorus,Anne-Marie,W,Neither,S,142.718,299.283,333.113,434.662,526.344,E1,L5,W5
39,111.185873,Chorus,Anne-Marie,W,Neither,S,190.663,289.429,294.37,328.174,503.677,E2,L4,W5
39,131.4573016,Bridge,Anne-Marie,W,Neither,S,153.704,257.5445,294.01,327.4925,806.514,E1,L1,W3
39,151.6045351,Pre-chorus,Anne-Marie,W,Neither,S,96.0646,292.781,330.175,425.468,522.036,E2,L5,W5
39,171.7977098,Chorus,Anne-Marie,W,Neither,S,193.457,292.08425,294.8265,328.27225,559.284,E1,L5,W5
39,192.0405215,Outro,Anne-Marie,W,Neither,S,190.176,293.7955,329.543,387.2245,460.343,E3,L1,W3