﻿Index,Timestamp,Formal section,Artist,Gender,Function,Delivery,Pitch min,Pitch Q1,Pitch median,Pitch Q3,Pitch max,Environment,Layering,Width
45,0,Intro,,,,,,,,,,,,
45,14.39367347,Verse,The Weekend,M,Neither,S,138.131,219.6255,246.6795,329.3695,467.828,E4,L1,W4
45,52.53623583,Chorus,The Weekend,M,Neither,S,181.332,329.5425,379.9055,434.72625,498.972,E2,L1,W4
45,71.75206349,Verse,Kendrick Lamar,M,Neither,R,90.3204,216.593,230.714,245.494,520.249,E2,L1,W3
45,109.9143991,Chorus,The Weekend,M,Neither,S,148.988,328.583,379.4825,439.225,498.918,E2,L1,W4
45,129.0289342,Bridge,,,,,,,,,,,,
45,148.0755782,Chorus,The Weekend,M,Neither,S,98.3264,326.4595,339.999,434.6425,499.555,E4,L1,W4
45,167.2431746,Post-chorus,Both,,,,,,,,,,,
45,186.3976871,Outro,,,,,,,,,,,,