﻿Index,Timestamp,Formal section,Artist,Gender,Function,Delivery,Pitch min,Pitch Q1,Pitch median,Pitch Q3,Pitch max,Environment,Layering,Width
23,0,Intro,A Boogie wit da Hoodie,M,Main,S,90.4995,109.835,123.2005,202.7845,262.282,E5,L1,W4
23,10.35823129,Chorus,A Boogie wit da Hoodie,M,Main,S,101.533,112.6655,123.456,134.528,265.827,E2,L2,W4
23,32.25027211,Verse,A Boogie wit da Hoodie,M,Main,S,96.79,138.11375,219.0805,247.317,329.05,E2,L2,W4
23,72.26873016,Chorus,A Boogie wit da Hoodie,M,Main,S,97.9333,113.0075,123.6235,135.88825,277.427,E2,L2,W4
23,92.97131519,Verse,6ix9ine,M,Feat,R,109.663,311.2915,327.4355,339.49175,382.969,E1,L1,W1
23,113.528322,Verse,A Boogie wit da Hoodie,M,Main,S,191.213,246.292,248.8005,274.373,344.972,E1,L4,W5
23,123.8704989,Verse,6ix9ine,M,Feat,R,122.065,305.04975,322.513,334.53,404.889,E1,L2,W3
23,134.2543764,Chorus,A Boogie wit da Hoodie,M,Main,S,94.4897,118.585,123.807,137.07,333.802,E2,L2,W4
23,156.1275057,Verse,A Boogie wit da Hoodie,M,Main,S,96.2362,165.79725,221.29,247.0275,293.291,E4,L1,W5
23,175.4475737,Outro,,,,,,,,,,,,