﻿Index,Timestamp,Formal section,Artist,Gender,Function,Delivery,Pitch min,Pitch Q1,Pitch median,Pitch Q3,Pitch max,Environment,Layering,Width
248,0,Intro,,,,,,,,,,,,
248,5.332993197,Chorus,Bruno Mars,M,Feat,S,107.471,145.0635,147.4765,170.089,230.955,E1,L4,W5
248,23.04947846,Verse,Wiz Khalifa,M,Main,R,125.827,202.478,212.931,220.5425,247.273,E3,L1,W3
248,45.74845805,Verse,Snoop Dogg,M,Main,R,87.8975,118.023,128.746,146.674,214.515,E2,L2,W3
248,65.96319728,Chorus,Bruno Mars,M,Feat,S,103.677,145.56925,147.4555,171.75475,229.005,E1,L4,W5
248,83.68217687,Verse,Wiz Khalifa and Snoop Dogg,,,,,,,,,,,
248,126.5706803,Chorus,Bruno Mars,M,Feat,S,99.0727,145.5645,147.546,174.19675,232.285,E1,L4,W5
248,144.3495238,Bridge,Wiz Khalifa,M,Main,S,112.46,174.968,183.734,186.349,508.37,E3,L2,W3
248,167.0605442,Chorus,Bruno Mars,M,Feat,S,61.8187,285.6115,293.2855,357.722,781.165,E2,L4,W5
248,184.6552608,Outro,,,,,,,,,,,,