﻿Index,Timestamp,Formal section,Artist,Gender,Function,Delivery,Pitch min,Pitch Q1,Pitch median,Pitch Q3,Pitch max,Environment,Layering,Width
184,0,Intro,,,,,,,,,,,,
184,7.55984127,Verse,Ariana Grande,W,Main,S,114.356,235.915,311.769,347.538,618.659,E5,L1,W4
184,22.33206349,Pre-chorus,Ariana Grande,W,Main,S,116.545,245.2425,351.234,424.593,639.496,E5,L1,W4
184,37.07637188,Chorus,Ariana Grande,W,Main,S,230.958,451.47575,466.054,478.684,625.688,E5,L4,W5
184,51.83251701,Dance Chorus,Ariana Grande,W,Main,S,223.734,428.483,464.223,477.444,625.461,E5,L5,W5
184,66.66401361,Other,,,,,,,,,,,,
184,74.01566893,Verse,Ariana Grande,W,Main,S,149.626,294.161,346.029,350.196,591.051,E5,L2,W4
184,88.78331066,Pre-chorus,Ariana Grande,W,Main,S,114.842,235.41425,348.964,396.3895,610.776,E5,L3,W5
184,103.5525624,Chorus,Ariana Grande,W,Main,S,236.035,452.137,466.193,478.916,626.195,E5,L4,W5
184,118.3297052,Dance Chorus,Ariana Grande,W,Main,S,114.091,416.39525,463.604,470.73825,622.235,E5,L5,W5
184,133.127619,Bridge,Ariana Grande,W,Main,S,86.0199,349.953,395.552,481.725,952.022,E5,L2,W4
184,162.8085488,Other,,,,,,,,,,,,
184,166.3801361,Dance Chorus,Ariana Grande,W,Main,S,108.884,234.26925,465.5755,552.3615,1064.05,E5,L5,W5
184,181.1054422,Dance Chorus,Ariana Grande,W,Main,S,116.309,396.627,461.531,468.921,594.53,E5,L5,W5
184,195.9152381,Other,,,,,,,,,,,,