﻿Index,Timestamp,Formal section,Artist,Gender,Function,Delivery,Pitch min,Pitch Q1,Pitch median,Pitch Q3,Pitch max,Environment,Layering,Width
133,0,Intro,Both,,,,,,,,,,,
133,15.28312925,Chorus,Usher,M,Main,S,90.0628,187.2975,215.434,232.8745,255.76,E3,L2,W4
133,45.49614513,Verse,Usher,M,Main,S,101.804,203.726,207.824,228.929,468.421,E3,L2,W4
133,68.17893424,Pre-chorus,Usher,M,Main,S,91.6236,180.477,190.123,234.48,488.783,E3,L2,W4
133,75.81011338,Chorus,Usher,M,Main,S,69.3342,189.2135,219.775,233.247,429.435,E3,L2,W4
133,105.9754875,Verse,Usher,M,Main,S,115.162,202.0575,208.958,231.6625,456.996,E3,L2,W4
133,128.6314059,Pre-chorus,Usher,M,Main,S,150.494,181.041,185.923,237.093,462.592,E3,L2,W4
133,136.2305442,Chorus,Usher,M,Main,S,69.4675,199.8595,218.224,233.1335,455.174,E3,L2,W4
133,166.3942857,Verse,Young Thug,M,Feat,R,143.046,207.934,231.807,267.00675,756.559,E3,L2,W4
133,211.8633107,Chorus,Usher,M,Main,S,76.296,186.915,220.914,232.855,244.632,E3,L2,W4