﻿Index,Timestamp,Formal section,Artist,Gender,Function,Delivery,Pitch min,Pitch Q1,Pitch median,Pitch Q3,Pitch max,Environment,Layering,Width
163,0,Verse,Jennifer Lawrence,W,Feat,S,195.695,217.51575,221.028,269.67,302.777,E1,L1,W1
163,11.97090703,Chorus,Jennifer Lawrence,W,Feat,S,182.48,218.23775,222.281,283.06925,330.166,E1,L1,W2
163,22.60961451,Verse,Jennifer Lawrence,W,Feat,S,184.961,219.265,269.725,290.461,317.421,E1,L1,W3
163,33.76596372,Chorus,Jennifer Lawrence,W,Feat,S,179.226,213.66875,220.738,289.02275,392.776,E1,L1,W4
163,45.0414966,Verse,Jennifer Lawrence,W,Feat,S,63.8787,214.486,222.057,261.638,301.248,E1,L1,W5
163,55.87213152,Chorus,Jennifer Lawrence,W,Feat,S,157.523,214.6775,221.045,271.169,324.22,E1,L1,W6
163,66.57077098,Verse,Jennifer Lawrence,W,Feat,S,186.59,220.60075,267.8955,289.498,310.372,E1,L1,W7
163,76.14562358,Chorus,Jennifer Lawrence,W,Feat,S,181.321,210.9375,220.0045,280.96775,396.539,E1,L1,W8
163,85.88124717,Verse,Jennifer Lawrence,W,Feat,S,62.9497,212.08,219.865,261.4525,296.148,E1,L1,W9
163,95.46124717,Chorus,Jennifer Lawrence,W,Feat,S,182.923,212.375,219.574,263.914,320.498,E2,L1,W10
163,105.0612472,Verse,"Jennifer Lawrence, Choir",,,,,,,,,,,
163,114.4152608,Chorus,Choir,,,,,,,,,,,
163,124.1009977,Verse,Choir,,,,,,,,,,,
163,133.6409524,Chorus,Choir,,,,,,,,,,,
163,143.2287528,Bridge,,,,,,,,,,,,
163,162.3429705,Verse,Choir Aahs,,,,,,,,,,,
163,171.9480272,Chorus,Choir Aahs,,,,,,,,,,,
163,181.6041723,Verse,Choir Aahs,,,,,,,,,,,
163,191.1595011,Chorus,Choir Aahs,,,,,,,,,,,
163,200.804898,Outro,Choir Aahs,,,,,,,,,,,