Index,Timestamp,Formal section,Artist,Gender,Function,Delivery,Pitch min,Pitch Q1,Pitch median,Pitch Q3,Pitch max,Environment,Layering,Width
243,0,Chorus,Sia,W,Feat,S,184.511,349.046,390.6295,410.11375,656.814,E2,L1,W4
243,31.29083333,Verse,Flo Rida,M,Main,R,162.382,230.16025,236.585,244.00225,398.524,E1,L3,W5
243,61.59175,Chorus,Sia,W,Feat,S,235.265,349.83175,391.1325,409.34425,633.021,E2,L3,W4
243,91.76664583,Verse,Flo Rida,M,Main,R,121.655,206.2555,214.9865,241.08675,311.52,E1,L3,W5
243,123.9227083,Chorus,Sia,W,Feat,S,182.61,349.809,390.848,399.058,615.895,E2,L5,W4
243,154.1982708,Bridge,Sia,W,Feat,S,131.512,259.91625,267.59,310.8585,420.933,E1,L3,W4
243,169.2630417,Bridge,Flo Rida,M,Main,S,154.718,196.6675,207.6,209.0925,265.439,E1,L4,W5
243,184.3218542,Chorus,Sia,W,Feat,S,147.612,195.3735,278.4705,391.28275,564.651,E2,L5,W4
243,214.6233958,Outro,Sia,W,Feat,S,131.608,230.44,261.647,308.62,362.614,E1,L3,W4