﻿Index,Timestamp,Formal section,Artist,Gender,Function,Delivery,Pitch min,Pitch Q1,Pitch median,Pitch Q3,Pitch max,Environment,Layering,Width
168,0,Intro,Nicky,M,Neither,S,137.305,175.692,208.495,232.9525,240.343,E3,L1,W3
168,10.71301587,Verse,Both,,,,,,,,,,,
168,32.06315193,Pre-chorus,Both,,,,,,,,,,,
168,53.42979592,Chorus,Both,,,,,,,,,,,
168,74.73340136,Verse,Both,,,,,,,,,,,
168,96.0939229,Pre-chorus,Both,,,,,,,,,,,
168,117.3956689,Chorus,Both,,,,,,,,,,,
168,138.7808844,Bridge,Both,,,,,,,,,,,
168,160.014127,Chorus,Both,,,,,,,,,,,
168,181.4479138,Outro,Both,,,,,,,,,,,