﻿Index,Timestamp,Formal section,Artist,Gender,Function,Delivery,Pitch min,Pitch Q1,Pitch median,Pitch Q3,Pitch max,Environment,Layering,Width
261,0,Intro,Redfoo,M,Main,R,188.292,349.225,374.041,600.67925,798.19,E5,L3,W4
261,29.56730159,Chorus,Redfoo,M,Main,S,68.4683,138.847,205.234,261.331,607.2,E3,L3,W5
261,59.12054422,Dance Chorus,,,,,,,,,,,,
261,73.88673469,Verse,SkyBlu,M,Main,R,83.0778,164.50825,182.4145,220.63825,600.747,E1,L2,W4
261,88.63090703,Verse,Redfoo,M,Main,R,184.719,239.91675,262.0535,295.14375,359.473,E3,L1,W4
261,103.3461905,Chorus,Redfoo,M,Main,S,61.9363,155.263,208.2895,264.46775,697.172,E3,L3,W5
261,133.0398186,Other,Redfoo,M,Main,S,117.228,163.536,173.136,177.6525,220.843,E1,L1,W1
261,136.5846485,Dance Chorus,,,,,,,,,,,,
261,151.3945125,Verse,Redfoo,M,Main,R,116.816,172.592,200.953,227.5265,341.923,E3,L3,W4
261,166.2335601,Bridge,Lauren Bennett,W,Feat,S,170.243,315.643,348.032,352.707,624.494,E3,L3,W5
261,196.1454195,Chorus,Redfoo and Lauren Bennett,,,,,,,,,,,
261,210.4886168,Dance Chorus,All,,,,,,,,,,,
261,225.2580272,Other,Redfoo,M,Main,S,114.982,165.068,175.066,211.349,355.639,E1,L1,W1
261,228.9362812,Outro,,,,,,,,,,,,