﻿Index,Timestamp,Formal section,Artist,Gender,Function,Delivery,Pitch min,Pitch Q1,Pitch median,Pitch Q3,Pitch max,Environment,Layering,Width
253,0,Intro,Pitbull,M,Main,Spoken,132.8,237.126,302.6395,460.356,792.08,E5,L1,W5
253,16.26952381,Verse,Pitbull,M,Main,R,152.175,235.8975,263.3575,273.51525,394.035,E1,L4,W5
253,32.22052154,Chorus,Chris Brown,M,Feat,S,136.509,293.342,348.856,391.9895,417.672,E1,L4,W5
253,52.27478458,Verse,Pitbull,M,Main,R,126.444,233.66575,249.2675,259.50875,353.65,E1,L4,W5
253,76.25002268,Chorus,Chris Brown,M,Feat,S,133.447,293.97,349.448,392.197,798.858,E1,L4,W5
253,96.269161,Verse,Pitbull,M,Main,R,182.268,234.745,247.718,263.713,352.724,E1,L4,W5
253,120.2620635,Chorus,Chris Brown,M,Feat,S,129.254,291.1295,349.3305,391.888,483.422,E1,L4,W5
253,140.2579819,Bridge,Chris Brown,M,Feat,S,64.526,260.957,307.943,351.7505,805.281,E3,L1,W4
253,164.284127,Chorus,Chris Brown,M,Feat,S,86.4543,259.927,337.87,391.202,680.297,E1,L4,W5
253,184.2623129,Chorus,Chris Brown,M,Feat,S,121.308,308.35275,349.5325,391.774,423.547,E1,L4,W5
253,204.4010658,Outro,Outro,,,,,,,,,,,