﻿Index,Timestamp,Formal section,Artist,Gender,Function,Delivery,Pitch min,Pitch Q1,Pitch median,Pitch Q3,Pitch max,Environment,Layering,Width
26,0,Intro,Megan Thee Stallion,W,Main,R,140.695,199.1345,215.136,233.322,261.931,E1,L1,W2
26,14.74632653,Verse,Megan Thee Stallion,W,Main,R,118.391,198.07875,225.4505,255.34625,339.09,E1,L2,W2
26,44.29900227,Chorus,Megan Thee Stallion,W,Main,R,145.84,200.925,219.252,236.043,312.373,E1,L3,W4
26,73.8953288,Verse,DaBaby,M,Feat,R,63.3992,136.916,154.76,172.0735,253.673,E2,L1,W4
26,103.3754422,Chorus,Megan Thee Stallion,W,Main,R,143.85,200.19825,221.3795,236.53925,311.862,E1,L3,W4
26,132.9387302,Verse,Megan Thee Stallion,W,Main,R,148.013,221.262,235.437,253.2555,384.68,E1,L2,W2
26,162.4656463,Chorus,Megan Thee Stallion,W,Main,R,147.194,200.1675,221.671,236.2185,315.46,E1,L3,W4