﻿Index,Timestamp,Formal section,Artist,Gender,Function,Delivery,Pitch min,Pitch Q1,Pitch median,Pitch Q3,Pitch max,Environment,Layering,Width
64,0,Intro,Justin Timberlake,M,Main,S,76.9405,182.38925,259.4,265.398,471.768,E1,L1,W1
64,39.6929932,Verse,Justin Timberlake,M,Main,S,112.892,170.968,178.419,234.843,390.595,E1,L4,W5
64,54.62904762,Pre-chorus,Both,,,,,,,,,,,
64,69.39303855,Chorus,Both,,,,,,,,,,,
64,89.15782313,Post-chorus,Both,,,,,,,,,,,
64,99.11172336,Verse,Chris Stapleton,M,Feat,S,75.104,204.81125,261.2525,301.757,393.294,E1,L4,W5
64,123.8905215,Pre-chorus,Both,,,,,,,,,,,
64,138.6014966,Chorus,Both,,,,,,,,,,,
64,158.4360091,Post-chorus,Both,,,,,,,,,,,
64,178.328254,Refrain,Both,,,,,,,,,,,
64,207.9747619,Chorus,Both,,,,,,,,,,,
64,227.6938549,Post-chorus,Both,,,,,,,,,,,
64,247.5689342,Refrain,Both,,,,,,,,,,,