Index,Timestamp,Formal section,Artist,Gender,Function,Delivery,Pitch min,Pitch Q1,Pitch median,Pitch Q3,Pitch max,Environment,Layering,Width
103,0,Intro,,,,,,,,,,,,
103,8.675979167,Verse,Maroon 5,M,Main,S,138.051,232.619,234.941,290.899,300.397,E3,L1,W3
103,26.2175625,Pre-chorus,Maroon 5,M,Main,S,221.199,233.5485,261.033,291.184,351.931,E2,L3,W5
103,43.62683333,Chorus,Maroon 5,M,Main,S,223.632,350.7035,465.447,521.70125,597.346,E3,L3,W5
103,61.1528125,Verse,SZA,W,Feat,S,192.197,232.97825,235.043,293.856,395.8,E4,L1,W4
103,78.62145833,Pre-chorus,Maroon 5,M,Main,S,211.842,233.629,261.288,291.583,350.974,E2,L3,W5
103,96.0359375,Chorus,Maroon 5,M,Main,S,224.795,352.71025,465.4175,524.60525,605.181,E3,L1,W4
103,113.5039792,Post-chorus,Both,,,,,,,,,,,
103,130.9491042,Bridge,Both,,,,,,,,,,,
103,159.3485,Chorus,Both,,,,,,,,,,,
103,194.2449167,Outro,,,,,,,,,,,,
103,213.246958,,,,,,,,,,,,,