﻿Index,Timestamp,Formal section,Artist,Gender,Function,Delivery,Pitch min,Pitch Q1,Pitch median,Pitch Q3,Pitch max,Environment,Layering,Width
324,0,Intro,,,,,,,,,,,,
324,4.773219955,Verse,Martin Johnson,M,Main,S,78.5838,162.194,165.05,195.908,269.739,E1,L1,W1
324,33.89204082,Chorus,Both,,,,,,,,,,,
324,71.40603175,Verse,Both,,,,,,,,,,,
324,101.3443991,Chorus,Both,,,,,,,,,,,
324,135.1524036,Bridge,,,,,,,,,,,,
324,150.1336735,Verse,Both,,,,,,,,,,,
324,161.3345805,Chorus,Both,,,,,,,,,,,
324,225.1357823,Outro,Both,,,,,,,,,,,