﻿Index,Timestamp,Formal section,Artist,Gender,Function,Delivery,Pitch min,Pitch Q1,Pitch median,Pitch Q3,Pitch max,Environment,Layering,Width
217,0,Intro,,,,,,,,,,,,
217,7.490204082,Verse,John Martin,M,Feat,S,66.7546,138.717,162.66,198.617,305.732,E4,L1,W4
217,37.27201814,Pre-chorus,John Martin,M,Feat,S,209.594,290.7915,295.255,329.524,569.9,E4,L4,W5
217,54.04460318,Chorus,John Martin,M,Feat,S,223.411,248.20625,292.8785,328.567,459.354,E4,L4,W5
217,67.00873016,Dance Chorus,,,,,,,,,,,,
217,100.5394785,Verse,John Martin,M,Feat,S,92.1069,146.28875,165.6865,216.5525,302.784,E4,L1,W4
217,130.2571882,Pre-chorus,John Martin,M,Feat,S,192.931,291.4315,297.8445,329.99975,668.213,E4,L4,W5
217,147.0561451,Chorus,John Martin,M,Feat,S,221.751,269.022,293.348,330.186,554.619,E4,L4,W5
217,160.0713605,Bridge,John Martin,M,Feat,S,260.336,346.024,584.8805,593.1315,746.671,E4,L4,W5
217,174.9249433,Dance Chorus,,,,,,,,,,,,
217,189.8034014,Dance Chorus,John Martin,M,Feat,S,240.314,292.97,294.062,587.587,760.235,E4,L4,W5