﻿Index,Timestamp,Formal section,Artist,Gender,Function,Delivery,Pitch min,Pitch Q1,Pitch median,Pitch Q3,Pitch max,Environment,Layering,Width
18,0,Intro,"Bruno Mars, Gucci Mane",,,,,,,,,,,
18,13.35002268,Chorus,"Bruno Mars, Gucci Mane",,,,,,,,,,,
18,40.23167801,Verse,Gucci Mane,M,Neither,R,111.987,194.393,200.821,214.224,306.501,E1,L2,W3
18,80.4638322,Chorus,"Bruno Mars, Gucci Mane",,,,,,,,,,,
18,107.3480045,Post-chorus,"Bruno Mars, Gucci Mane",,,,,,,,,,,
18,120.7435601,Verse,Kodak Black,M,Neither,R,171.353,224.693,266.917,283.52,570.46,E1,L4,W3
18,160.9739683,Chorus,"Bruno Mars, Kodak Black",,,,,,,,,,,
18,188.044195,Post-chorus,Bruno Mars,M,Neither,S,73.2653,247.068,273.484,331.532,446.552,E2,L5,W5