﻿Index,Timestamp,Formal section,Artist,Gender,Function,Delivery,Pitch min,Pitch Q1,Pitch median,Pitch Q3,Pitch max,Environment,Layering,Width
329,0,Intro,,,,,,,,,,,,
329,12.44244898,Chorus,Drake,M,Feat,S,81.2425,149.12175,156.764,182.96725,321.38,E2,L1,W3
329,48.6114059,Verse,Timbaland,M,Main,R,105.67,148.162,153.716,159.313,209.142,E2,L2,W3
329,96.6131746,Chorus,Drake,M,Feat,S,118.263,152.12125,157.9495,184.7365,584.767,E2,L1,W3
329,132.5881406,Verse,Drake,M,Feat,R,152.152,217.996,228.409,239.258,306.852,E1,L1,W1
329,180.5825624,Chorus,Drake,M,Feat,S,69.0995,147.48225,157.105,184.01125,709.177,E2,L1,W3
329,216.6597279,Outro,,,,,,,,,,,,