﻿Index,Timestamp,Formal section,Artist,Gender,Function,Delivery,Pitch min,Pitch Q1,Pitch median,Pitch Q3,Pitch max,Environment,Layering,Width
75,0,Intro,Swae Lee & Gucci Mane,,,,,,,,,,,
75,26.52714286,Chorus,Swae Lee,M,Main,S,148.886,246.96525,256.128,300.108,521.563,E3,L1,W4
75,52.77272109,Verse,Swae Lee,M,Main,S,187.916,238.642,250.681,287.521,394.452,E3,L1,W4
75,92.11176871,Chorus,Swae Lee,M,Main,S,167.232,246.4435,253.228,295.74275,520.477,E3,L1,W4
75,118.4980045,Verse,Gucci Mane,M,Feat,R,118.649,192.322,199.6025,206.8395,323.982,E3,L2,W4
75,157.9697052,Chorus,Swae Lee,M,Main,S,167.252,246.238,252.499,296.2705,519.692,E3,L1,W4
75,184.2937868,Verse,Slim Jxmmi,M,Main,S,153.033,287.9425,318.68,350.6005,513.526,E3,L1,W4
75,223.7450567,Chorus,Swae Lee,M,Main,S,158.62,246.65775,254.616,299.264,519.198,E3,L1,W4
75,250.0237868,Outro,,,,,,,,,,,,