﻿Index,Timestamp,Formal section,Artist,Gender,Function,Delivery,Pitch min,Pitch Q1,Pitch median,Pitch Q3,Pitch max,Environment,Layering,Width
123,0,Intro,,,,,,,,,,,,
123,15.68986395,Verse,The Weeknd,M,Main,S,128.946,261.307,290.752,293.981,336.358,E3,L1,W4
123,36.31687075,Pre-chorus,The Weeknd,M,Main,S,244.083,294.1885,328.7065,332.29625,442.377,E3,L1,W4
123,56.91272109,Chorus,The Weeknd,M,Main,S,85.9968,244.265,261.439,289.8445,451.486,E4,L4,W5
123,77.60371882,Verse,The Weeknd,M,Main,S,201.689,261.72,291.61,293.9975,333.113,E3,L1,W4
123,98.3076644,Pre-chorus,The Weeknd,M,Main,S,230.95,293.86525,328.409,331.7565,464.959,E3,L1,W4
123,118.8349887,Chorus,The Weeknd,M,Main,S,65.4019,243.736,257.943,290.494,455.175,E4,L4,W5
123,139.5448526,Verse,The Weeknd,M,Main,S,105.134,222.353,249.015,261.592,299.26,E1,L2,W4
123,160.126644,Pre-chorus,The Weeknd,M,Main,S,81.7335,294.6865,328.405,331.8045,442.464,E3,L1,W4
123,180.8902041,Chorus,The Weeknd,M,Main,S,64.9562,243.52375,287.878,326.0845,463.696,E4,L4,W5