Index,Timestamp,Formal section,Artist,Gender,Function,Delivery,Pitch min,Pitch Q1,Pitch median,Pitch Q3,Pitch max,Environment,Layering,Width
32,0,Intro,,,,,,,,,,,,
32,14.74145833,Verse,Cardi B,W,Main,R,169.983,266.15,320.997,349.505,501.929,E1,L3,W2
32,57.16239583,Chorus,Cardi B,W,Main,R,171.02,305.072,346.126,415.184,904.153,E1,L3,W4
32,85.32902083,Verse,Bad Bunny,M,Feat,R,159.681,250.51025,260.4915,262.19875,644.188,E1,L1,W1
32,141.8922917,Chorus,Cardi B,W,Main,R,213.733,289.13725,340.824,415.458,901.23,E1,L3,W4
32,169.9588958,Verse,J Balvin,M,Feat,R,116.737,219.8245,231.9745,233.86025,525.009,E1,L1,W1
32,212.3598333,Bridge,Both,,,,,,,,,,,
32,226.4679583,Chorus,Cardi B,W,Main,R,203.968,233.545,349.859,394.3975,822.723,E1,L3,W4
32,240.6273333,Outro,,,,,,,,,,,,