Index,Timestamp,Formal section,Artist,Gender,Function,Delivery,Pitch min,Pitch Q1,Pitch median,Pitch Q3,Pitch max,Environment,Layering,Width
97,0,Intro,Nicki Minaj,W,Feat,R,81.3034,91.2352,206.599,221.53,237.754,E2,L1,W3
97,8.406770833,Verse,Jason Derulo,M,Main,S,151.969,190.93525,208.8455,245.45825,452.063,E2,L1,W3
97,27.98629167,Pre-chorus,Jason Derulo,M,Main,S,189.775,409.606,487.425,517.0585,743.751,E1,L2,W3
97,37.88858333,Chorus,Jason Derulo,M,Main,S,68.6292,182.07275,184.798,187.9925,428.45,E1,L5,W5
97,57.3945625,Post-chorus,Jason Derulo,M,Main,S,182.021,189.41225,201.193,208.34325,299.45,E1,L1,W1
97,67.20360417,Verse,Ty Dolla $ign,M,Feat,R,61.767,140.155,244.508,274.645,414.24,E2,L1,W3
97,96.57272917,Pre-chorus,Jason Derulo,M,Main,S,189.698,410.08375,491.748,545.02675,749.284,E1,L2,W3
97,106.37625,Chorus,Jason Derulo,M,Main,S,79.7593,183.28525,185.0065,190.15225,422.566,E1,L5,W5
97,125.9409583,Post-chorus,Jason Derulo,M,Main,S,121.608,183.645,197.171,207.748,416.099,E1,L1,W1
97,135.7508542,Verse,Nicki Minaj,W,Feat,R,146.275,176.984,192.989,215.0355,421.766,E4,L2,W3
97,165.1638333,Pre-chorus,Jason Derulo,M,Main,S,208.189,413.1415,495.495,555.151,828.305,E1,L2,W3
97,175.0302292,Chorus,Both,,,,,,,,,,,
97,194.5695417,Post-chorus,Both,,,,,,,,,,,
97,218.4830625,,,,,,,,,,,,,