﻿Index,Timestamp,Formal section,Artist,Gender,Function,Delivery,Pitch min,Pitch Q1,Pitch median,Pitch Q3,Pitch max,Environment,Layering,Width
311,0,Intro,,,,,,,,,,,,
311,15.24315193,Chorus,Both,,,,,,,,,,,
311,45.21632653,Verse,Flo Rida,M,Main,S,99.1789,260.253,261.537,262.802,300.332,E1,L4,W5
311,75.28079365,Chorus,Both,,,,,,,,,,,
311,105.2021995,Verse,Flo Rida,M,Main,S,96.4059,257.3645,261.127,262.1115,315.547,E1,L4,W5
311,135.21839,Chorus,Both,,,,,,,,,,,
311,165.2199546,Bridge,Flo Rida,M,Main,S,109.791,257.76525,260.924,263.34075,322.308,E1,L4,W5
311,195.1870295,Chorus,Both,,,,,,,,,,,