Index,Timestamp,Formal section,Artist,Gender,Function,Delivery,Pitch min,Pitch Q1,Pitch median,Pitch Q3,Pitch max,Environment,Layering,Width
93,0,Intro,,,,,,,,,,,,
93,31.11725,Verse,Pharrell Williams,M,Neither,S,214.399,300.1775,330.5725,406.22575,592.773,E1,L3,W2
93,50.13858333,Pre-chorus,Pharrell Williams,M,Neither,S,205.69,258.2455,336.689,371.76,443.384,E1,L3,W2
93,69.10760417,Chorus,Katy Perry,W,Neither,S,241.883,309.3435,367.539,390.1115,502.52,E1,L1,W1
93,88.1033125,Verse,Pharrell Williams,M,Neither,S,142.921,288.1865,310.235,333.1675,513.557,E1,L3,W2
93,107.1656667,Pre-chorus,Pharrell Williams,M,Neither,S,205.521,269.341,336.552,372.3705,444.381,E1,L3,W2
93,126.2163958,Chorus,Katy Perry,W,Neither,S,127.212,303.5175,364.808,387.4595,502.536,E1,L1,W1
93,145.2132292,Verse,Big Sean,M,Neither,R,100.356,149.2495,163.005,173.5395,377.256,E1,L1,W1
93,183.4804792,Chorus,Both,,,,,,,,,,,
93,222.6742708,,,,,,,,,,,,,