﻿Index,Timestamp,Formal section,Artist,Gender,Function,Delivery,Pitch min,Pitch Q1,Pitch median,Pitch Q3,Pitch max,Environment,Layering,Width
226,0,Intro,,,,,,,,,,,,
226,2.900362812,Verse,Florence Welch,W,Feat,S,191.804,262.7225,290.7885,323.65775,748.941,E4,L1,W4
226,32.97097506,Chorus,Florence Welch,W,Feat,S,222.939,370.211,434.892,484.77,686.375,E2,L2,W4
226,62.91623583,Dance Chorus,,,,,,,,,,,,
226,78.02147392,Verse,Florence Welch,W,Feat,S,178.319,255.054,279.407,309.503,705.876,E4,L1,W4
226,107.9006122,Chorus,Florence Welch,W,Feat,S,223.35,369.9365,434.004,483.771,690.348,E2,L2,W4
226,138.0019955,Dance Chorus,,,,,,,,,,,,
226,152.995737,Bridge,Florence Welch,W,Feat,S,216.551,410.02025,462.748,476.08525,618.108,E2,L1,W2
226,175.475102,Dance Chorus,,,,,,,,,,,,
226,190.5393878,Outro,Florence Welch,W,Feat,S,193.994,312.8275,368.17,414.6175,528.758,E1,L3,W5