﻿Index,Timestamp,Formal section,Artist,Gender,Function,Delivery,Pitch min,Pitch Q1,Pitch median,Pitch Q3,Pitch max,Environment,Layering,Width
207,0,Intro,Pharrell Williams and Robin Thicke,,,,,,,,,,,
207,18.2014059,Verse,Robin Thicke,M,Main,S,163.692,273.478,294.82,443.8505,549.407,E3,L1,W3
207,34.20612245,Pre-chorus,Robin Thicke,M,Main,S,181.818,216.55125,236.809,252.839,925.309,E1,L1,W1
207,50.22578231,Chorus,Robin Thicke,M,Main,S,92.2594,199.7705,233.662,299.70625,462.578,E1,L4,W5
207,82.16160998,Verse,Robin Thicke,M,Main,S,165.938,244.948,294.731,420.9275,623.828,E1,L2,W3
207,98.16473923,Pre-chorus,Robin Thicke,M,Main,S,71.9254,209.66,229.8675,244.64025,925.831,E1,L1,W1
207,114.2005442,Chorus,Robin Thicke,M,Main,S,75.2507,196.24425,220.126,283.77375,468.172,E1,L4,W5
207,146.5602721,Verse,T.I.,M,Feat,R,97.3216,175.2075,194.1365,214.788,463.495,E1,L4,W5
207,178.1717007,Bridge,Robin Thicke,M,Main,S,158.333,296.84925,335.6205,375.23,925.515,E3,L1,W3
207,194.1895692,Verse,Robin Thicke,M,Main,S,171.77,253.054,308.314,456.34,609.93,E1,L2,W3
207,210.2017234,Chorus,Robin Thicke,M,Main,S,95.2412,196.981,222.871,296.791,462.768,E1,L4,W5
207,242.1835147,Outro,Pharrell Williams and Robin Thicke,,,,,,,,,,,