Index,Timestamp,Formal section,Artist,Gender,Function,Delivery,Pitch min,Pitch Q1,Pitch median,Pitch Q3,Pitch max,Environment,Layering,Width
52,0,Intro,Both,,,,,,,,,,,
52,14.09904167,Chorus,Cardi B,W,Main,R,168.377,214.285,251.836,286.439,461.716,E2,L1,W3
52,41.98895833,Verse,Cardi B,W,Main,R,158.862,295.2295,329.03,360.7415,459.12,E3,L2,W3
52,69.78366667,Chorus,Cardi B,W,Main,R,93.557,216.688,251.871,284.71,370.914,E2,L1,W3
52,97.63102083,Verse,21 Savage,M,Feat,R,61.8917,98.843225,107.736,110.7745,240.211,E1,L1,W1
52,125.4880625,Chorus,Cardi B,W,Main,R,172.488,210.3455,250.05,284.906,474.296,E2,L1,W3
52,153.3110833,Verse,Cardi B,W,Main,R,166.598,262.78225,313.151,352.66475,439.197,E3,L1,W3
52,181.0915208,Chorus,Cardi B,W,Main,R,173.266,219.308,253.424,286.30625,494.923,E2,L1,W3
52,208.9552292,Outro,,,,,,,,,,,,
52,224.639688,,,,,,,,,,,,,