﻿Index,Timestamp,Formal section,Artist,Gender,Function,Delivery,Pitch min,Pitch Q1,Pitch median,Pitch Q3,Pitch max,Environment,Layering,Width
100,0,Intro,Gucci Mane& Quavo,,,,,,,,,,,
100,13.90038549,Chorus,Quavo,M,Feat,R,114.643,174.887,185.124,206.861,248.729,E1,L1,W2
100,41.36292517,Verse,Takeoff,M,Feat,R,92.7741,184.542,203.892,213.636,291.03,E1,L1,W1
100,96.1930839,Chorus,Quavo,M,Feat,R,116.233,175.017,185.061,206.53725,246.898,E1,L1,W2
100,123.6682086,Verse,Gucci Mane,M,Main,R,99.668,170.63525,186.25,196.8795,392.239,E1,L1,W1
100,178.4463946,Chorus,Quavo,M,Feat,R,115.844,175.255,185.138,206.805,244.45,E1,L1,W2
100,205.9170295,Outro,,,,,,,,,,,,