﻿Index,Timestamp,Formal section,Artist,Gender,Function,Delivery,Pitch min,Pitch Q1,Pitch median,Pitch Q3,Pitch max,Environment,Layering,Width
229,0,Intro,Nicki Minaj,W,Feat,R,114.162,214.684,229.52,239.031,278.602,E1,L2,W3
229,22.13115646,Verse,Alicia Keys,W,Main,S,91.7569,293.813,329.6385,366.442,459.788,E5,L1,W4
229,42.71312925,Pre-chorus,Alicia Keys,W,Main,S,302.634,362.2375,431.829,441.2565,579.752,E5,L1,W4
229,63.59451247,Chorus,Alicia Keys,W,Main,S,180.21,447.1305,521.58,553.4995,598.669,E5,L1,W4
229,86.46868481,Verse,Alicia Keys,W,Main,S,178.202,301.03,331.345,378.466,576.277,E5,L1,W4
229,107.1585034,Pre-chorus,Alicia Keys,W,Main,S,259.045,346.9665,424.4085,440.477,565.249,E5,L1,W4
229,127.9764626,Chorus,Alicia Keys,W,Main,S,266.926,370.266,493.512,552.43,946.418,E5,L2,W4
229,151.0666893,Bridge,Alicia Keys,W,Main,S,146.803,333.432,376.2095,424.32675,563.611,E4,L3,W5
229,171.6531746,Verse,Nicki Minaj,W,Feat,R,104.707,156.61975,166.563,177.90375,496.069,E5,L1,W3
229,192.4620862,Chorus,Alicia Keys,W,Main,S,146.323,331.402,491.4395,551.35725,691.772,E5,L2,W4
229,215.5375964,Outro,Alicia Keys,W,Main,S,136.883,330.095,373.146,441.804,578.909,E4,L3,W5