﻿Index,Timestamp,Formal section,Artist,Gender,Function,Delivery,Pitch min,Pitch Q1,Pitch median,Pitch Q3,Pitch max,Environment,Layering,Width
101,0,Intro,,,,,,,,,,,,
101,12.26047619,Chorus,Both,,,,,,,,,,,
101,49.17555556,Verse,YFN Lucci,M,Main,S,126.476,218.18875,221.8735,245.75075,301.681,E3,L1,W3
101,73.84244898,Chorus,Both,,,,,,,,,,,
101,110.8006122,Verse,PnB Rock,M,Feat,S,129.338,199.5965,221.922,248.266,324.299,E3,L1,W3
101,135.3994558,Chorus,Both,,,,,,,,,,,
101,172.323288,Outro,YFN Lucci,M,Main,S,64.4766,176.90225,196.2535,219.4955,250.249,E3,L1,W3