﻿Index,Timestamp,Formal section,Artist,Gender,Function,Delivery,Pitch min,Pitch Q1,Pitch median,Pitch Q3,Pitch max,Environment,Layering,Width
91,0,Intro,,,,,,,,,,,,
91,7.78015873,Verse,Kane Brown,M,Main,S,80.5813,107.16425,130.1045,131.49475,177.638,E1,L1,W2
91,23.03414966,Pre-chorus,Kane Brown,M,Main,S,97.5123,173.28725,190.034,196.913,293.991,E1,L2,W2
91,30.60857143,Chorus,Both,,,,,,,,,,,
91,61.15680272,Other instrumental,,,,,,,,,,,,
91,68.67712018,Verse,Both,,,,,,,,,,,
91,83.92086168,Chorus,Both,,,,,,,,,,,
91,114.4187755,Post-chorus instrumental,,,,,,,,,,,,
91,129.5939002,Bridge,Both,,,,,,,,,,,
91,139.1496599,Chorus,Both,,,,,,,,,,,
91,169.7297279,Outro,Both,,,,,,,,,,,