﻿Index,Timestamp,Formal section,Artist,Gender,Function,Delivery,Pitch min,Pitch Q1,Pitch median,Pitch Q3,Pitch max,Environment,Layering,Width
116,0,Intro,,,,,,,,,,,,
116,6.80430839,Refrain,Future,M,Main,,,,,,,E3,L1,W4
116,33.40179138,Verse,The Weeknd,M,Feat,S,116.082,157.183,174.262,178.211,266.507,E3,L1,W4
116,86.71975057,Chorus,The Weeknd,M,Feat,S,127.14,165.301,175.2455,195.8605,266.157,E3,L1,W4
116,113.4091837,Verse,Future,M,Main,S,64.2438,157.547,173.955,175.399,258.454,E3,L1,W3
116,180.0306576,Chorus,The Weeknd,M,Feat,S,64.937,155.69,174.273,178.9305,266.163,E3,L1,W4
116,206.7212698,Verse,Future,M,Main,S,140.875,174.42875,195.5,196.511,264.015,E3,L1,W4
116,233.3727438,Bridge,Future,M,Main,R,66.0633,199.14175,397.315,518.235,630.091,E4,L1,W4
116,260.0561224,Link,,,,,,,,,,,,
116,275.4995465,Refrain,Future,M,Main,R,61.7803,73.835375,129.809,131.7605,313.992,E4,L1,W4
116,300.1296145,Outro,,,,,,,,,,,,