Index,Timestamp,Formal section,Artist,Gender,Function,Delivery,Pitch min,Pitch Q1,Pitch median,Pitch Q3,Pitch max,Environment,Layering,Width
317,0,Intro,Trey Songz,M,Main,S,160.08,261.09875,263.5625,311.40925,395.518,E1,L3,W5
317,16.32141667,Chorus,Trey Songz,M,Main,S,152.297,255.511,258.868,286.8525,548.682,E1,L5,W5
317,42.2313125,Verse,Trey Songz,M,Main,S,187.113,259.727,286.746,297.917,331.83,E1,L1,W2
317,55.23589583,Pre-chorus,Trey Songz,M,Main,S,171.543,256.85725,292.482,324.421,411.082,E2,L2,W4
317,68.21979167,Chorus,Trey Songz,M,Main,S,152.026,255.24,258.578,262.329,391.82,E1,L5,W5
317,94.16747917,Verse,Trey Songz,M,Main,S,225.698,276.9185,303.126,312.435,409.752,E2,L1,W2
317,107.1147917,Pre-chorus,Trey Songz,M,Main,S,173.356,260.9775,295.64,363.34975,554.05,E2,L2,W4
317,120.1267083,Chorus,Trey Songz,M,Main,S,152.218,255.087,258.7935,287.60875,580.948,E1,L5,W5
317,146.0659583,Verse,Nicki Minaj,W,Feat,R,169.612,237.7995,258.632,295.7295,464.051,E1,L1,W2
317,197.9605,Chorus,Trey Songz,M,Main,S,173.312,257.58,276.046,352.935,420.095,E1,L5,W5
317,223.8769583,Outro,Both,,,,,,,,,,,