﻿Index,Timestamp,Formal section,Artist,Gender,Function,Delivery,Pitch min,Pitch Q1,Pitch median,Pitch Q3,Pitch max,Environment,Layering,Width
30,0,Intro,,,,,,,,,,,,
30,6.521315193,Verse,Florida Georgia Line,M,Neither,S,97.2644,172.96925,196.006,233.18375,298.061,E1,L1,W2
30,31.41027211,Chorus,Both,,,,,,,,,,,
30,56.33675737,Verse,Both,,,,,,,,,,,
30,81.31750567,Chorus,Both,,,,,,,,,,,
30,106.2360771,Post-chorus,Both,,,,,,,,,,,
30,118.6282993,Bridge,Both,,,,,,,,,,,
30,125.002449,Chorus,Both,,,,,,,,,,,
30,149.9135374,Outro,Both,,,,,,,,,,,