﻿Index,Timestamp,Formal section,Artist,Gender,Function,Delivery,Pitch min,Pitch Q1,Pitch median,Pitch Q3,Pitch max,Environment,Layering,Width
250,0,Intro,,,,,,,,,,,,
250,14.91854875,Verse,Nicki Minaj,W,Feat,S,127.174,245.631,261.3565,262.17125,355.248,E3,L1,W3
250,30.02081633,Pre-chorus,Nicki Minaj,W,Feat,S,191.743,345.457,358.94,392.0065,478.823,E3,L1,W3
250,44.98478458,Other,Nicki Minaj,W,Feat,S,260.964,307.6205,347.518,402.776,526.143,E4,L1,W3
250,52.50428571,Chorus,Nicki Minaj,W,Feat,S,155.651,466.368,515.27,523.422,633.862,E1,L4,W5
250,84.38435374,Verse,Nicki Minaj,W,Feat,S,170.977,260.104,261.911,293.184,395.406,E3,L1,W3
250,99.38988662,Pre-chorus,Nicki Minaj,W,Feat,S,192.357,346.318,361.825,392.092,478.776,E3,L1,W3
250,114.3573243,Other,Nicki Minaj,W,Feat,S,130.112,261.669,311.508,407.393,526.005,E4,L1,W3
250,121.9093651,Chorus,Nicki Minaj,W,Feat,S,239.178,466.549,515.274,523.538,631.987,E1,L4,W5
250,151.8558277,Bridge,Nicki Minaj,W,Feat,S,154.756,311.772,348.595,392.425,527.055,E3,L1,W3
250,166.9060771,Verse,Nicki Minaj,W,Feat,R,186.406,235.444,260.589,312.79525,470.902,E1,L1,W1
250,181.8779365,Chorus,Nicki Minaj,W,Feat,S,260.051,460.57225,469.3415,522.98425,636.015,E1,L4,W5