﻿Index,Timestamp,Formal section,Artist,Gender,Function,Delivery,Pitch min,Pitch Q1,Pitch median,Pitch Q3,Pitch max,Environment,Layering,Width
49,0,Intro,Kendrick Lamar,M,Main,S,85.9728,178.983,246.097,532.7375,593.433,E4,L4,W5
49,7.755804989,Pre-chorus,Zacari,M,Feat,S,71.4582,190.75175,234.2725,290.796,509.66,E4,L1,W3
49,23.02206349,Chorus,Both,,,,,,,,,,,
49,38.23412698,Refrain,Both,,,,,,,,,,,
49,53.51823129,Verse,Kendrick Lamar,M,Main,S,83.0401,173.529,194.867,198.275,227.192,E2,L4,W4
49,83.94414966,Refrain,Both,,,,,,,,,,,
49,99.18222222,Pre-chorus,Zacari,M,Feat,S,72.065,221.96,259.7445,292.18425,442.416,E4,L1,W3
49,114.4856009,Chorus,Both,,,,,,,,,,,
49,129.7190476,Verse,Kendrick Lamar,M,Main,S,158.141,174.9795,215.185,228.4975,442.148,E2,L1,W3
49,160.0982086,Refrain,Both,,,,,,,,,,,
49,175.3585488,Pre-chorus,Zacari,M,Feat,S,72.2488,218.527,239.452,264.251,442.399,E4,L1,W3
49,190.5553968,Chorus,Both,,,,,,,,,,,