﻿Index,Timestamp,Formal section,Artist,Gender,Function,Delivery,Pitch min,Pitch Q1,Pitch median,Pitch Q3,Pitch max,Environment,Layering,Width
21,0,Intro,J. Cole,M,Neither,S,96.9127,185.131,245.999,249.717,336.089,E5,L1,W5
21,19.6806576,Chorus,Travis Scott,M,Neither,S,92.2151,119.66775,123.261,123.83475,148.019,E5,L1,W4
21,39.31430839,Verse,J. Cole,M,Neither,R,109.412,184.71925,210.31,244.9885,330.87,E2,L1,W3
21,88.34707483,Chorus,Travis Scott,M,Neither,S,100.143,122.463,123.392,124.06775,201.102,E5,L1,W4
21,107.8357143,Verse,Young Thug,M,Neither,R,106.995,218.7715,252.34,393.847,542.143,E1,L1,W1
21,156.8468254,Chorus,Travis Scott,M,Neither,S,97.6095,120.992,123.257,123.79925,148.57,E5,L1,W4
21,176.4286848,Outro,Travis Scott,M,Neither,S,73.0743,123.319,195.796,220.264,248.119,E4,L5,W5